ID,Title,Audio Link,Poster Link,Movie Name,Singers,Music Director,Mood,Tags,Downloads,Created At
007f9184-95c5-473d-87d4-073294af777e,"Harish geetha love",https://dfcvrisaejumfpjmalui.supabase.co/storage/v1/object/public/ringtone-files/harish-geetha-love-ethir-neechal-instrumental-1770965491269.mp3,https://image.tmdb.org/t/p/w342/i8ZM9Z8EOFb6sQknTuhsvklDXe6.jpg,"Ethir Neechal","Anirudh ","Anirudh Ravichander",,"Love, Instrumental, Piano",0,2026-02-13T06:51:34.739512+00:00
0083e2a7-e29a-4082-976f-d381999d868e,"Ottayans rage - Ottayan's Rage",https://dfcvrisaejumfpjmalui.supabase.co/storage/v1/object/public/ringtone-files/ottayans-rage-ottayan-s-rage-thudarum-instrumental-1771174988585.mp3,https://image.tmdb.org/t/p/w342/uOTDBabtxHA6szYKQNQe9Y7rFlv.jpg,"Thudarum","Jakes Bejoy","Jakes Bejoy",,"Mass, Instrumental, Guitar",0,2026-02-15T17:03:34.124143+00:00
0094f53a-000a-42bc-adeb-775ea3bb68ec,"Magali",https://dfcvrisaejumfpjmalui.supabase.co/storage/v1/object/public/ringtone-files/magali-magali-magali-vocal-1770962932825.mp3,https://is1-ssl.mzstatic.com/image/thumb/Music115/v4/37/7f/2b/377f2b2e-d529-cc8f-9d64-e86779a045a8/artwork.jpg/600x600bb.jpg,"Magali","Ganesh Chandrasekaran, G. V. Prakash Kumar, Vaishnabi, Mathumetha","Ganesh Chandrasekaran",,"Vocal, Male",0,2026-02-13T06:08:56.583184+00:00
00c710e4-4c84-4075-b278-1c7c99011dae,"Kanmani Nee",https://dfcvrisaejumfpjmalui.supabase.co/storage/v1/object/public/ringtone-files/kanmani-nee-kanmani-nee-kaantha-vocal-1771065317272.mp3,https://image.tmdb.org/t/p/w342/a6A0CvOMUUbQNfgkRSPqf5JMpsU.jpg,"Kaantha","Jhanu Chanthar, Pradeep Kumar, Deepika Karthik Kumar & Sivam","Jhanu Chanthar, Jakes Bejoy",,"Vocal, Male",0,2026-02-14T10:35:22.278272+00:00
00ef45d6-43ae-4cfb-87d8-333160a34554,"unnaale en jeevan theri",https://dfcvrisaejumfpjmalui.supabase.co/storage/v1/object/public/ringtone-files/theri-en-jeevan-unnaale-en-jeevan-theri-1769342495584.mp3,https://image.tmdb.org/t/p/w342/f6BhexotEqO3GejXa3FopBNGL6M.jpg,"Theri","Hariharan, Saindhavi & Vaikom Vijayalakshmi","G. V. Prakash Kumar",,"Love",0,2026-01-25T12:01:49.760581+00:00
0127f4c2-f47f-4c24-8dca-36e603e0f0ea,"Humming - Nee Paartha Vizhigal The Touch of Love",https://dfcvrisaejumfpjmalui.supabase.co/storage/v1/object/public/ringtone-files/humming-nee-paartha-vizhigal-the-touch-of-love-3-1770826805615.mp3,https://image.tmdb.org/t/p/w342/ccHYoV76o9ZFSnPUr0yPSab0oma.jpg,"3","Vijay Yesudas & Swetha Mohan","Anirudh Ravichander",,"Humming, Love",1,2026-02-11T16:34:42.22484+00:00
01ed7945-300b-4b67-8854-0eea6dd47eac,"Upbeat Indie Folk",https://dfcvrisaejumfpjmalui.supabase.co/storage/v1/object/public/ringtone-files/upbeat-indie-folk-upbeat-indie-folk-upbeat-indie-folk-bgm-instrumental-1771417639059.mp3,https://is1-ssl.mzstatic.com/image/thumb/Music125/v4/f8/56/20/f8562052-da00-f794-4125-a0cb374fb159/artwork.jpg/600x600bb.jpg,"Upbeat Indie Folk","","",,"BGM, Instrumental, Guitar, Keyboard",0,2026-02-18T12:27:23.07958+00:00
021193a4-8a37-4a4c-b242-5909c5b8ee7f,"Ah Suduthe En Maname",https://dfcvrisaejumfpjmalui.supabase.co/storage/v1/object/public/ringtone-files/ah-suduthe-en-maname-aan-vocal-1770876412030.mp3,https://is1-ssl.mzstatic.com/image/thumb/Music125/v4/3b/92/c7/3b92c7e4-92eb-dd0f-68d5-b8b5bd357ec6/075679875136.jpg/600x600bb.jpg,"Aan","Soolamangalam Rajalakshmi","Naushad",,"Sad, Vocal, Female",0,2026-02-12T06:06:55.266753+00:00
02a5e18e-7d5d-48ab-95db-b70f55a0ade0,"Anbu's Smart",https://dfcvrisaejumfpjmalui.supabase.co/storage/v1/object/public/ringtone-files/anbu-s-smart-parandhu-po-vocal-1771068409328.mp3,https://image.tmdb.org/t/p/w342/p5nQKLilDQtxAOfoKUL6xFrLLtu.jpg,"Parandhu Po","Santhosh Dhayanidhi, Deepthi Suresh","Santhosh Dhayanidhi, Yuvan Shankar Raja",,"Vocal, Female, Funny",0,2026-02-14T11:26:53.661155+00:00
03126308-b2cf-45c6-9bbe-7b3b1e40b047,"Villan intro",https://dfcvrisaejumfpjmalui.supabase.co/storage/v1/object/public/ringtone-files/villan-intro-gatta-kusthi-1771010128642.mp3,https://image.tmdb.org/t/p/w342/gkKA5pR0Nm0xoqnbfGds7sPdQ4X.jpg,"Gatta Kusthi","","Justin Prabhakaran",,"Intro, Mass",1,2026-02-13T19:15:33.635705+00:00
032335a4-d97c-4f97-8828-f058e92cfce4,"Raman Aandaalum",https://dfcvrisaejumfpjmalui.supabase.co/storage/v1/object/public/ringtone-files/raman-aandaalum-raman-aandaalum-mullum-malarum-vocal-1771129462721.mp3,https://image.tmdb.org/t/p/w342/uPkWTMuTt0VAIYYbaBytxSvRzjn.jpg,"Mullum Malarum","S.P. Balasubrahmanyam & L. R. Anjali","Ilaiyaraaja",,"Mass, Vocal, Male",0,2026-02-15T04:24:24.525973+00:00
0349f373-390a-4423-a6ec-c3d904b3c6d1,"netru naan vayru - Jillahi",https://dfcvrisaejumfpjmalui.supabase.co/storage/v1/object/public/ringtone-files/netru-naan-vayru-jillahi-pookie-vocal-1770834852352.mp3,https://image.tmdb.org/t/p/w342/tOFlJbVwSscOFSIoHxqboSERKaZ.jpg,"Pookie","Vijay Antony & Kharesma Ravichandran","Vijay Antony",,"Love, Vocal, Duet",0,2026-02-11T18:48:46.648871+00:00
0361501b-2099-4eee-a48c-0a9b0778ea33,"Vinnaithaandi Varuvaayaa",https://dfcvrisaejumfpjmalui.supabase.co/storage/v1/object/public/ringtone-files/vinnaithaandi-varuvaayaa-vinnaithaandi-varuvaayaa-ringtone-1764929306543.mp3,https://image.tmdb.org/t/p/w500/icWUNL2GxDgWmI5PQN2RYA2CEbv.jpg,"Vinnaithaandi Varuvaayaa","A.R. Rahman, Karthik & Vivek Agrawal","A.R. Rahman",,"Love, Humming, Male",1,2025-12-05T10:08:27.772863+00:00
03799aca-e490-4941-a98f-fe56649a992b,"New looks",https://dfcvrisaejumfpjmalui.supabase.co/storage/v1/object/public/ringtone-files/new-looks-aaraattu-1771176658184.mp3,https://image.tmdb.org/t/p/w342/qt5zIVjW1ThRhJkSetOFlnySsoW.jpg,"Aaraattu","","Rahul Raj",,"Mass, Cover",0,2026-02-15T17:31:03.808834+00:00
04704120-1c2e-452c-a993-78ac972938c8,"Apna Bana Le Male vocal",https://dfcvrisaejumfpjmalui.supabase.co/storage/v1/object/public/ringtone-files/apna-bana-le-male-vocal-apna-bana-le-bhediya-1771181802853.mp3,https://image.tmdb.org/t/p/w342/iZtq44ZmxBW0E3tAeLG6UdJe9aj.jpg,"Bhediya","Arijit Singh, Sachin-Jigar & Amitabh Bhattacharya","Sachin Sanghvi, Jigar Saraiya",,"Vocal, Male",0,2026-02-15T18:56:48.496036+00:00
04c10de9-4001-4746-9c4d-eea657626725,"Tenu ki dassas",https://dfcvrisaejumfpjmalui.supabase.co/storage/v1/object/public/ringtone-files/tenu-ki-dassas-el-dassas-1769603166505.mp3,https://image.tmdb.org/t/p/w342/2kKMTofgcqqOcaZ09GpWKDWPbJF.jpg,"El Dassas","Sid","T",,"Love, Lo-fi",0,2026-01-28T12:26:22.611082+00:00
0538815d-60dc-4825-835f-6a128a7d31d0,"Yeno Indru",https://dfcvrisaejumfpjmalui.supabase.co/storage/v1/object/public/ringtone-files/yeno-indru-yeno-indru-yeno-indru-vocal-1770958741045.mp3,https://is1-ssl.mzstatic.com/image/thumb/Music221/v4/8a/67/21/8a67213d-6469-eb07-d196-152ace82247b/cover.jpg/600x600bb.jpg,"Yeno Indru","Rakhooo, Anand Kashinath","Rakhooo, Anand Kashinath",,"Love, Vocal, Male",0,2026-02-13T04:59:04.378145+00:00
060ed4c4-ff89-44b1-b6f4-706ef8fa7072,"Marry Me",https://dfcvrisaejumfpjmalui.supabase.co/storage/v1/object/public/ringtone-files/marry-me-marry-me-marry-me-vocal-1770881066511.mp3,https://is1-ssl.mzstatic.com/image/thumb/Music124/v4/1e/95/41/1e9541af-0990-0702-a130-9b870062e8d7/093624941835.jpg/600x600bb.jpg,"Marry Me","G.V. Prakash Kumar","G.V. Prakash Kumar",,"Love, Vocal, Male",0,2026-02-12T07:24:29.877283+00:00
066656af-1eeb-431a-96e7-38c06981ec9b,"Maargan Title Theme - Maargan Title Theme [Original Motion Picture Soundtrack]",https://dfcvrisaejumfpjmalui.supabase.co/storage/v1/object/public/ringtone-files/maargan-title-theme-maargan-title-theme-original-motion-picture-soundtrack-maargan-instrumental-bgm-1771068816984.mp3,https://image.tmdb.org/t/p/w342/sgNetedu19Ar9LkUXGNheh9NL1D.jpg,"Maargan","Vijay Antony","Vijay Antony",,"Instrumental, BGM, Keyboard",0,2026-02-14T11:33:41.283677+00:00
0710f64b-34f4-4b01-8b4a-1db5b4ca7d7e,"170CM",https://dfcvrisaejumfpjmalui.supabase.co/storage/v1/object/public/ringtone-files/170cm-170cm-170cm-vocal-1770957645844.mp3,https://is1-ssl.mzstatic.com/image/thumb/Music126/v4/e6/f5/94/e6f594e2-233e-4f0b-73f9-f9800bf08610/cover.jpg/600x600bb.jpg,"170CM","Paal Dabba","Flameboi",,"Vocal, Male",0,2026-02-13T04:40:51.555062+00:00
07425095-6b44-44b7-86c7-d459b6127405,"Veera veera",https://dfcvrisaejumfpjmalui.supabase.co/storage/v1/object/public/ringtone-files/veera-veera-k-g-f-chapter-1-vocal-1770890558930.mp3,https://image.tmdb.org/t/p/w342/ltHlJwvxKv7d0ooCiKSAvfwV9tX.jpg,"K.G.F: Chapter 1","Ravi basrur","Ravi Basrur, Tanishk Bagchi",,"Mass, Vocal, Female",0,2026-02-12T10:02:43.665689+00:00
07eda46d-4aae-42c1-8e0d-68baa7e603f8,"Angae oli",https://dfcvrisaejumfpjmalui.supabase.co/storage/v1/object/public/ringtone-files/angae-oli-angae-oli-karuppu-samy-vocal-1770920532440.mp3,https://is1-ssl.mzstatic.com/image/thumb/Music4/v4/cf/cc/12/cfcc12b6-05cd-d446-a7f0-8cc89589f53f/888831457701.jpg/600x600bb.jpg,"Karuppu Samy ","Dhaksinamoorthy & Muthu","",,"Devotional, Vocal, Male",0,2026-02-12T18:22:25.661191+00:00
082ace9d-ba6a-458b-9394-1b5a3ab93a14,"Unakkena Naan",https://dfcvrisaejumfpjmalui.supabase.co/storage/v1/object/public/ringtone-files/unakkena-naan-kadhalil-vizhunthen-vocal-1770878572056.mp3,https://image.tmdb.org/t/p/w342/t0YVVam2bmaTbez1pGOmIKWopXH.jpg,"Kadhalil Vizhunthen","Vijay Antony, Divya Spandana Ramya","Vijay Antony",,"Love, Vocal, Male",0,2026-02-12T06:42:54.371381+00:00
08f45f2c-59e2-4810-8365-da078c43f783,"Dynamic Indie Spark ",https://dfcvrisaejumfpjmalui.supabase.co/storage/v1/object/public/ringtone-files/dynamic-indie-spark-dynamic-indie-spark-dynamic-indie-spark-instrumental-1771417056198.mp3,https://images.unsplash.com/photo-1493225457124-a3eb161ffa5f?w=600,"Dynamic Indie Spark ","","",,"Motivational, Instrumental, Guitar, Keyboard",0,2026-02-18T12:17:39.106415+00:00
08fbdb48-4bca-432a-88fb-69543ac59c06,"Aashiqui Aa Gayi",https://dfcvrisaejumfpjmalui.supabase.co/storage/v1/object/public/ringtone-files/aashiqui-aa-gayi-aashiqui-aa-gayi-radhe-shyam-vocal-1771182721246.mp3,https://image.tmdb.org/t/p/w342/szAa23SWNIgJHsvSRyQrvyFT8ef.jpg,"Radhe Shyam","Mithoon & Arijit Singh","Manan Bhardwaj, Mithoon Sharma, Justin Prabhakaran, S. Thaman, Amaal Mallik",,"Vocal, Male",0,2026-02-15T19:12:08.028715+00:00
098edae1-3608-48e1-bfc2-dc5c57720b06,"I Am The Danger Ringtone ",https://dfcvrisaejumfpjmalui.supabase.co/storage/v1/object/public/ringtone-files/coolie-i-am-the-danger-i-am-the-danger-ringtone-humming-vocal-instrumental-remix-8d-audio-dialogue-1769379233734.mp3,https://image.tmdb.org/t/p/w342/kr36awqmziEI5mfUElsHB0pj9zP.jpg,"Coolie","Siddharth Basrur, Anirudh Ravichander & Heisenberg","Anirudh Ravichander",,"Sad, Love, Devotional, Funny, Mass, Motivational, Humming, Vocal, Instrumental, Remix, 8D Audio, Dialogue, Male, Female, Duet, Flute, Violin, Trumpet, Saxophone, Whistle, Guitar, Piano, Drums, Nadaswaram, Veena, Keyboard",0,2026-01-25T22:13:57.37275+00:00
099454fb-564c-4d33-808f-6c5916c49028,"Vaarayo - Vaarayo Vaarayo",https://dfcvrisaejumfpjmalui.supabase.co/storage/v1/object/public/ringtone-files/vaarayo-vaarayo-vaarayo-aadhavan-vocal-1770899904914.mp3,https://image.tmdb.org/t/p/w342/3mtiEDzhYaIAKiPe2AHjZpc4cJc.jpg,"Aadhavan","P. Unnikrishnan, Chinmayi Sripada & Megha","Harris Jayaraj",,"Love, Vocal, Female",0,2026-02-12T12:41:19.737587+00:00
099ab8aa-ffd2-4926-ad05-93ba0a47248d,"Deadpool",https://dfcvrisaejumfpjmalui.supabase.co/storage/v1/object/public/ringtone-files/deadpool-deadpool-dex-meets-dexter-instrumental-1770829293828.mp3,https://is1-ssl.mzstatic.com/image/thumb/Music124/v4/8f/fa/e6/8ffae69f-0d9d-1994-6562-b8ac645d80be/814908025955.jpg/600x600bb.jpg,"Dex Meets Dexter","Famous Dex","Famous Dex",,"Mass, Instrumental, Guitar",0,2026-02-11T17:02:03.564564+00:00
09a5fe7d-a6ac-43a6-97c8-08e9153ac0ea,"Grace over insticts",https://dfcvrisaejumfpjmalui.supabase.co/storage/v1/object/public/ringtone-files/grace-over-insticts-aadukalam-1770987847816.mp3,https://image.tmdb.org/t/p/w342/osU8Egxu2xhS6RwkxDbfOMYjZZ2.jpg,"Aadukalam","G V Prakash ","G. V. Prakash Kumar",,"Mass, Chorus",0,2026-02-13T13:04:13.048744+00:00
0a407f98-f7a9-4757-b7a5-89d4f7f8fe9d,"Time dil ke ",https://dfcvrisaejumfpjmalui.supabase.co/storage/v1/object/public/ringtone-files/time-dil-ke-tune-in-for-love-1769603246607.mp3,https://image.tmdb.org/t/p/w342/7yaF5BOtPjQH8JDSSiVbzdrsWM4.jpg,"Tune in for Love","TJ","Yonrimog",,"Sad, Lo-fi",0,2026-01-28T12:27:42.229343+00:00
0a929d85-171f-453d-bb98-fc562e53ebbd,"Aagaasamum",https://dfcvrisaejumfpjmalui.supabase.co/storage/v1/object/public/ringtone-files/aagaasamum-aagaasamum-maadan-kodai-vizha-vocal-1771332743704.mp3,https://image.tmdb.org/t/p/w342/4WlEM39rC5glXBuGsm5ApqXjbzd.jpg,"Maadan Kodai Vizha","Vibin R, VAISH","Vibin R.",,"Vocal, Female",0,2026-02-17T12:52:28.897177+00:00
0aef74e1-ebd7-4aaa-a38b-3979b52710ea,"Lips are movin",https://dfcvrisaejumfpjmalui.supabase.co/storage/v1/object/public/ringtone-files/lips-are-movin-lips-are-movin-title-deluxe-edition-vocal-1770830428137.mp3,https://is1-ssl.mzstatic.com/image/thumb/Music125/v4/a6/a7/58/a6a75888-4eb5-f292-0eda-a0133a54ce34/dj.stzzlhlw.jpg/600x600bb.jpg,"Title Deluxe Edition","Meghan Trainor","Meghan Trainor",,"Mass, Vocal, Male",0,2026-02-11T17:20:33.630455+00:00
0b03a255-e9a8-4745-adc3-94428e30302d,"First Sight",https://dfcvrisaejumfpjmalui.supabase.co/storage/v1/object/public/ringtone-files/first-sight-first-sight-first-sight-vocal-1770972295071.mp3,https://is1-ssl.mzstatic.com/image/thumb/Music71/v4/2e/16/2e/2e162ed5-e453-9ace-8179-6be260d9386d/886446186283.jpg/600x600bb.jpg,"First Sight","Beatzup Tamizha, Adithya RK, Maanasi G Kannan","Beatzup Tamizha",,"Love, Vocal, Male",0,2026-02-13T08:45:00.610834+00:00
0b056619-e0d7-46fe-b41b-a1e1c20938a2,"En Vaanile",https://dfcvrisaejumfpjmalui.supabase.co/storage/v1/object/public/ringtone-files/en-vaanile-dna-vocal-1771068985442.mp3,https://image.tmdb.org/t/p/w342/xfjUQech7UoIbJnYo1HdGL0Cvv6.jpg,"DNA","Pravin Saivi, Shweta Mohan","Sathyaprakash, Sreekanth Hariharan, Pravin Saivi, Sahi Siva, Anal Akash",,"Vocal, Duet",0,2026-02-14T11:36:30.221809+00:00
0c05ea2d-fcd5-4ee2-aa8e-a0e7c9114d14,"Raaste",https://dfcvrisaejumfpjmalui.supabase.co/storage/v1/object/public/ringtone-files/raaste-u-turn-vocal-1771175526185.mp3,https://image.tmdb.org/t/p/w342/3nyMIlmfknVJRlxETTnuFSuVkGz.jpg,"U-Turn","Asit Tripathy","Jeet Gannguli, Arko Pravo Mukherjee, Sundeep Gosswami",,"Vocal, Male",0,2026-02-15T17:12:14.106402+00:00
0c43ad49-1d48-430f-bc04-9b90b2394112,"Parai",https://dfcvrisaejumfpjmalui.supabase.co/storage/v1/object/public/ringtone-files/parai-parai-parai-vocal-1770883620794.mp3,https://is1-ssl.mzstatic.com/image/thumb/Music122/v4/cf/2f/69/cf2f6988-1fdc-5513-de62-f699b0c4b803/cover.jpg/600x600bb.jpg,"Parai","Sean Roldan, Roja Adithya","Sean Roldan",,"Vocal, Duet",0,2026-02-12T08:07:04.594397+00:00
0c7d6467-8004-44e3-9c58-fa71c7037fff,"Summer Walk",https://dfcvrisaejumfpjmalui.supabase.co/storage/v1/object/public/ringtone-files/summer-walk-summer-walk-summer-walk-instrumental-1771399465780.mp3,https://is1-ssl.mzstatic.com/image/thumb/Music126/v4/81/56/40/81564050-3454-b81b-af7e-f24c74847c6a/bb499415-d77e-4a13-9f39-311fe0b8b906.jpg/600x600bb.jpg,"Summer Walk","","",,"Instrumental, Guitar, Piano, Drums",0,2026-02-18T07:24:32.238181+00:00
0c80f789-4a33-42dc-ab4e-0ca4fab0f6fc,"Koku saiva",https://dfcvrisaejumfpjmalui.supabase.co/storage/v1/object/public/ringtone-files/koku-saiva-muthu-1771122016212.mp3,https://image.tmdb.org/t/p/w342/6tL4ujxvyY6Csxv5sKt0fDsCzf3.jpg,"Muthu","","A.R. Rahman",,"Love, Chorus",2,2026-02-15T02:20:19.877692+00:00
0c8f8a4b-24fa-4758-8804-6b6731d5e995,"Milirum Oliye",https://dfcvrisaejumfpjmalui.supabase.co/storage/v1/object/public/ringtone-files/milirum-oliye-milirum-oliye-gandhi-talks-vocal-1770834629753.mp3,https://image.tmdb.org/t/p/w342/p4iQT3s97T3gQOLhTj0UplzYMOj.jpg,"Gandhi Talks","Mohammad Aslam, A.R. Rahman & krithika Nelson","A.R. Rahman",,"Love, Vocal, Male",0,2026-02-11T18:45:04.202413+00:00
0cacf144-3fbc-411c-84c8-194c22f1114f,"Unnai nan - Unnai Naan",https://dfcvrisaejumfpjmalui.supabase.co/storage/v1/object/public/ringtone-files/unnai-nan-unnai-naan-jay-jay-vocal-1771008335795.mp3,https://image.tmdb.org/t/p/w342/jAOh9rx3ORpvW81BjF9fXHQyvUf.jpg,"Jay Jay","Bharadwaj & Hariharan","Bharadwaj",,"Love, Vocal, Male",0,2026-02-13T18:45:41.03903+00:00
0cf9e66c-b81b-40f1-bf00-41c92efbc5ca,"Andrum Indrum",https://dfcvrisaejumfpjmalui.supabase.co/storage/v1/object/public/ringtone-files/andrum-indrum-andrum-indrum-andrum-indrum-vocal-1770973533085.mp3,https://is1-ssl.mzstatic.com/image/thumb/Music122/v4/69/fd/6f/69fd6f84-c6fa-47cf-088f-a7936fcc8a4b/8902894690676_cover.jpg/600x600bb.jpg,"Andrum Indrum","Keneeshaa","Keneeshaa",,"Mass, Vocal, Female",0,2026-02-13T09:05:40.546054+00:00
0cfde385-219c-4f4f-b3f6-e27e58bf21ed,"azhagho azhaghu (BGM)",https://dfcvrisaejumfpjmalui.supabase.co/storage/v1/object/public/ringtone-files/azhagho-azhaghu-bgm-azhagho-azhaghu-samar-instrumental-1770656100504.mp3,https://image.tmdb.org/t/p/w342/7PRFLHgDXDv7IMmfAdmjfPdBSvE.jpg,"Samar","Yuvan Shankar Raja & Naresh Iyer","Yuvan Shankar Raja",,"BGM, Instrumental, Whistle",0,2026-02-09T16:55:05.039553+00:00
0d68c976-33af-425b-848d-aba701d40421," Dheema",https://dfcvrisaejumfpjmalui.supabase.co/storage/v1/object/public/ringtone-files/dheema-dheema-love-insurance-kompany-vocal-1771064946818.mp3,https://image.tmdb.org/t/p/w342/1IIUWMKzNVvI6YJX8BKE6EJ9bVd.jpg,"Love Insurance Kompany","Anirudh Ravichander","Anirudh Ravichander",,"Vocal, Male",0,2026-02-14T10:29:10.39884+00:00
0d84c695-855e-41e1-b3d4-73521d474151,"O Saathi-Humsafar",https://dfcvrisaejumfpjmalui.supabase.co/storage/v1/object/public/ringtone-files/o-saathi-humsafar-o-saathi-humsafar-o-saathi-humsafar-vocal-1771336755659.mp3,https://is1-ssl.mzstatic.com/image/thumb/Music113/v4/60/a4/00/60a4007c-84e0-512c-6440-1c06d951b1fd/8903431722775_cover.jpg/600x600bb.jpg,"O Saathi-Humsafar","Nikhita Gandhi, Ash King","",,"Love, Vocal, Duet",0,2026-02-17T13:59:20.025161+00:00
0d90d80d-864a-4511-9bfb-4b3fe14a4267,"Un peyaril  - Sirikkadhey",https://dfcvrisaejumfpjmalui.supabase.co/storage/v1/object/public/ringtone-files/un-peyaril-sirikkadhey-remo-vocal-1770832822460.mp3,https://image.tmdb.org/t/p/w342/l8XV1COyzDPgsieFXUYEirz9z0M.jpg,"Remo","Anirudh Ravichander, Arjun Kanungo & Srinidhi Venkatesh","Anirudh Ravichander",,"Love, Vocal, Male",0,2026-02-11T18:15:01.239678+00:00
0dd4c13e-cdf1-4c07-a39f-600c940eeb2e,"Barbaad Reprise - Female",https://dfcvrisaejumfpjmalui.supabase.co/storage/v1/object/public/ringtone-files/barbaad-reprise-female-saiyaara-vocal-1771148724091.mp3,https://image.tmdb.org/t/p/w342/hQBIsi3ZfBYEayMc3GhcEmJVkss.jpg,"Saiyaara","The Rish, Shilpa Rao","Rishabh Kant, Vishal Mishra, Tanishk Bagchi, Faheem Abdullah, Arslan Nizami, Mithoon Sharma, John Stewart Eduri",,"Vocal, Female, Love",0,2026-02-15T09:45:26.641938+00:00
0de7d72c-5ffb-430d-9df6-07710f1a36b7,"Valam Varavendum",https://dfcvrisaejumfpjmalui.supabase.co/storage/v1/object/public/ringtone-files/valam-varavendum-valam-varavendum-valam-varavendum-vocal-1770888142889.mp3,https://is1-ssl.mzstatic.com/image/thumb/Music211/v4/07/e2/6d/07e26dfe-a435-15e4-6446-4771516115a3/0070116e-cb31-4f96-ba36-49e18a04ba9f.jpg/600x600bb.jpg,"Valam Varavendum","Sai Abhyankkar, Sriram Parthasarathy","Sai Abhyankkar, Sriram Parthasarathy",,"Vocal, Male",0,2026-02-12T09:22:26.911119+00:00
0ece3231-4d2b-46b1-964f-7e1bde06d4ba,"Aranmanai 2 Theme Music",https://dfcvrisaejumfpjmalui.supabase.co/storage/v1/object/public/ringtone-files/aranmanai-2-theme-music-aranmanai-2-theme-music-aranmanai-2-bgm-humming-1770879031738.mp3,https://image.tmdb.org/t/p/w342/msZvK0AQ2NsZrz4NF0NXDj9Mfyh.jpg,"Aranmanai 2","Hiphop Tamizha","HipHop Tamizha Adhi, HipHop Tamizha Jeeva",,"BGM, Humming",0,2026-02-12T06:50:35.240916+00:00
0edee866-1c96-4ec6-895e-ac06410a266b,"Papi chulo - Papi Chulo Hard Techno Mix",https://dfcvrisaejumfpjmalui.supabase.co/storage/v1/object/public/ringtone-files/papi-chulo-papi-chulo-hard-techno-mix-papi-chulo-vocal-1770866219070.mp3,https://is1-ssl.mzstatic.com/image/thumb/Music211/v4/53/57/d4/5357d45c-ffa8-45f4-8af3-eba810c6eb2e/8605020128196.png/600x600bb.jpg,"Papi Chulo","Lorna & The Acid Mind","Lorna & The Acid Mind",,"Funny, Vocal, Female",0,2026-02-12T03:17:17.355303+00:00
0f77f8da-7cfc-48f5-b6eb-eeaa13523748,"Jeena Dushwar Ho Gya",https://dfcvrisaejumfpjmalui.supabase.co/storage/v1/object/public/ringtone-files/jeena-dushwar-ho-gya-jeena-dushwar-ho-gya-jeena-dushwar-ho-gya-vocal-1771059014657.mp3,https://is1-ssl.mzstatic.com/image/thumb/Music221/v4/d7/65/fb/d765fb6e-61ae-fc19-4d95-fc4658b1414d/199538852660.jpg/600x600bb.jpg,"Jeena Dushwar Ho Gya","	Shahid Ali Khan","",,"Vocal, Male",0,2026-02-14T08:50:18.464345+00:00
0f7878a7-503d-4a12-b71d-725a738703d3,"Aasai Theeyae",https://dfcvrisaejumfpjmalui.supabase.co/storage/v1/object/public/ringtone-files/aasai-theeyae-aasai-theeyae-thanal-vocal-1771067095822.mp3,https://image.tmdb.org/t/p/w342/5CVSHJZBlTG5xF7UqrWTHquBLtX.jpg,"Thanal","Sathya Prakash, Justin Prabhakaran & Karthik Netha","Justin Prabhakaran",,"Vocal, Male",0,2026-02-14T11:04:59.902567+00:00
106fd411-eafd-4e98-8123-9c6c33858304,"Ghar Kab Aaoge - Diljit Dosanjh - Border 2",https://dfcvrisaejumfpjmalui.supabase.co/storage/v1/object/public/ringtone-files/border-2-main-piche-chod-aaya-duaye-karti-maa-ghar-kab-aaoge-diljit-dosanjh-border-2-1769415053129.mp3,https://image.tmdb.org/t/p/w342/hju9XncHxUxUS1GAJ4YqpdFCa5t.jpg,"Border 2","","John Stewart Eduri",,"",0,2026-01-26T08:10:56.90147+00:00
10971a49-4e19-4817-99da-42671c3cb06b,"Tharpai Murugan entry",https://dfcvrisaejumfpjmalui.supabase.co/storage/v1/object/public/ringtone-files/tharpai-murugan-entry-nedunchaalai-bgm-1771010775706.mp3,https://image.tmdb.org/t/p/w342/vWL5KYpW2tn5jJkhhQKVfC1vBBq.jpg,"Nedunchaalai","","C. Sathya",,"Intro, BGM",0,2026-02-13T19:26:21.864577+00:00
10f59e3a-77b2-4a39-adef-a53a73a9fb94,"Thikku Thikku",https://dfcvrisaejumfpjmalui.supabase.co/storage/v1/object/public/ringtone-files/thikku-thikku-thikku-thikku-dhaam-dhoom-vocal-1770877447914.mp3,https://image.tmdb.org/t/p/w342/xmuDcgC97Tf3P1XxHMHRPC2JO8A.jpg,"Dhaam Dhoom","Harris Jayaraj, Benny Dayal & Sayanora Philip","Harris Jayaraj",,"Love, Vocal, Male",0,2026-02-12T06:24:11.362073+00:00
1144258d-e513-47b8-913b-ba3fdfe7dae1,"jailer villian theme bgm",https://dfcvrisaejumfpjmalui.supabase.co/storage/v1/object/public/ringtone-files/jailer-varman-theme-jailer-villian-theme-bgm-instrumental-1769341954536.mp3,https://image.tmdb.org/t/p/w342/pTmMxAHqX4vsIDE6HPPxOR0Q6TN.jpg,"Jailer","Anirudh Ravichander","Anirudh Ravichander",,"BGM, Instrumental",1,2026-01-25T11:52:49.642714+00:00
116a2e55-504a-4693-a79c-44c5de7e1b3e,"Chhatriwali - Title Track",https://dfcvrisaejumfpjmalui.supabase.co/storage/v1/object/public/ringtone-files/chhatriwali-title-track-chhatriwali-title-track-chhatriwali-vocal-1771180802679.mp3,https://image.tmdb.org/t/p/w342/yj6QBEx3QMMxfz5AqDtFEgvlfSb.jpg,"Chhatriwali","Sunidhi Chauhan & Rohan Rohan","Rohan Gokhale, Mangesh Dhakade, Sumeet Bellary, Durgesh R. Rajbhatt, Rohan Pradhan, Akhil Sachdeva",,"Vocal, Female",0,2026-02-15T18:40:07.436931+00:00
11d749a3-027d-48b1-828f-cb965f7ab947,"Na Na Na Na",https://dfcvrisaejumfpjmalui.supabase.co/storage/v1/object/public/ringtone-files/na-na-na-na-na-na-na-na-na-na-na-na-vocal-1770880413289.mp3,https://is1-ssl.mzstatic.com/image/thumb/Music221/v4/6a/d7/9e/6ad79e66-9401-5f95-9891-1dce8cef44f9/859731511640_cover.jpg/600x600bb.jpg,"Na Na Na Na","Vishnu Edavan, Vivek-Mervin, Mervin Solomon, Vivek Siva","Vivek-Mervin",,"Love, Vocal, Male",0,2026-02-12T07:13:37.667492+00:00
126d277f-effc-420a-b1aa-f862565159a3,"Raayappan bgm",https://dfcvrisaejumfpjmalui.supabase.co/storage/v1/object/public/ringtone-files/bigil-kaalame-raayappan-bgm-instrumental-1769341019887.mp3,https://image.tmdb.org/t/p/w342/s4Yi1RbMyyN3hH2hElwvluP2rOG.jpg,"Bigil","A.R. Rahman & Bamba Bakya","A.R. Rahman",,"BGM, Instrumental",2,2026-01-25T11:37:16.368856+00:00
1294d63a-63a0-4eb6-84f1-e3a03e1f8e95,"Konjam paarthuvidu - Chillena",https://dfcvrisaejumfpjmalui.supabase.co/storage/v1/object/public/ringtone-files/konjam-paarthuvidu-chillena-raja-rani-vocal-1770825181949.mp3,https://image.tmdb.org/t/p/w342/szdy0Tmyc5zrz025JSTWx6EYICR.jpg,"Raja Rani","Clinton Cerejo, Alphonse & Alka","G. V. Prakash Kumar",,"Love, Vocal, Male",0,2026-02-11T16:07:37.095027+00:00
1312aeee-158a-4b16-af82-0717394b304d,"Kanguva BGM - Thalaivane",https://dfcvrisaejumfpjmalui.supabase.co/storage/v1/object/public/ringtone-files/kanguva-bgm-thalaivane-kanguva-1771178215127.mp3,https://image.tmdb.org/t/p/w342/lycbTFBXqFN1kMdPEsnAFutKEEy.jpg,"Kanguva","Aravind Srinivas, Deepak Blue, Shenbagaraj, Narayanan Ravishankar, Govind Prasad, Shibi Srinivasan, Prasanna Adhisesha, Sai Sharan, Vikram Pitty, Abhijith Rao, Aparna Harikumar, Sushmita Narasimhan, Pavithra Chari, Lavita Lobo, Deepthi Suresh, Latha Krishna, Padmaja Sreenivasan & Madhan Karky","Devi Sri Prasad",,"Mass, Intro, BGM",1,2026-02-15T17:57:19.052774+00:00
132cbfea-12e8-4625-8e0a-5659f831b4ef,"Un Mele Oru Kannu Male ",https://dfcvrisaejumfpjmalui.supabase.co/storage/v1/object/public/ringtone-files/un-mele-oru-kannu-male-un-mele-oru-kannu-rajinimurugan-vocal-1770828196891.mp3,https://image.tmdb.org/t/p/w342/5gnfBCXjRbx54mThRqGHislrtZn.jpg,"RajiniMurugan","D. Imman, Jithin Raj & Mahalakshmi Iyer","D. Imman",,"Vocal, Love, Male",0,2026-02-11T16:57:51.833624+00:00
132d0788-57c4-441b-b0c9-2a68fc41552a,"Dekhi jo",https://dfcvrisaejumfpjmalui.supabase.co/storage/v1/object/public/ringtone-files/dekhi-jo-ankhon-dekhi-1769603347948.mp3,https://image.tmdb.org/t/p/w342/yA0pvH3YnlvONPbAdRl0neYpMCo.jpg,"Ankhon Dekhi","K hAs","Sagar Desai",,"Love, Slowed + Reverb",0,2026-01-28T12:29:23.487931+00:00
1384f071-09f3-426d-aabc-3f4232ee72b9,"Wahi Toh Khuda Hai",https://dfcvrisaejumfpjmalui.supabase.co/storage/v1/object/public/ringtone-files/wahi-toh-khuda-hai-wahi-toh-khuda-hai-wahi-toh-khuda-hai-vocal-1771014663293.mp3,https://is1-ssl.mzstatic.com/image/thumb/Music116/v4/b4/48/e2/b448e2e9-57a6-a136-2107-dc3b54c62a56/8903431936400_cover.jpg/600x600bb.jpg,"Wahi Toh Khuda Hai","Mithoon, Armaan Malik","Mithoon",,"Vocal, Male",0,2026-02-13T20:31:07.340983+00:00
139e7a1d-c939-44e2-9196-154de90149c9,"Kadhal vanthum",https://dfcvrisaejumfpjmalui.supabase.co/storage/v1/object/public/ringtone-files/kadhal-vanthum-saravana-vocal-1771006494670.mp3,https://image.tmdb.org/t/p/w342/ngH32R3Fc730M1Tf2pjiDaY3MUC.jpg,"Saravana","","Srikanth Deva",,"Sad, Vocal, Male",3,2026-02-13T18:15:00.569259+00:00
13d591ac-6c9e-40aa-9e25-15973e83e710,"Asku Laska - asku laska piano",https://dfcvrisaejumfpjmalui.supabase.co/storage/v1/object/public/ringtone-files/nanban-asku-laska-asku-laska-piano-1765359164343.mp3,https://image.tmdb.org/t/p/w500/dmhPnvYQVtx4xS1dkA9trCpQXvY.jpg,"Nanban","CHINMAYI & Vijay Prakash","Harris Jayaraj",,"Piano, Instrumental",5,2025-12-10T09:32:47.114133+00:00
141e67ae-d7e3-4228-9e38-3d8fd49f6d3c,"Aanandha Yaazhai",https://dfcvrisaejumfpjmalui.supabase.co/storage/v1/object/public/ringtone-files/aanandha-yaazhai-aanandha-yaazhai-thanga-meenkal-vocal-1770899729843.mp3,https://image.tmdb.org/t/p/w342/bXLqVU2qnKViL3hwDOe45wJucah.jpg,"Thanga Meenkal","Yuvan Shankar Raja & Sriram Parthasarathy","Yuvan Shankar Raja",,"Motivational, Vocal, Male",0,2026-02-12T12:38:23.099+00:00
149c9fa8-e39d-40ed-925f-26ffcf76c7f0,"Jilebae",https://dfcvrisaejumfpjmalui.supabase.co/storage/v1/object/public/ringtone-files/jilebae-jilebae-jilebae-vocal-1770973681834.mp3,https://is1-ssl.mzstatic.com/image/thumb/Music221/v4/cc/28/ea/cc28eac6-94ba-79c4-40b0-cbec307ee8b8/196872940015.jpg/600x600bb.jpg,"Jilebae","Jerard Felix, JWA","Jerard Felix",,"Vocal, Male",0,2026-02-13T09:08:05.98924+00:00
14d9c89b-ef20-4742-a853-aab32db8f84c,"No lie - No Lie feat. Dua Lipa",https://dfcvrisaejumfpjmalui.supabase.co/storage/v1/object/public/ringtone-files/no-lie-no-lie-feat-dua-lipa-no-lie-feat-dua-lipa-vocal-1770830656555.mp3,https://is1-ssl.mzstatic.com/image/thumb/Music112/v4/be/bc/ae/bebcae37-30fc-7a65-1482-8ff978812bd5/16UMGIM78276.rgb.jpg/600x600bb.jpg,"No Lie feat. Dua Lipa","Sean Paul","Sean Paul",,"Love, Vocal, Female",0,2026-02-11T17:24:21.329652+00:00
14f36950-5805-47cb-aa18-ece5ccfe6dd9,"Aadha Main Aadhi Vo The Soul Of Bholaa",https://dfcvrisaejumfpjmalui.supabase.co/storage/v1/object/public/ringtone-files/aadha-main-aadhi-vo-the-soul-of-bholaa-aadha-main-aadhi-vo-the-soul-of-bholaa-bholaa-vocal-1771179786913.mp3,https://image.tmdb.org/t/p/w342/chmbRa3tKFq1KNMoyuU8Vf5hlke.jpg,"Bholaa","Ravi Basrur, B Praak, Irshad Kamil","Ravi Basrur",,"Vocal, Male",0,2026-02-15T18:23:11.989475+00:00
1500a513-5464-4bae-bf0b-ba3f7491a8a5,"Vadachennai theme",https://dfcvrisaejumfpjmalui.supabase.co/storage/v1/object/public/ringtone-files/vadachennai-theme-vada-chennai-instrumental-1770888197386.mp3,https://image.tmdb.org/t/p/w342/4Pa7SriYtq4BdoS2BAPm6w66vLi.jpg,"Vada Chennai","Santhosh Narayanan ","Santhosh Narayanan",,"Mass, Instrumental, Guitar",0,2026-02-12T09:23:22.662382+00:00
150e79c5-ce78-49d0-b5b2-a809c50f25fd,"Tu Aakuri Oyaara - Humnava Mere-Baarish From ""T-Series Mixtape Season 2""",https://dfcvrisaejumfpjmalui.supabase.co/storage/v1/object/public/ringtone-files/tu-aakuri-oyaara-humnava-mere-baarish-from-t-series-mixtape-season-2-humnava-mere-baarish-from-t-series-mixtape-season-2-vocal-1771046625783.mp3,https://is1-ssl.mzstatic.com/image/thumb/Music113/v4/62/29/d2/6229d2b8-0c24-87ec-069c-49500bfbdf3e/8903431722386_cover.jpg/600x600bb.jpg,"Humnava Mere-Baarish From ""T-Series Mixtape Season 2""","Aditya Narayan & Dhvani Bhanushali","Aditya Narayan & Dhvani Bhanushali",,"Love, Vocal, Duet",0,2026-02-14T05:23:49.856248+00:00
1521bed6-ef44-452c-8e8c-8c5a0af3df8a,"Azhage (flute bgm)",https://dfcvrisaejumfpjmalui.supabase.co/storage/v1/object/public/ringtone-files/azhage-flute-bgm-azhage-kathakali-instrumental-1770656651428.mp3,https://image.tmdb.org/t/p/w342/fFPLFLH7rgn0f2k5VhUWgG6G1tn.jpg,"Kathakali","Hiphop Tamizha","HipHop Tamizha Adhi, HipHop Tamizha Jeeva",,"Flute, Instrumental, BGM",0,2026-02-09T17:04:14.935364+00:00
1569177e-57e9-416d-86d2-d6ac209715c1,"Bewafai Yaar Ki",https://dfcvrisaejumfpjmalui.supabase.co/storage/v1/object/public/ringtone-files/bewafai-yaar-ki-bewafai-yaar-ki-bewafai-yaar-ki-vocal-1771063676119.mp3,https://is1-ssl.mzstatic.com/image/thumb/Music221/v4/29/2f/49/292f4958-ac18-2e86-946f-1e5ae47f3ea9/199538823202.jpg/600x600bb.jpg,"Bewafai Yaar Ki","Sapna Awasthi","",,"Vocal, Female",0,2026-02-14T10:08:01.946841+00:00
158f1d77-1df6-495b-95a1-260f47c8d898,"A Square B Square Male - Kannum Kannum Plus",https://dfcvrisaejumfpjmalui.supabase.co/storage/v1/object/public/ringtone-files/a-square-b-square-male-kannum-kannum-plus-100-kaadhal-vocal-1770833725658.mp3,https://image.tmdb.org/t/p/w342/5f8ywBhL3MGuGuLeb3Niui0Et9l.jpg,"100% Kaadhal","G.V. Prakash Kumar & Maalavika Sundar","G. V. Prakash Kumar",,"Vocal, Love, Male",0,2026-02-11T18:30:00.439555+00:00
15d55452-48a6-4ef5-8718-fac35ef6f847,"Home",https://dfcvrisaejumfpjmalui.supabase.co/storage/v1/object/public/ringtone-files/home-bad-girl-vocal-1771067409000.mp3,https://image.tmdb.org/t/p/w342/1vCLv1AyDP5aeNCMJqw7RVCLkSp.jpg,"Bad Girl"," Anjali Sivaraman, Amit Trivedi","Amit Trivedi",,"Vocal, Female",0,2026-02-14T11:10:12.696799+00:00
15df57d9-4ea0-45ea-83e7-5b7368c852d9,"Power Pandi Dhanush love",https://dfcvrisaejumfpjmalui.supabase.co/storage/v1/object/public/ringtone-files/power-pandi-dhanush-love-pa-paandi-vocal-bgm-1771419160900.mp3,https://image.tmdb.org/t/p/w342/g1J7jWk5gTuvycRANLb171kxsGb.jpg,"Pa Paandi","","Sean Roldan",,"Love, Vocal, Duet, BGM",0,2026-02-18T12:55:41.65795+00:00
16016ae4-549e-44af-b43a-3f431e80baa7,"Hey Raasathi Instrumental",https://dfcvrisaejumfpjmalui.supabase.co/storage/v1/object/public/ringtone-files/hey-raasathi-instrumental-hey-raasathi-hey-raasathi-1770975544324.mp3,https://is1-ssl.mzstatic.com/image/thumb/Music221/v4/4d/3b/84/4d3b84c5-dfd3-bd34-4ffd-bbaed40de325/820200131720.jpg/600x600bb.jpg,"Hey Raasathi","Sam Vishal","Samson P Moses",,"Instrumental, Funny, Flute",0,2026-02-13T09:39:08.445391+00:00
160a2fa6-c99e-4d42-ad9d-caa575471b5b,"Villan follows",https://dfcvrisaejumfpjmalui.supabase.co/storage/v1/object/public/ringtone-files/villan-follows-ivan-veramathiri-instrumental-1771011064365.mp3,https://image.tmdb.org/t/p/w342/cXVKVA7cZ0mYCPtYMJ5rRQ5P3Ts.jpg,"Ivan Veramathiri","","C. Sathya",,"Mass, Instrumental, Guitar",0,2026-02-13T19:31:09.918189+00:00
1669becc-606e-4524-ac2e-cfed051f9e92,"Channa Ve Assi Marjawange",https://dfcvrisaejumfpjmalui.supabase.co/storage/v1/object/public/ringtone-files/channa-ve-assi-marjawange-channa-ve-assi-marjawange-mission-majnu-vocal-1771173953886.mp3,https://image.tmdb.org/t/p/w342/jHQitiHK4M561W1O7WwfJ0dJ8S1.jpg,"Mission Majnu","Raj Barman","Ketan Sodha, Tanishk Bagchi, Arko Pravo Mukherjee, Rochak Kohli, Raghav Sachar",,"Vocal, Male",0,2026-02-15T16:45:58.050069+00:00
16afb6af-959f-4f57-98d2-d7cb2eccc454,"Shy shy shy - Shy Shy Avicii Remix",https://dfcvrisaejumfpjmalui.supabase.co/storage/v1/object/public/ringtone-files/shy-shy-shy-shy-shy-avicii-remix-shy-shy-the-vocal-remixes-vocal-1770866820150.mp3,https://is1-ssl.mzstatic.com/image/thumb/Music126/v4/0c/98/a0/0c98a00d-da29-fec0-bf08-d85b2b0969b7/cover.jpg/600x600bb.jpg,"Shy Shy The Vocal Remixes","EDX","EDX",,"Funny, Vocal, Female",0,2026-02-12T03:27:07.241424+00:00
171319c6-062d-4932-86c5-9f84d720195a,"Dil Da Batwara",https://dfcvrisaejumfpjmalui.supabase.co/storage/v1/object/public/ringtone-files/dil-da-batwara-dil-da-batwara-loveyapa-vocal-1771148433839.mp3,https://image.tmdb.org/t/p/w342/ohHiDAwaOo6R1ovMgmUhrBuvknU.jpg,"Loveyapa","Aman Pant, Barbie Rajput","Ketan Sodha, Tanishk Bagchi, Bharath-Hitaarth, Aman Pant, Suyyash Rai, Siddharth Singh, Viplove Rajdeo",,"Love, Vocal, Duet",0,2026-02-15T09:40:38.437831+00:00
1817ed42-842e-439e-8a2d-34b55cb50beb,"Thalakeezhai",https://dfcvrisaejumfpjmalui.supabase.co/storage/v1/object/public/ringtone-files/thalakeezhai-thalakeezhai-thalakeezhai-vocal-1770973900762.mp3,https://is1-ssl.mzstatic.com/image/thumb/Music211/v4/4d/27/4a/4d274a79-b944-65df-fae0-4d3e6b9acb67/196872184655.jpg/600x600bb.jpg,"Thalakeezhai","Jerard Felix, Benny Dayal","Jerard Felix",,"Love, Vocal, Male",0,2026-02-13T09:11:45.490685+00:00
181d5fc1-1d9b-49d9-913a-cab6459e3403,"Kannazhaga (The Kiss of Love) - Moonu bgm violin",https://dfcvrisaejumfpjmalui.supabase.co/storage/v1/object/public/ringtone-files/3-kannazhaga-the-kiss-of-love-moonu-bgm-violin-1765399507012.mp3,https://image.tmdb.org/t/p/w500/ccHYoV76o9ZFSnPUr0yPSab0oma.jpg,"3","Dhanush & Shruti Haasan","Anirudh Ravichander",,"Love, BGM, Instrumental, Violin",39,2025-12-10T20:45:11.128131+00:00
182cff6b-53c0-4203-af59-17e5aa2ec982,"Bol Do Na Zara",https://dfcvrisaejumfpjmalui.supabase.co/storage/v1/object/public/ringtone-files/bol-do-na-zara-bol-do-na-zara-azhar-vocal-1771014290845.mp3,https://image.tmdb.org/t/p/w342/jwvpI85cqfVfs3ioFHu4invTLeI.jpg,"Azhar","Armaan Malik","Pritam Chakraborty, Amaal Mallik",,"Love, Vocal, Male",0,2026-02-13T20:24:54.422399+00:00
1837f0fb-1015-4132-b68c-5e86d9a20c45,"Kadhali",https://dfcvrisaejumfpjmalui.supabase.co/storage/v1/object/public/ringtone-files/kadhali-kadhali-kadhali-vocal-1770972549961.mp3,https://is1-ssl.mzstatic.com/image/thumb/Music49/v4/ff/c8/35/ffc83592-2f0f-8d83-5714-63e87e0dca76/886445691337.jpg/600x600bb.jpg,"Kadhali","Mithun Eshwar, G. V. Prakash Kumar","Mithun Eshwar",,"Love, Vocal, Male",0,2026-02-13T08:49:13.899692+00:00
1865ae92-a3ef-46da-bdb9-05a41021951d,"Naanga Vera maari",https://dfcvrisaejumfpjmalui.supabase.co/storage/v1/object/public/ringtone-files/naanga-vera-maari-naanga-vera-maari-valimai-vocal-1770899490243.mp3,https://image.tmdb.org/t/p/w342/zlh80l4fmOZy8KL34QVBtVjqYFs.jpg,"Valimai","Yuvan Shankar Raja & Anurag Kulkarni","Yuvan Shankar Raja, Ghibran",,"Mass, Vocal, Male",0,2026-02-12T12:34:23.369019+00:00
188064c6-a9f6-4b1c-bac2-d8f56c3be4e8," Mohamutham Tharum",https://dfcvrisaejumfpjmalui.supabase.co/storage/v1/object/public/ringtone-files/mohamutham-tharum-aan-vocal-1770876813211.mp3,https://image.tmdb.org/t/p/w342/5eZzBvETRK8uDz3mUK0Feio2T5C.jpg,"Aan","S. M. Sarkar","N",,"Vocal, Male",0,2026-02-12T06:13:36.468546+00:00
1926fa8e-9490-4828-bc72-ee700fe175c2,"Dahaa Ringtone ",https://dfcvrisaejumfpjmalui.supabase.co/storage/v1/object/public/ringtone-files/coolie-dahaa-theme-dahaa-ringtone-bgm-instrumental-vocal-dialogue-remix-humming-8d-audio-1769378964035.mp3,https://image.tmdb.org/t/p/w342/kr36awqmziEI5mfUElsHB0pj9zP.jpg,"Coolie","Anirudh Ravichander, Lalo Salamanca & Heisenberg","Anirudh Ravichander",,"BGM, Instrumental, Vocal, Dialogue, Remix, Humming, 8D Audio, Female, Male, Duet, Devotional, Funny, Mass, Sad, Love, Motivational, Flute, Nadaswaram, Drums, Whistle, Trumpet, Piano, Guitar, Violin, Keyboard, Veena, Saxophone",4,2026-01-25T22:09:28.07903+00:00
1a7365f9-81f3-43de-9b56-f9352dd139da,"Animals ",https://dfcvrisaejumfpjmalui.supabase.co/storage/v1/object/public/ringtone-files/animals-animals-v-deluxe-instrumental-1770486372310.mp3,https://is1-ssl.mzstatic.com/image/thumb/Music122/v4/b7/25/76/b72576f1-072e-3da2-60d5-2724a9bccf4a/14UMGIM31673.rgb.jpg/600x600bb.jpg,"V (Deluxe)","Maroon 5","Maroon 5",,"Mass, Instrumental, Guitar",0,2026-02-07T17:46:25.258134+00:00
1a8e6ea0-36a1-46ab-9657-aa46f8f199ea,"Muskura Rahi Ye Meri Zindagi",https://dfcvrisaejumfpjmalui.supabase.co/storage/v1/object/public/ringtone-files/muskura-rahi-ye-meri-zindagi-muskura-rahi-ye-meri-zindagi-muskura-rahi-ye-meri-zindagi-vocal-1771064268215.mp3,https://is1-ssl.mzstatic.com/image/thumb/Music124/v4/69/9d/1e/699d1e5f-9fb9-a4a9-3fe0-6cae29b7dd49/8902894626033_cover.jpg/600x600bb.jpg,"Muskura Rahi Ye Meri Zindagi","Anjali Jain","",,"Vocal, Male",0,2026-02-14T10:17:52.309775+00:00
1ab25430-16c5-4fae-a242-99df37c38c5b,"Aa Rela Hai Apun",https://dfcvrisaejumfpjmalui.supabase.co/storage/v1/object/public/ringtone-files/aa-rela-hai-apun-aa-rela-hai-apun-aa-rela-hai-apun-instrumental-1771014007092.mp3,https://is1-ssl.mzstatic.com/image/thumb/Music114/v4/81/01/7a/81017a21-fb8a-4e23-e85f-a0bdc263eed7/886448948889.jpg/600x600bb.jpg,"Aa Rela Hai Apun"," Amit Trivedi, Armaan Malik, Tanmay Chaudhari, Amitabh Bhattacharya, Arvind Vishwakarma","Amit Trivedi",,"Instrumental, Drums, Funny",0,2026-02-13T20:20:11.081017+00:00
1ab2c922-7c8d-47a4-888c-9e59aa0df853,"om ennum pranava  song ringtone",https://dfcvrisaejumfpjmalui.supabase.co/storage/v1/object/public/ringtone-files/murugan-om-enum-pranava-om-ennum-pranava-song-ringtone-1769354601852.mp3,https://is1-ssl.mzstatic.com/image/thumb/Music115/v4/52/11/7a/52117a03-a762-cc0d-b494-d45221f2dcb1/191773280314.jpg/600x600bb.jpg,"Murugan","Sirkazhi Govindarajan","",,"Devotional",0,2026-01-25T15:23:26.148252+00:00
1af08d4b-24a8-446b-8dbf-ad1cec9bc82a,"Ae Mere Watan Ke Logon",https://dfcvrisaejumfpjmalui.supabase.co/storage/v1/object/public/ringtone-files/ae-mere-watan-ke-logon-ae-mere-watan-ke-logon-sky-force-vocal-1771149062135.mp3,https://image.tmdb.org/t/p/w342/f1KLUpaW7rbXhUm5SxG1lpPFFCJ.jpg,"Sky Force","Lata Mangeshkar & Pradeep","Tanishk Bagchi, Justin Varghese",,"Vocal, Female",0,2026-02-15T09:51:05.586695+00:00
1b1a7ecb-2f83-4255-82d5-f3c4e205d1cf,"Time - Pistah",https://dfcvrisaejumfpjmalui.supabase.co/storage/v1/object/public/ringtone-files/time-pistah-neram-instrumental-1770829096685.mp3,https://image.tmdb.org/t/p/w342/cA5OgwysDaFmMGeEjUEG59aVoMs.jpg,"Neram","Rajesh Murugesan & Shabareesh Varma","Rajesh Murugesan",,"Mass, Instrumental, Drums",0,2026-02-11T17:12:51.417378+00:00
1b9a5fc8-069d-49b2-a5d7-44df2ae3100c,"Stay young ",https://dfcvrisaejumfpjmalui.supabase.co/storage/v1/object/public/ringtone-files/stay-young-stay-young-the-masterplan-vocal-1770827726482.mp3,https://is1-ssl.mzstatic.com/image/thumb/Music/96/3c/88/mzi.otkbxzwm.jpg/600x600bb.jpg,"The Masterplan","Oasis","Oasis",,"Love, Vocal, Female",0,2026-02-11T16:35:32.486826+00:00
1c23a6f2-6cf9-4aa5-b35a-f7d2b051ebdc,"pesamal enai kollathey",https://dfcvrisaejumfpjmalui.supabase.co/storage/v1/object/public/ringtone-files/manmadhan-pesamal-enai-kollathey-1769343973795.mp3,https://image.tmdb.org/t/p/w342/wI6xh3sukAIkZqsDR2PHUo9hOd7.jpg,"Manmadhan","","",,"Love, Male",0,2026-01-25T12:26:16.21877+00:00
1c279d11-ef6a-4427-bd68-842fdbcb0385,"Small boys hope",https://dfcvrisaejumfpjmalui.supabase.co/storage/v1/object/public/ringtone-files/small-boys-hope-pannaiyarum-padminiyum-instrumental-1771010350038.mp3,https://image.tmdb.org/t/p/w342/ttmmm9CwXX137XcdSZV1X8VLIQO.jpg,"Pannaiyarum Padminiyum","","Justin Prabhakaran",,"Motivational, Instrumental, Keyboard, Whistle, Violin, Drums",0,2026-02-13T19:19:24.963094+00:00
1deab76a-65aa-4824-899c-bd23da43a6bd,"Mind Your Business",https://dfcvrisaejumfpjmalui.supabase.co/storage/v1/object/public/ringtone-files/mind-your-business-mind-your-business-36-farmhouse-vocal-1771182623041.mp3,https://image.tmdb.org/t/p/w342/itXjzkcJcG6lgWAhOzUrKiW9HTS.jpg,"36 Farmhouse","Hariharan","Subhash Ghai, Abhishek Bonthu",,"Vocal, Male",0,2026-02-15T19:10:27.592907+00:00
1e006a71-3baf-4d6c-b720-f9ec6152d5e9,"Devathai Kolam Female",https://dfcvrisaejumfpjmalui.supabase.co/storage/v1/object/public/ringtone-files/devathai-kolam-female-mangai-vocal-1771065222767.mp3,https://image.tmdb.org/t/p/w342/WNOvYuaTzFTzIsc3U3pngWGM1u.jpg,"Mangai","Theeson, Saindhavi, Lokeshwaran","Jayden Theeson",,"Vocal, Female",0,2026-02-14T10:33:46.212092+00:00
1e70aaa9-d5a7-4596-a8b8-02e644b0f5e5,"Rayappan intro",https://dfcvrisaejumfpjmalui.supabase.co/storage/v1/object/public/ringtone-files/rayappan-intro-bigil-1770965972001.mp3,https://image.tmdb.org/t/p/w342/s4Yi1RbMyyN3hH2hElwvluP2rOG.jpg,"Bigil","A R Rahman ","A.R. Rahman",,"Intro, Mass",0,2026-02-13T06:59:36.76456+00:00
1e978010-825d-4fe0-b179-6a93001992eb,"Theekkoluthi",https://dfcvrisaejumfpjmalui.supabase.co/storage/v1/object/public/ringtone-files/theekkoluthi-theekkoluthi-bison-kaalamaadan-instrumental-1770984853479.mp3,https://image.tmdb.org/t/p/w342/5IPFJ2XFbYjdIw4912ZufCMolX.jpg,"Bison Kaalamaadan","Nivas K Prasanna & Mari Selvaraj","Nivas Prasanna",,"Mass, Instrumental, Guitar",0,2026-02-13T12:14:17.082506+00:00
1ec092e5-a2bf-441b-9ad6-3b3861f0d18a,"Yelakka",https://dfcvrisaejumfpjmalui.supabase.co/storage/v1/object/public/ringtone-files/yelakka-yelakka-yelakka-vocal-1770963921011.mp3,https://is1-ssl.mzstatic.com/image/thumb/Music221/v4/67/56/41/67564173-7f96-ac7d-f39b-11500acb5ee1/25UMGIM00276.rgb.jpg/600x600bb.jpg,"Yelakka","Dharan Kumar","",,"Vocal, Duet",0,2026-02-13T06:25:24.56398+00:00
1ee6353a-ac67-4af7-aede-1b7ecdc3ee5a,"Drive forever  - Drive Forever 8D Version",https://dfcvrisaejumfpjmalui.supabase.co/storage/v1/object/public/ringtone-files/drive-forever-drive-forever-8d-version-drive-forever-8d-version-vocal-1770827556610.mp3,https://is1-ssl.mzstatic.com/image/thumb/Music211/v4/ca/27/84/ca278425-349e-d1fc-39d0-66007dc16e2b/5063766099096_cover.jpg/600x600bb.jpg,"Drive Forever 8D Version","T3NZU","T3NZU",,"Mass, Vocal, Male",0,2026-02-11T16:32:41.292756+00:00
1f38b322-dc1c-4e3b-9fc5-e5f85fd42936,"Kahin Toh Hogi Woh-Teri Aahatein",https://dfcvrisaejumfpjmalui.supabase.co/storage/v1/object/public/ringtone-files/kahin-toh-hogi-woh-teri-aahatein-kahin-toh-hogi-woh-teri-aahatein-kahin-toh-hogi-woh-teri-aahatein-vocal-1771336089898.mp3,https://is1-ssl.mzstatic.com/image/thumb/Music125/v4/5e/67/fb/5e67fb8b-91b5-98e0-3998-854d039370d9/8903431715616_cover.jpg/600x600bb.jpg,"Kahin Toh Hogi Woh-Teri Aahatein","Neeti Mohan, Shekhar Ravjiani, Abhijit Vaghani","",,"Love, Vocal, Duet",0,2026-02-17T13:48:14.514104+00:00
2027ba8b-1955-4ed2-9c6e-b6f4fdab8b5d,"Chikitu ringtone ",https://dfcvrisaejumfpjmalui.supabase.co/storage/v1/object/public/ringtone-files/coolie-chikitu-tamil-chikitu-ringtone-vocal-instrumental-humming-8d-audio-remix-dialogue-1769378813530.mp3,https://image.tmdb.org/t/p/w342/kr36awqmziEI5mfUElsHB0pj9zP.jpg,"Coolie","Anirudh Ravichander, T. Rajendar & Arivu","Anirudh Ravichander",,"Love, Sad, Mass, Motivational, Funny, Devotional, Vocal, Instrumental, Humming, 8D Audio, Remix, Dialogue, Male, Female, Duet, Flute, Violin, Guitar, Piano, Trumpet, Whistle, Veena, Saxophone, Drums, Keyboard, Nadaswaram",0,2026-01-25T22:06:59.368387+00:00
20e5e8a3-66df-43ef-87ea-5fc7884b1a56,"Teri mohabbat ",https://dfcvrisaejumfpjmalui.supabase.co/storage/v1/object/public/ringtone-files/teri-mohabbat-teri-1769602943652.mp3,https://image.tmdb.org/t/p/w342/6tIFmTkNfcuvUsB3lTYnLFRbHop.jpg,"Teri","Arijit Singh ","A",,"Sad, Lo-fi",0,2026-01-28T12:22:53.922557+00:00
21177725-b3f8-4349-b5fa-41ff20b990cc,"Aaram Karo",https://dfcvrisaejumfpjmalui.supabase.co/storage/v1/object/public/ringtone-files/aaram-karo-aaram-karo-sharmaji-namkeen-vocal-1771181196554.mp3,https://image.tmdb.org/t/p/w342/xve92SlbFCl4eEESx78eutq6rjo.jpg,"Sharmaji Namkeen","Gopal Datt","Sneha Khanwalkar, Sneha Khanwalkar",,"Vocal, Male",0,2026-02-15T18:46:40.317522+00:00
21c1144c-fda9-4535-b1fc-b6f5708fb6fd,"Oru Beachu la - Voda Voda Voda",https://dfcvrisaejumfpjmalui.supabase.co/storage/v1/object/public/ringtone-files/oru-beachu-la-voda-voda-voda-mayakkam-enna-vocal-1770827684925.mp3,https://image.tmdb.org/t/p/w342/szikIRSbIApMeVbdcTKIEK5UpZb.jpg,"Mayakkam Enna","Dhanush","G. V. Prakash Kumar",,"Funny, Vocal, Male",0,2026-02-11T16:49:19.351542+00:00
21c4f86d-66ca-4dca-a585-1cacd3923939,"Hurts so good ",https://dfcvrisaejumfpjmalui.supabase.co/storage/v1/object/public/ringtone-files/hurts-so-good-hurts-so-good-astrid-s-ep-vocal-1770829739713.mp3,https://is1-ssl.mzstatic.com/image/thumb/Music124/v4/3d/83/08/3d830822-aed2-375d-6ede-dff69c3250af/00602547958716.rgb.jpg/600x600bb.jpg,"Astrid S EP","Astrid S","Astrid S",,"Sad, Vocal, Duet",0,2026-02-11T17:09:10.034448+00:00
220a7528-8bff-4cf0-a789-eb7e3a1e6e51,"Pee Loon-Ishq Sufiyana",https://dfcvrisaejumfpjmalui.supabase.co/storage/v1/object/public/ringtone-files/pee-loon-ishq-sufiyana-pee-loon-ishq-sufiyana-pee-loon-ishq-sufiyana-vocal-1771337834278.mp3,https://is1-ssl.mzstatic.com/image/thumb/Music118/v4/3c/df/f1/3cdff1a5-ccf9-af08-371d-0694f783c1b0/8903431646873_cover.jpg/600x600bb.jpg,"Pee Loon-Ishq Sufiyana","	Neha Kakkar, Sreerama Chandra","",,"Love, Vocal, Duet",0,2026-02-17T14:17:19.171991+00:00
223d0da2-518f-42b1-8c39-a6233b753246,"Baaja",https://dfcvrisaejumfpjmalui.supabase.co/storage/v1/object/public/ringtone-files/baaja-amar-singh-chamkila-vocal-1771172728491.mp3,https://image.tmdb.org/t/p/w342/t9wSGgaPfbGUBBlne7xw8GaArvu.jpg,"Amar Singh Chamkila","A.R. Rahman, Mohit Chauhan, Romy, Suryansh, Inderpreet Singh","A.R. Rahman",,"Vocal, Male",0,2026-02-15T16:25:35.559225+00:00
22a376fd-a786-4ba4-8c00-76a1e385cd8a,"Oruvan - Oruvan Oruvan Mudalali",https://dfcvrisaejumfpjmalui.supabase.co/storage/v1/object/public/ringtone-files/oruvan-oruvan-oruvan-mudalali-muthu-1771008479148.mp3,https://image.tmdb.org/t/p/w342/6tL4ujxvyY6Csxv5sKt0fDsCzf3.jpg,"Muthu","S.P. Balasubrahmanyam & Makumba","A.R. Rahman",,"Mass, Intro",1,2026-02-13T18:48:05.568696+00:00
22b565fa-60f9-4248-a7a6-cf53c2c9db21,"Chhuppan Chhuppai",https://dfcvrisaejumfpjmalui.supabase.co/storage/v1/object/public/ringtone-files/chhuppan-chhuppai-chhuppan-chhuppai-mumbaikar-vocal-1771175205380.mp3,https://image.tmdb.org/t/p/w342/we0j8oUGcUEHXBTfjo1M6EnBNc0.jpg,"Mumbaikar","Benny Dayal & Himanshu Singh","Yugprasad Bhusal, Joshua Ninan Oommen, Ramdas V.S., Salil Amrute, Prashant Pillai",,"Vocal, Male",0,2026-02-15T17:06:51.375824+00:00
23441694-338a-4ef3-b651-841aaa0a5571,"Nandanandanaa",https://dfcvrisaejumfpjmalui.supabase.co/storage/v1/object/public/ringtone-files/nandanandanaa-nandanandanaa-the-family-star-vocal-1771173071508.mp3,https://image.tmdb.org/t/p/w342/2mLyHeWwU0Ocv9Jvk72IDqZqT7G.jpg,"The Family Star","Raghav Chaitanya, Gopi Sundar","Gopi Sundar",,"Vocal, Duet, Love",0,2026-02-15T16:31:19.252577+00:00
2359e477-32cc-4269-8fa6-7a4ae050ea23,"Chikkama",https://dfcvrisaejumfpjmalui.supabase.co/storage/v1/object/public/ringtone-files/chikkama-chikkama-chikkama-vocal-1770885276312.mp3,https://is1-ssl.mzstatic.com/image/thumb/Music211/v4/2b/9b/5f/2b9b5f1c-4e45-dcc3-c48d-ff4fbcc43383/cover.jpg/600x600bb.jpg,"Chikkama","Vengayo","Foxn",,"Vocal, Male",1,2026-02-12T08:34:40.185684+00:00
2373c03f-d796-423a-ae5f-8109ec7900d6,"Punishment ",https://dfcvrisaejumfpjmalui.supabase.co/storage/v1/object/public/ringtone-files/punishment-soorarai-pottru-1771229021873.mp3,https://image.tmdb.org/t/p/w342/5uimlxPCgAei8JfQUDFEUQLoyyh.jpg,"Soorarai Pottru","","G. V. Prakash Kumar",,"Mass, Cover",1,2026-02-16T08:03:46.617745+00:00
23a74a8f-a021-4483-8723-d07154065b8e,"Chorus - Kadhal Oru Aagayam",https://dfcvrisaejumfpjmalui.supabase.co/storage/v1/object/public/ringtone-files/chorus-kadhal-oru-aagayam-imaikkaa-nodigal-1770832199568.mp3,https://image.tmdb.org/t/p/w342/mHkeMrAqW4TnRkeI1Xl8qwuGyPg.jpg,"Imaikkaa Nodigal","Hiphop Tamizha, Tee-Jay & Al Rufian","HipHop Tamizha Adhi, HipHop Tamizha Jeeva",,"Chorus, Sad",0,2026-02-11T18:04:39.200066+00:00
23cd51b6-a5ad-44d9-a1f1-e0c78c729611,"Love at kuttralam",https://dfcvrisaejumfpjmalui.supabase.co/storage/v1/object/public/ringtone-files/love-at-kuttralam-pannaiyarum-padminiyum-instrumental-1771010297469.mp3,https://image.tmdb.org/t/p/w342/ttmmm9CwXX137XcdSZV1X8VLIQO.jpg,"Pannaiyarum Padminiyum","","Justin Prabhakaran",,"Love, Instrumental, Flute, Keyboard",0,2026-02-13T19:18:30.504725+00:00
24157c19-c3ad-4b96-a613-4c20f1dea336,"Vaa Sulthan - Jai Sulthan",https://dfcvrisaejumfpjmalui.supabase.co/storage/v1/object/public/ringtone-files/vaa-sulthan-jai-sulthan-sulthan-vocal-1770899859426.mp3,https://image.tmdb.org/t/p/w342/z9TqB7GcyM0tMOFlI5mZuqNq351.jpg,"Sulthan","Vicek - Mervin, Anirudh Ravichander, Junior Nithya, Gana Guna & Viveka","Yuvan Shankar Raja, Mervin Solomon, Vivek Siva",,"Mass, Vocal, Male",0,2026-02-12T12:40:33.070884+00:00
24426f74-3381-49ae-927b-f64ee9498b0c,"Sundari",https://dfcvrisaejumfpjmalui.supabase.co/storage/v1/object/public/ringtone-files/sundari-sundari-thalapathi-vocal-1770976236437.mp3,https://image.tmdb.org/t/p/w342/dpF1Ck1UvpW0ItT1EoX0xNYEhS8.jpg,"Thalapathi","S.P. Balasubrahmanyam & S. Janaki","Ilaiyaraaja",,"Love, Vocal, Male",2,2026-02-13T09:50:40.642626+00:00
2459a027-20a1-4e2f-b800-a3e80cbac245,"Scam 92 bgm - Scam 1992 Theme Music",https://dfcvrisaejumfpjmalui.supabase.co/storage/v1/object/public/ringtone-files/scam-92-bgm-scam-1992-theme-music-scam-1992-theme-music-instrumental-1770486077579.mp3,https://is1-ssl.mzstatic.com/image/thumb/Music211/v4/91/2b/c9/912bc9bb-668a-f8fa-0661-09ea02f991bc/889845954262.jpg/600x600bb.jpg,"Scam 1992 Theme Music","Achint","Achint",,"BGM, Instrumental, Guitar",0,2026-02-07T17:41:26.733559+00:00
249a9bbf-b3c6-46c2-bc54-dc3ff647a1af,"Enjaami Thandhaane - boomiku baaramillai",https://dfcvrisaejumfpjmalui.supabase.co/storage/v1/object/public/ringtone-files/idli-kadai-enjaami-thandhaane-boomiku-baaramillai-1765360852353.mp3,https://image.tmdb.org/t/p/w500/9ViF6UTWMh14gx77RvFALe5R6AL.jpg,"Idli Kadai","Dhanush, Arivu & G.V. Prakash Kumar","G. V. Prakash Kumar",,"Mass, Vocal",32,2025-12-10T10:00:54.811936+00:00
250f70b6-a586-4b8e-920d-403ef051327f,"En Kadhal Aval Kangalile",https://dfcvrisaejumfpjmalui.supabase.co/storage/v1/object/public/ringtone-files/en-kadhal-aval-kangalile-en-kadhal-aval-kangalile-en-kadhal-aval-kangalile-vocal-1770963698496.mp3,https://is1-ssl.mzstatic.com/image/thumb/Music221/v4/44/e0/cc/44e0ccad-98c3-ca07-3cee-4c72297dd2be/5034644377308.jpg/600x600bb.jpg,"En Kadhal Aval Kangalile","Barath Veeraraghavan, Aishwerya Radhakrishnan","Barath Veeraraghavan",,"Love, Vocal, Male",0,2026-02-13T06:21:43.654858+00:00
25778f2a-f0a2-431d-8002-c16b90682625,"Yendhizhaye",https://dfcvrisaejumfpjmalui.supabase.co/storage/v1/object/public/ringtone-files/yendhizhaye-yendhizhaye-yendhizhaye-vocal-1770962479086.mp3,https://is1-ssl.mzstatic.com/image/thumb/Music211/v4/e0/11/e0/e011e012-6287-ddaa-640a-894864b874d7/199066406861.jpg/600x600bb.jpg,"Yendhizhaye","G. V. Prakash Kumar, Saindhavi","Ashwath",,"Love, Vocal, Male",0,2026-02-13T06:01:22.681593+00:00
259b8aff-38dc-4358-9291-d24378099a08,"Uyyaalalo Uyyaalalo",https://dfcvrisaejumfpjmalui.supabase.co/storage/v1/object/public/ringtone-files/uyyaalalo-uyyaalalo-uyyaalalo-uyyaalalo-dhaam-dhoom-vocal-1770877558751.mp3,https://image.tmdb.org/t/p/w342/xmuDcgC97Tf3P1XxHMHRPC2JO8A.jpg,"Dhaam Dhoom","Harris Jayaraj, Kailash Kher & Sujatha Mohan","Harris Jayaraj",,"Vocal, Duet",0,2026-02-12T06:26:02.640083+00:00
25dcc5cf-107a-413d-90fd-6b55003139fc,"Aana Oona",https://dfcvrisaejumfpjmalui.supabase.co/storage/v1/object/public/ringtone-files/aana-oona-aana-oona-aana-oona-vocal-1770889404363.mp3,https://is1-ssl.mzstatic.com/image/thumb/Music211/v4/b2/8e/49/b28e49ed-f447-eefb-a4fb-0018bfb97821/24UMGIM77246.rgb.jpg/600x600bb.jpg,"Aana Oona","Vivek-Mervin, Mervin Solomon, Vivek Siva","Vivek-Mervin",,"Vocal, Male",0,2026-02-12T09:43:28.319196+00:00
25de4fc6-d889-48a2-b341-94e90d65b3c0," Naakka Mukka Female - Kadhalil Vizhunthen - Fom Vol 3",https://dfcvrisaejumfpjmalui.supabase.co/storage/v1/object/public/ringtone-files/naakka-mukka-female-kadhalil-vizhunthen-fom-vol-3-kadhalil-vizhunthen-vocal-1770878252777.mp3,https://image.tmdb.org/t/p/w342/t0YVVam2bmaTbez1pGOmIKWopXH.jpg,"Kadhalil Vizhunthen","Praveen Dharmalingam & Prajith Kumar","Vijay Antony",,"Mass, Vocal, Female",0,2026-02-12T06:37:35.826235+00:00
26421679-fc17-4c04-8524-b6bf0e9a9744,"Akkalu Bakkalu",https://dfcvrisaejumfpjmalui.supabase.co/storage/v1/object/public/ringtone-files/akkalu-bakkalu-akkalu-bakkalu-housemates-vocal-1771067486458.mp3,https://image.tmdb.org/t/p/w342/e2FERHq5rjiME7bLSO8LNsKFgMr.jpg,"Housemates","Rajesh Murugesan & Sean Roldan","v",,"Vocal, Male",0,2026-02-14T11:11:31.481055+00:00
26aaec96-5798-434b-b74b-5e2303f16186,"Roar-a Yethu",https://dfcvrisaejumfpjmalui.supabase.co/storage/v1/object/public/ringtone-files/roar-a-yethu-roar-a-yethu-roar-a-yethu-vocal-1770959014579.mp3,https://is1-ssl.mzstatic.com/image/thumb/Music122/v4/9b/67/b1/9b67b140-2682-7c3e-8e3d-145e4865abd9/24UMGIM24812.rgb.jpg/600x600bb.jpg,"Roar-a Yethu","Vijay Sethupathi, Sean Roldan, Arunraja Kamaraj","Sean Roldan",,"Mass, Vocal, Male",0,2026-02-13T05:03:38.803912+00:00
26b67dde-81ad-407b-96c9-7d9d85719823,"Fear Song - TELUGU - Mass bgm",https://dfcvrisaejumfpjmalui.supabase.co/storage/v1/object/public/ringtone-files/devara-part-1-fear-song-telugu-mass-bgm-1765496958689.mp3,https://image.tmdb.org/t/p/w500/lQfuaXjANoTsdx5iS0gCXlK9D2L.jpg,"Devara: Part 1","Anirudh Ravichander & Ramajogayya Sastry","Anirudh Ravichander",,"Mass, BGM, Instrumental",2,2025-12-11T23:49:22.96567+00:00
279540db-ea43-4eac-9d7f-690e27567c15,"Kalyana Kacheri",https://dfcvrisaejumfpjmalui.supabase.co/storage/v1/object/public/ringtone-files/kalyana-kacheri-kalyana-kacheri-kalyana-kacheri-vocal-1770962060393.mp3,https://is1-ssl.mzstatic.com/image/thumb/Music113/v4/28/6c/a0/286ca082-6645-4cb9-0fa4-8fba8672dce9/194491403669.jpg/600x600bb.jpg,"Kalyana Kacheri","Sithara Krishnakumar, Kapil Kapilan, Justin Prabhakaran","Justin Prabhakaran",,"Love, Vocal, Female",0,2026-02-13T05:54:24.664031+00:00
27d8761d-2f84-42bf-837a-8aadffa457a6,"Malligai Mottu",https://dfcvrisaejumfpjmalui.supabase.co/storage/v1/object/public/ringtone-files/malligai-mottu-malligai-mottu-sakthivel-vocal-1771240696800.mp3,https://is1-ssl.mzstatic.com/image/thumb/Music115/v4/88/e3/6a/88e36a7c-c5c4-4560-8ab7-0030eab888df/3614978557878.jpg/600x600bb.jpg,"Sakthivel","Arun Mozhi & Swarnalatha","Ilaiyaraaja",,"Love, Vocal, Duet",0,2026-02-16T11:21:16.933098+00:00
284f84fb-685b-4428-9d92-ed41e2fe50fa,"Barbie Dolly",https://dfcvrisaejumfpjmalui.supabase.co/storage/v1/object/public/ringtone-files/barbie-dolly-barbie-dolly-barbie-dolly-vocal-1770975245156.mp3,https://is1-ssl.mzstatic.com/image/thumb/Music221/v4/cf/b6/11/cfb61146-4001-4448-12bb-d4aed714041c/199350685002.jpg/600x600bb.jpg,"Barbie Dolly","Girish Karthik","Girish Karthik",,"Love, Vocal, Male",0,2026-02-13T09:34:09.395589+00:00
28788396-01d5-4370-b558-11c2661dc730,"Mudinjiriche Love-uh",https://dfcvrisaejumfpjmalui.supabase.co/storage/v1/object/public/ringtone-files/mudinjiriche-love-uh-mudinjiriche-love-uh-mudinjiriche-love-uh-vocal-1770975173529.mp3,https://is1-ssl.mzstatic.com/image/thumb/Music221/v4/3f/b3/f2/3fb3f26a-cb84-a61b-85e5-ebd13c01f8c8/199066660171.jpg/600x600bb.jpg,"Mudinjiriche Love-uh","Harish Ramachandran, Sakthi Raj","Harish Ramachandran",,"Vocal, Male",0,2026-02-13T09:32:58.425355+00:00
28fada9b-1adf-4358-abe4-320fe7a4dadf,"Dhuan Dhuan",https://dfcvrisaejumfpjmalui.supabase.co/storage/v1/object/public/ringtone-files/dhuan-dhuan-dhuan-dhuan-aap-jaisa-koi-vocal-1771148976221.mp3,https://image.tmdb.org/t/p/w342/qusjoDePti9etsaq9DgyYSj2Sq8.jpg,"Aap Jaisa Koi","Rochak Kohli, Sanjith Hegde","Justin Prabhakaran",,"Vocal, Male",0,2026-02-15T09:49:39.90687+00:00
2925254a-332e-4942-82fe-2528ad9fb75c,"Manmadhane - Manmadhane Nee",https://dfcvrisaejumfpjmalui.supabase.co/storage/v1/object/public/ringtone-files/manmadhane-manmadhane-nee-manmadhan-vocal-1771007060514.mp3,https://image.tmdb.org/t/p/w342/wI6xh3sukAIkZqsDR2PHUo9hOd7.jpg,"Manmadhan","Yuvan Shankar Raja & Sadhana Sargam","",,"Mass, Vocal, Female",1,2026-02-13T18:24:25.522133+00:00
29c0b0e5-6edf-4b94-8f95-96a82b690cc3,"Dil Gaya Kya Hai Bacha",https://dfcvrisaejumfpjmalui.supabase.co/storage/v1/object/public/ringtone-files/dil-gaya-kya-hai-bacha-dil-gaya-kya-hai-bacha-dil-gaya-kya-hai-bacha-vocal-1771060011949.mp3,https://is1-ssl.mzstatic.com/image/thumb/Music221/v4/73/b4/8e/73b48e40-9037-ddb7-72e8-445977bff558/199538827019.jpg/600x600bb.jpg,"Dil Gaya Kya Hai Bacha","Shahid Ali Khan","",,"Vocal, Male",0,2026-02-14T09:06:56.965889+00:00
2a2d6122-12b8-4075-877b-144b04c4d656,"Naughty girl ",https://dfcvrisaejumfpjmalui.supabase.co/storage/v1/object/public/ringtone-files/naughty-girl-naughty-girl-dangerously-in-love-vocal-1770827254769.mp3,https://is1-ssl.mzstatic.com/image/thumb/Music/03/c5/d4/mzi.ldvrmhxt.jpg/600x600bb.jpg,"Dangerously in Love","Beyoncé","Beyoncé",,"Funny, Vocal, Female",0,2026-02-11T16:27:39.547442+00:00
2a787d06-9d4d-44a4-8045-be44eae80b57,"BGM - piano instrumental",https://dfcvrisaejumfpjmalui.supabase.co/storage/v1/object/public/ringtone-files/madrasapattinam-bgm-piano-instrumental-1765571526599.mp3,https://image.tmdb.org/t/p/w500/vmF5Yb9ViIncinpj2wGCS8w6iti.jpg,"Madrasapattinam","","G. V. Prakash Kumar",,"Love, BGM, Instrumental, Piano",3,2025-12-12T20:32:09.622025+00:00
2b53ed35-8507-4162-99b1-96d8944dc957,"Andha 7 Naatkal Theme",https://dfcvrisaejumfpjmalui.supabase.co/storage/v1/object/public/ringtone-files/andha-7-naatkal-theme-andha-7-naatkal-theme-andha-7-naatkal-vocal-1771067010791.mp3,https://image.tmdb.org/t/p/w342/8aZ4Vj9zI6hQU1LC711lIT4vqhr.jpg,"Andha 7 Naatkal","Sachin Sundar & Mohan Raja","M. S. Viswanathan",,"Vocal, Duet",0,2026-02-14T11:03:34.575035+00:00
2b7bf475-857e-4127-87ba-164ec1763f01,"Kaala Chola Si De Darji",https://dfcvrisaejumfpjmalui.supabase.co/storage/v1/object/public/ringtone-files/kaala-chola-si-de-darji-kaala-chola-si-de-darji-kaala-chola-si-de-darji-vocal-1771059096496.mp3,https://is1-ssl.mzstatic.com/image/thumb/Music221/v4/02/02/54/020254ed-d4af-ea04-119a-16575cbe24cc/199538852912.jpg/600x600bb.jpg,"Kaala Chola Si De Darji","Sapna Awasthi","",,"Vocal, Female",0,2026-02-14T08:51:40.764479+00:00
2b82b9c1-51f8-4f6b-b4fd-ac2e539de558,"Chikki Bambe - Chikki Bombe",https://dfcvrisaejumfpjmalui.supabase.co/storage/v1/object/public/ringtone-files/chikki-bambe-chikki-bombe-vikrant-rona-vocal-1771181671524.mp3,https://image.tmdb.org/t/p/w342/rQ9yw7IFrDB1V8jwC48KSaAf5h3.jpg,"Vikrant Rona","Vijay Prakash, Karthik & Harshika Devanath","B. Ajaneesh Loknath",,"Vocal, Duet",0,2026-02-15T18:54:35.654813+00:00
2b90548d-e1b3-4162-8251-0bacca36297a,"Tourner dans le - Tourner dans le vide",https://dfcvrisaejumfpjmalui.supabase.co/storage/v1/object/public/ringtone-files/tourner-dans-le-tourner-dans-le-vide-mini-world-vocal-1770830007506.mp3,https://image.tmdb.org/t/p/w342/6CHK2JDFFgoKYWnStXhxKheOD35.jpg,"Mini World","Indila","Indila",,"Mass, Vocal, Female",0,2026-02-11T17:13:39.426501+00:00
2bdcb61b-1391-450f-bbc5-04d25f594378,"Thalapathy Kacheri - kacheri",https://dfcvrisaejumfpjmalui.supabase.co/storage/v1/object/public/ringtone-files/jana-nayagan-thalapathy-kacheri-kacheri-1765266284990.mp3,https://image.tmdb.org/t/p/w500/iSPG1IB7KyP8i3gvXzkhP9cFxQi.jpg,"Jana Nayagan","Anirudh Ravichander, Thalapathy Vijay & Arivu","Anirudh Ravichander",,"Mass",3,2025-12-09T07:44:47.90695+00:00
2bed870d-4976-48f4-916c-4238f4542a1c,"Rakkayi",https://dfcvrisaejumfpjmalui.supabase.co/storage/v1/object/public/ringtone-files/rakkayi-rakkayi-rakkayi-vocal-1770962352549.mp3,https://is1-ssl.mzstatic.com/image/thumb/Music211/v4/e4/09/bd/e409bd89-6e85-51c8-4c69-7f153d3c913e/198704209147_Cover.jpg/600x600bb.jpg,"Rakkayi","Karthik Srinivas, Vrusha Balu, AK Prriyan","AK Prriyan",,"Vocal, Female, Mass",0,2026-02-13T05:59:16.735341+00:00
2c55cc6f-f36f-449d-8b45-65f1c209e99b,"Found the nikitha",https://dfcvrisaejumfpjmalui.supabase.co/storage/v1/object/public/ringtone-files/found-the-nikitha-comali-instrumental-1771089464847.mp3,https://image.tmdb.org/t/p/w342/a6ruupinOM7HwjcR3Uafx9YfwM8.jpg,"Comali","","HipHop Tamizha Adhi, HipHop Tamizha Jeeva",,"Funny, Instrumental, Flute",0,2026-02-14T17:17:49.11867+00:00
2d3bfd8a-daa2-4c81-b726-6d3f0eda3799,"Land Of Spice",https://dfcvrisaejumfpjmalui.supabase.co/storage/v1/object/public/ringtone-files/land-of-spice-land-of-spice-indie-vocal-1770956618497.mp3,https://is1-ssl.mzstatic.com/image/thumb/Music125/v4/d1/ff/95/d1ff954f-9662-4b35-b4d6-c4349ccfb6dc/886447846674.jpg/600x600bb.jpg,"Land Of Spice Indie","Kharesma Ravichandran","HipHop Tamizha Adhi",,"Female, Vocal",0,2026-02-13T04:23:43.664925+00:00
2d95429b-07f0-4d75-9406-83a9f4e7a364,"Un Pere Theriyathu - Un Pere Theriyadhu",https://dfcvrisaejumfpjmalui.supabase.co/storage/v1/object/public/ringtone-files/un-pere-theriyathu-un-pere-theriyadhu-engeyum-eppodhum-vocal-1770899777963.mp3,https://image.tmdb.org/t/p/w342/ybuL8UIIQ1SOTz3CILzCuCBeA5E.jpg,"Engeyum Eppodhum","C. Sathya & Madhushree","C. Sathya",,"Love, Vocal, Female",0,2026-02-12T12:39:11.16681+00:00
2dd933f7-88df-4082-86f6-a3c8e59bc10a,"Se me fall - See Me Fall",https://dfcvrisaejumfpjmalui.supabase.co/storage/v1/object/public/ringtone-files/se-me-fall-see-me-fall-haze-vocal-1770866580281.mp3,https://is1-ssl.mzstatic.com/image/thumb/Music112/v4/a4/28/98/a42898ce-33cc-261b-e45c-994975d02154/4066004441597_3000.jpg/600x600bb.jpg,"Haze","Andy's Echo","Andy's Echo",,"Mass, Vocal, Male",0,2026-02-12T03:23:09.811964+00:00
2e42acf0-4e2a-46f9-8430-185ed9dd9fba,"Kadai kannaaley",https://dfcvrisaejumfpjmalui.supabase.co/storage/v1/object/public/ringtone-files/kadai-kannaaley-bhoomi-vocal-1770901449490.mp3,https://image.tmdb.org/t/p/w342/zVh5RNjIcM3Wggp0Be3fGdLxz75.jpg,"Bhoomi","Jigar Saraiya","Jigar Saraiya, Sachin Sanghvi, Ismail Darbar",,"Love, Vocal, Duet",0,2026-02-12T13:07:03.661179+00:00
2e818f89-ee50-4ba5-aad8-ad901eff902c,"Kuberaa theme",https://dfcvrisaejumfpjmalui.supabase.co/storage/v1/object/public/ringtone-files/kuberaa-theme-kuberaa-bgm-interlude-1770986347718.mp3,https://image.tmdb.org/t/p/w342/xjLC5DeA4FQTBv4xe8r3wYqh8lu.jpg,"Kuberaa","","Devi Sri Prasad",,"BGM, Interlude",0,2026-02-13T12:39:12.638816+00:00
2e9774a0-6b36-4758-8e84-58eb209b0537,"Aiyaiyo",https://dfcvrisaejumfpjmalui.supabase.co/storage/v1/object/public/ringtone-files/aiyaiyo-aiyaiyo-aiyaiyo-vocal-1770963549207.mp3,https://is1-ssl.mzstatic.com/image/thumb/Music211/v4/17/01/14/17011437-4da5-e019-3d08-44ebb8a200ce/cover.jpg/600x600bb.jpg,"Aiyaiyo","Samuel Nicholas","Samuel Nicholas",,"Vocal, Male",0,2026-02-13T06:19:12.600818+00:00
2ec742c3-cede-47c1-a471-bc55365446ca,"6 AM",https://dfcvrisaejumfpjmalui.supabase.co/storage/v1/object/public/ringtone-files/6-am-glory-vocal-1771159344364.mp3,https://image.tmdb.org/t/p/w342/wlsrAQ2EmQH5vG3Rm0FcVGOW2tW.jpg,"Glory","Yo Yo Honey Singh","Yo Yo Honey Singh",,"Vocal, Male",0,2026-02-15T12:42:28.481114+00:00
2f2b5fa8-0ba7-49a4-a169-cdab534cc8bd,"Thuppakki bgm - Thuppakki Theme 1",https://dfcvrisaejumfpjmalui.supabase.co/storage/v1/object/public/ringtone-files/thuppakki-bgm-thuppakki-theme-1-thuppakki-instrumental-1770921037797.mp3,https://image.tmdb.org/t/p/w342/18Hvx5MDIVnoexyehnGmMQE1lod.jpg,"Thuppakki","SK","Harris Jayaraj",,"BGM, Instrumental, Guitar",0,2026-02-12T18:30:42.596019+00:00
2f80b638-1bd4-440b-98aa-f1c361a0ce8c,"Dil Teri Yaad Ka Deewana",https://dfcvrisaejumfpjmalui.supabase.co/storage/v1/object/public/ringtone-files/dil-teri-yaad-ka-deewana-dil-teri-yaad-ka-deewana-dil-teri-yaad-ka-deewana-vocal-1771058730892.mp3,https://is1-ssl.mzstatic.com/image/thumb/Music211/v4/e2/fb/cc/e2fbcc09-9fc8-9481-829b-f40896b3acfb/199538825770.jpg/600x600bb.jpg,"Dil Teri Yaad Ka Deewana","Shahid Ali Khan","",,"Vocal, Male",0,2026-02-14T08:45:35.545791+00:00
2f9c5eb0-3328-4e0e-870e-26fefc1bdbbe,"Vaanil Pogum Megham",https://dfcvrisaejumfpjmalui.supabase.co/storage/v1/object/public/ringtone-files/vaanil-pogum-megham-vaanil-pogum-megham-vaanil-pogum-megham-vocal-1771014772495.mp3,https://is1-ssl.mzstatic.com/image/thumb/Music125/v4/1c/2e/01/1c2e0119-7bbd-edeb-20dd-b3e00b37aa0d/cover.jpg/600x600bb.jpg,"Vaanil Pogum Megham","Krishna Kishor,Armaan Malik,Chinmayi Sripaada","Krishna Kishor",,"Vocal, Duet, Love",1,2026-02-13T20:32:56.311166+00:00
2fcfa487-dd42-4d1c-8e97-de9f05e5e4c6,"Un paarvai podhum - Anbe Anbe",https://dfcvrisaejumfpjmalui.supabase.co/storage/v1/object/public/ringtone-files/un-paarvai-podhum-anbe-anbe-darling-vocal-1770657697455.mp3,https://image.tmdb.org/t/p/w342/rwG616V3jPAZBBxZSqF7cjlyf9t.jpg,"Darling"," G. V. Prakash Kumar","Giona Ostinelli",,"Love, Vocal, Male",1,2026-02-09T17:21:42.124961+00:00
2fe14161-5b9f-4f11-96bf-d82a0a04b49a,"Doley - Kadhalil Vizhunthen - Fom Vol 3",https://dfcvrisaejumfpjmalui.supabase.co/storage/v1/object/public/ringtone-files/doley-kadhalil-vizhunthen-fom-vol-3-kadhalil-vizhunthen-vocal-1770878036313.mp3,https://image.tmdb.org/t/p/w342/t0YVVam2bmaTbez1pGOmIKWopXH.jpg,"Kadhalil Vizhunthen","Praveen Dharmalingam & Prajith Kumar","Vijay Antony",,"Mass, Vocal, Duet",0,2026-02-12T06:34:00.487326+00:00
30706c63-73be-47b4-b599-8eba9c562397,"Aairam Sonniye - Kadhal Yen Kadhal",https://dfcvrisaejumfpjmalui.supabase.co/storage/v1/object/public/ringtone-files/aairam-sonniye-kadhal-yen-kadhal-mayakkam-enna-vocal-1770826053840.mp3,https://image.tmdb.org/t/p/w342/szikIRSbIApMeVbdcTKIEK5UpZb.jpg,"Mayakkam Enna","Dhanush & Selvaraghavan","G. V. Prakash Kumar",,"Love, Vocal, Male",0,2026-02-11T16:22:14.213824+00:00
30ba4f73-a3dc-4bb9-93e3-1ca7b0a753a7,"Ella pugalum",https://dfcvrisaejumfpjmalui.supabase.co/storage/v1/object/public/ringtone-files/ella-pugalum-azhagiya-tamil-magan-vocal-1771007788790.mp3,https://image.tmdb.org/t/p/w342/mft5HEwgoUz9Ve393y0ruXlV6Pc.jpg,"Azhagiya Tamil Magan","","A.R. Rahman",,"Motivational, Vocal, Male",0,2026-02-13T18:36:34.355686+00:00
30dbbaa7-6c8e-418e-ad43-a4826cc5a536,"Rock - Dilko Tumse Pyar Hua",https://dfcvrisaejumfpjmalui.supabase.co/storage/v1/object/public/ringtone-files/rock-dilko-tumse-pyar-hua-rehnaa-hai-terre-dil-mein-original-motion-picture-soundtrack-bgm-remix-1769603724058.mp3,https://is1-ssl.mzstatic.com/image/thumb/Music114/v4/0d/ba/de/0dbade87-5227-0960-6fa2-49f52ad0c335/191773226831.jpg/600x600bb.jpg,"Rehnaa Hai Terre Dil Mein (Original Motion Picture Soundtrack)","Roop Kumar Rathod","Roop Kumar Rathod",,"BGM, Remix",0,2026-01-28T12:35:38.039832+00:00
313e03a1-b928-40ed-afe2-93d94638475d,"Jamal kudu - Abrar’s Entry Jamal Kudu",https://dfcvrisaejumfpjmalui.supabase.co/storage/v1/object/public/ringtone-files/jamal-kudu-abrar-s-entry-jamal-kudu-animal-1771038366585.mp3,https://image.tmdb.org/t/p/w342/hr9rjR3J0xBBKmlJ4n3gHId9ccx.jpg,"Animal","Harshavardhan Rameshwar","Harshavardhan Rameshwar, Vishal Mishra, Manan Bhardwaj, Jaani, Shreyas Puranik, Pritam Chakraborty, Gurinder Seagal, Ashim Kemson, Bhupinder Babbal",,"Mass, Intro",0,2026-02-14T03:06:14.375492+00:00
3147219d-9b3d-4094-9f3f-876c0e847b15,"Nangurama - Beer Song",https://dfcvrisaejumfpjmalui.supabase.co/storage/v1/object/public/ringtone-files/nangurama-beer-song-diesel-1771038585212.mp3,https://image.tmdb.org/t/p/w342/A3jv9cICPkVHx48h2NZXW4c1ZnP.jpg,"Diesel","Rokesh, Dhibu Ninan Thomas & Gana Guna","Dhibu Ninan Thomas",,"Love, Chorus",0,2026-02-14T03:09:51.632562+00:00
3182eeb0-ea14-49fd-aa1b-845fae1efd44,"Uzhavaa",https://dfcvrisaejumfpjmalui.supabase.co/storage/v1/object/public/ringtone-files/uzhavaa-bhoomi-vocal-1770901301364.mp3,https://image.tmdb.org/t/p/w342/zVh5RNjIcM3Wggp0Be3fGdLxz75.jpg,"Bhoomi","Jigar Saraiya","Jigar Saraiya, Sachin Sanghvi, Ismail Darbar",,"Mass, Vocal, Male",0,2026-02-12T13:04:34.776797+00:00
318a8105-98ca-4f0f-9795-295505c941ae," Anandham Anandham Andavane Un Arulal",https://dfcvrisaejumfpjmalui.supabase.co/storage/v1/object/public/ringtone-files/anandham-anandham-andavane-un-arulal-anandham-anandham-andavane-un-arulal-sumangali-vocal-1770835457802.mp3,https://is1-ssl.mzstatic.com/image/thumb/Music211/v4/de/15/85/de15850d-fe77-36af-0eeb-0c96fc10d3d5/cover.jpg/600x600bb.jpg,"Sumangali","P. Susheela","M. Ranga Rao",,"Devotional, Vocal, Female",0,2026-02-11T18:58:52.053851+00:00
31f55e55-6683-490f-9651-c561b3784ad1,"Singara Sangeethamae",https://dfcvrisaejumfpjmalui.supabase.co/storage/v1/object/public/ringtone-files/singara-sangeethamae-singara-sangeethamae-neelavukku-neranja-manasu-vocal-1771051053295.mp3,https://images.unsplash.com/photo-1574267432644-f610a5e0d4c5?w=600,"Neelavukku Neranja Manasu","Jikki, Rajalakshmi, Ratnamala","",,"Vocal, Male",0,2026-02-14T06:37:38.334229+00:00
3255aeec-a86d-464d-9d26-fb07df215650,"Hayyoda",https://dfcvrisaejumfpjmalui.supabase.co/storage/v1/object/public/ringtone-files/hayyoda-jawaan-vocal-1770891078586.mp3,https://image.tmdb.org/t/p/w342/2THEsnFbscr4URq34bKYQoOTXei.jpg,"Jawaan","Anirudh ","S. Thaman",,"Love, Vocal, Male",0,2026-02-12T10:11:24.467534+00:00
32d53571-3b27-47e4-b66e-060daeb40032,"Qara - Qara Göz",https://dfcvrisaejumfpjmalui.supabase.co/storage/v1/object/public/ringtone-files/qara-qara-g-z-qara-g-z-instrumental-1770572411934.mp3,https://is1-ssl.mzstatic.com/image/thumb/Music116/v4/59/76/09/5976098b-1d54-0e8e-6f71-a7314cd266ce/197189960024.jpg/600x600bb.jpg,"Qara Göz","Amir Hossein Azari","Amir Hossein Azari",,"Mass, Instrumental, Guitar",0,2026-02-08T17:40:19.542283+00:00
32dbbc09-d07d-4fbf-b1bc-8f723ec9eecf,"Vetrikkodi - Vettrikkodi Kattu",https://dfcvrisaejumfpjmalui.supabase.co/storage/v1/object/public/ringtone-files/vetrikkodi-vettrikkodi-kattu-padayappa-vocal-1771122082409.mp3,https://image.tmdb.org/t/p/w342/8PSYF0AtpLbSlTDneCUo7zP4qL1.jpg,"Padayappa","Malaysia Vasudevan","A.R. Rahman",,"Mass, Vocal, Male",4,2026-02-15T02:21:26.107407+00:00
32fa7f4f-0a09-48c9-97fb-607947061a5d,"An angel in the arms",https://dfcvrisaejumfpjmalui.supabase.co/storage/v1/object/public/ringtone-files/an-angel-in-the-arms-pa-paandi-vocal-1771419800308.mp3,https://image.tmdb.org/t/p/w342/g1J7jWk5gTuvycRANLb171kxsGb.jpg,"Pa Paandi","","Sean Roldan",,"Love, Vocal, Male",0,2026-02-18T13:06:20.647501+00:00
3316da9d-bacf-43df-9f64-e695ceb54906,"Kamle",https://dfcvrisaejumfpjmalui.supabase.co/storage/v1/object/public/ringtone-files/kamle-kamle-raid-2-vocal-1771149135611.mp3,https://image.tmdb.org/t/p/w342/562SAxZP1sLuYqDDTuODu3hdGyx.jpg,"Raid 2","Parampara Tandon, Sachet Tandon, Kausar Munir","Amit Trivedi, Nusrat Fateh Ali Khan, Yo Yo Honey Singh, Rochak Kohli, Sachet Tandon, Parampara Thakur, White Noise Collectives",,"Vocal, Female",0,2026-02-15T09:52:18.362244+00:00
33233c23-5546-4ddc-afbc-f65e06b4ffc7,"Andhipera Azhagaaliye",https://dfcvrisaejumfpjmalui.supabase.co/storage/v1/object/public/ringtone-files/andhipera-azhagaaliye-andhipera-azhagaaliye-theeyavar-kulaigal-nadunga-vocal-1771064587000.mp3,https://image.tmdb.org/t/p/w342/aAQ0I4EZUmg7dEyTwxYZi1dYB8Y.jpg,"Theeyavar Kulaigal Nadunga","Adithya RK, Bharath Aaseevagan","Bharath Aaseevagan",,"Love, Vocal, Male",0,2026-02-14T10:23:10.067218+00:00
337fc140-37d2-4d85-9fa3-9324de590715,"Starboy  - Starboy feat. Daft Punk",https://dfcvrisaejumfpjmalui.supabase.co/storage/v1/object/public/ringtone-files/starboy-starboy-feat-daft-punk-starboy-vocal-1770866869269.mp3,https://is1-ssl.mzstatic.com/image/thumb/Music115/v4/b5/92/bb/b592bb72-52e3-e756-9b26-9f56d08f47ab/16UMGIM67864.rgb.jpg/600x600bb.jpg,"Starboy","The Weeknd","The Weeknd",,"Love, Vocal, Male",0,2026-02-12T03:27:58.860454+00:00
33f72de3-4b01-48e2-96dd-97de733ee474,"en chellakuttiye by jecin and pearle",https://dfcvrisaejumfpjmalui.supabase.co/storage/v1/object/public/ringtone-files/chellakuttiye-feat-srinish-aravind-avastha-love-song-chellakuttiye-feat-srinish-aravind-avastha-love-song-en-chellakuttiye-by-jecin-and-pearle-1769342412370.mp3,https://is1-ssl.mzstatic.com/image/thumb/Music221/v4/9c/2d/97/9c2d9771-cb47-4e2d-6e71-603f60373592/064837012858_cover.jpg/600x600bb.jpg,"Chellakuttiye (feat. Srinish Aravind) [Avastha Love Song]","Jecin George & Pearle Maaney","Jecin George & Pearle Maaney",,"Love",0,2026-01-25T12:00:27.543148+00:00
3469a6e3-bc15-41b8-a09e-24ec7f59f351,"To chalun",https://dfcvrisaejumfpjmalui.supabase.co/storage/v1/object/public/ringtone-files/to-chalun-chalui-vocal-1769602551887.mp3,https://image.tmdb.org/t/p/w342/vIGhRtl7RUrfj6qdzlYlOa400CW.jpg,"Chalui","Mj","M",,"Love, Vocal, Duet",0,2026-01-28T12:15:59.646127+00:00
3571bd66-cc9c-4a29-852f-3e53631fc7ef,"Azhaikaathey Kannalae",https://dfcvrisaejumfpjmalui.supabase.co/storage/v1/object/public/ringtone-files/azhaikaathey-kannalae-red-flower-vocal-1771066088705.mp3,https://image.tmdb.org/t/p/w342/qzzYeTPZLQqVsszo5dCBFll2QXR.jpg,"Red Flower","Santhosh Ram, Haripriya, David Simon","Santhosh Ram",,"Vocal, Male",0,2026-02-14T10:48:12.155559+00:00
35d1b03d-0788-44cc-9dab-10368cdba88d,"Indha Ponnungalay",https://dfcvrisaejumfpjmalui.supabase.co/storage/v1/object/public/ringtone-files/indha-ponnungalay-indha-ponnungalay-varuthapadatha-valibar-sangam-vocal-1770829336454.mp3,https://image.tmdb.org/t/p/w342/mWXvOXdvS9j8Va9XFIE993yIGEA.jpg,"Varuthapadatha Valibar Sangam","Jayamoorthy","D. Imman",,"Sad, Vocal, Male",0,2026-02-11T17:16:51.270129+00:00
3664acfc-8b65-49a3-8e54-0f1d143818cc,"Jaadui",https://dfcvrisaejumfpjmalui.supabase.co/storage/v1/object/public/ringtone-files/jaadui-jaadui-tu-jhoothi-main-makkaar-vocal-1771180228970.mp3,https://image.tmdb.org/t/p/w342/zHLtNP4KP0GMi6p1ACf2QvVnBvI.jpg,"Tu Jhoothi Main Makkaar","Pritam, Jubin Nautiyal & Amitabh Bhattacharya","Pritam Chakraborty, Hitesh Sonik",,"Vocal, Male",0,2026-02-15T18:30:35.47344+00:00
3765bb43-5db8-42ec-991f-bcaf7f4a33a9,"End title ",https://dfcvrisaejumfpjmalui.supabase.co/storage/v1/object/public/ringtone-files/end-title-nedunalvaadai-1771010979739.mp3,https://image.tmdb.org/t/p/w342/yaD3E4cU68E8vBMVKaxlnt2jmIg.jpg,"Nedunalvaadai","","Jose Franklin",,"Mass, Cover",0,2026-02-13T19:29:47.994395+00:00
37e58510-cbbf-409e-87f3-fcfd2441a932,"Indha Padai - Indha Padai [Original Motion Picture Soundtrack]",https://dfcvrisaejumfpjmalui.supabase.co/storage/v1/object/public/ringtone-files/indha-padai-indha-padai-original-motion-picture-soundtrack-shakthi-thirumagan-vocal-1771065971680.mp3,https://image.tmdb.org/t/p/w342/eKMNqfF6BJZ47O7OklrMgZ5r6T.jpg,"Shakthi Thirumagan","Pradeep Vijayamala & Vijay Antony","Vijay Antony",,"Vocal, Male",0,2026-02-14T10:46:15.901214+00:00
3802e63f-aaaf-4ed8-853d-bdfecfe15df9,"Aaya Re Toofan",https://dfcvrisaejumfpjmalui.supabase.co/storage/v1/object/public/ringtone-files/aaya-re-toofan-aaya-re-toofan-chhaava-vocal-1771158611941.mp3,https://image.tmdb.org/t/p/w342/ubRsrzb6NRW8YhVTJ6jG1kpNvCi.jpg,"Chhaava","A.R.Rahman, Vaishali Samant","A.R. Rahman",,"Mass, Vocal, Male",0,2026-02-15T12:30:16.257717+00:00
386b68cd-a0ce-4f9e-be52-10cac9d277a4,"Breakup Anthem",https://dfcvrisaejumfpjmalui.supabase.co/storage/v1/object/public/ringtone-files/breakup-anthem-breakup-anthem-breakup-anthem-vocal-1770960261410.mp3,https://is1-ssl.mzstatic.com/image/thumb/Music221/v4/61/6d/3d/616d3d75-dd8b-dad4-8259-7e8428be19c5/8909091786829.jpg/600x600bb.jpg,"Breakup Anthem","AniVee, Dongli Jumbo","AniVee, Dongli Jumbo",,"Vocal, Male",0,2026-02-13T05:24:48.900697+00:00
3899f954-902b-4b5d-bad3-91cd11bb4366,"Ennacho",https://dfcvrisaejumfpjmalui.supabase.co/storage/v1/object/public/ringtone-files/ennacho-ennacho-ennacho-vocal-1771269692867.mp3,https://is1-ssl.mzstatic.com/image/thumb/Music211/v4/b6/07/b5/b607b58f-29ed-8423-cee2-771d9494c550/196874102084.jpg/600x600bb.jpg,"Ennacho","Sivaangi Krishnakumar, Vignesh Ramakrishna","Sivaangi Krishnakumar",,"Vocal, Female",0,2026-02-16T19:21:39.415104+00:00
3919d507-c46f-4707-b39b-9d0966d8570d,"Usne Khanjar Dil Ke Paar Utara Hai",https://dfcvrisaejumfpjmalui.supabase.co/storage/v1/object/public/ringtone-files/usne-khanjar-dil-ke-paar-utara-hai-usne-khanjar-dil-ke-paar-utara-hai-usne-khanjar-dil-ke-paar-utara-hai-vocal-1771063750657.mp3,https://is1-ssl.mzstatic.com/image/thumb/Music221/v4/c9/8c/e0/c98ce0db-bdba-35d8-822d-c5363140028b/199538848533.jpg/600x600bb.jpg,"Usne Khanjar Dil Ke Paar Utara Hai","Shahid Ali Khan","",,"Vocal, Male",0,2026-02-14T10:09:17.466756+00:00
391d3e7a-0d0c-4d8c-a802-7fe83116e684,"jailer crown bgm",https://dfcvrisaejumfpjmalui.supabase.co/storage/v1/object/public/ringtone-files/jailer-jailer-crown-bgm-jailer-crown-bgm-instrumental-1769341786773.mp3,https://image.tmdb.org/t/p/w342/pTmMxAHqX4vsIDE6HPPxOR0Q6TN.jpg,"Jailer","","Anirudh Ravichander",,"BGM, Instrumental",1,2026-01-25T11:50:04.086385+00:00
3973eb72-cc3d-4002-9e6c-76490396a6a2,"Doli Dankana",https://dfcvrisaejumfpjmalui.supabase.co/storage/v1/object/public/ringtone-files/doli-dankana-doli-dankana-desingu-raja-2-vocal-1771066508808.mp3,https://image.tmdb.org/t/p/w342/AaDAWOa1xHYszJmf3YDR3arSjI.jpg,"Desingu Raja 2","Jitin Raj & M. M. Manasi","Vidyasagar",,"Vocal, Male",0,2026-02-14T10:55:14.966842+00:00
399e6312-9efd-4c52-851e-ec5d918a0179,"Darbar - Mass bgm darbar",https://dfcvrisaejumfpjmalui.supabase.co/storage/v1/object/public/ringtone-files/darbar-darbar-mass-bgm-darbar-1765408863978.mp3,https://image.tmdb.org/t/p/w500/39kVh9CWrY8cE6rIzRqwo6Dn1cZ.jpg,"Darbar","Neelkamal Singh & Shilpi Raj","Anirudh Ravichander",,"Mass, BGM, Instrumental",3,2025-12-10T23:21:07.881823+00:00
39a4573d-af81-42f3-bacd-dfe5492c230a,"Kabhi Jo Badal Barse-Dil De Diya Hai",https://dfcvrisaejumfpjmalui.supabase.co/storage/v1/object/public/ringtone-files/kabhi-jo-badal-barse-dil-de-diya-hai-kabhi-jo-badal-barse-dil-de-diya-hai-kabhi-jo-badal-barse-dil-de-diya-hai-vocal-1771336595570.mp3,https://is1-ssl.mzstatic.com/image/thumb/Music125/v4/5e/67/fb/5e67fb8b-91b5-98e0-3998-854d039370d9/8903431715616_cover.jpg/600x600bb.jpg,"Kabhi Jo Badal Barse-Dil De Diya Hai","Mohammed Irfan, Tulsi Kumar","",,"Vocal, Female, Love",0,2026-02-17T13:56:39.978651+00:00
3a73fe4d-2138-49ad-ac2a-955bbcbd211a,"Chal Varti",https://dfcvrisaejumfpjmalui.supabase.co/storage/v1/object/public/ringtone-files/chal-varti-chal-varti-kacchey-limbu-vocal-1771175406363.mp3,https://image.tmdb.org/t/p/w342/qB5GJW26kzHN5k4omfTeB9t1R90.jpg,"Kacchey Limbu","Anshul Takkar, Yashika Sikka & Faiz Khan","Anshul Takkar",,"Vocal, Duet",0,2026-02-15T17:10:13.97886+00:00
3a80f124-24fa-4e39-a9d1-c3a7c1dd1b91,"Tharunangal",https://dfcvrisaejumfpjmalui.supabase.co/storage/v1/object/public/ringtone-files/tharunangal-tharunangal-tharunangal-vocal-1770963188288.mp3,https://is1-ssl.mzstatic.com/image/thumb/Music211/v4/b4/aa/54/b4aa5480-72d1-5db8-3e8a-e37692809525/cover.jpg/600x600bb.jpg,"Tharunangal","Sarah Black","Sarah Black, Foxn",,"Vocal, Male",0,2026-02-13T06:13:11.177446+00:00
3aff4006-fc05-4baa-9bdc-c5760302a2cb,"Khawbon Mein",https://dfcvrisaejumfpjmalui.supabase.co/storage/v1/object/public/ringtone-files/khawbon-mein-kantara-vocal-1771181414915.mp3,https://image.tmdb.org/t/p/w342/jIsKmkxMzdCZ0Ux1GVSnu8m6Na6.jpg,"Kantara"," B. Ajaneesh Loknath, Chinmayi Sripada, Nakash Azeez, Arafat Mohamood","B. Ajaneesh Loknath",,"Vocal, Male",0,2026-02-15T18:50:20.149532+00:00
3b1499ba-6c66-4be2-9fa0-1221b5bfaa08,"Enna solla edhu solla - Enna Solla (The New Life of Tamizh)",https://dfcvrisaejumfpjmalui.supabase.co/storage/v1/object/public/ringtone-files/enna-solla-edhu-solla-enna-solla-the-new-life-of-tamizh-thangamagan-vocal-1770656121336.mp3,https://image.tmdb.org/t/p/w342/cndTIjQx0AvRzbZFsKQrz7G5dA3.jpg,"Thangamagan","Anirudh Ravichander & Shweta Mohan","Anirudh Ravichander",,"Love, Vocal, Duet",0,2026-02-09T16:55:30.100631+00:00
3b7c465b-e428-4ba9-bde4-35cd085589f9,"Nee indri",https://dfcvrisaejumfpjmalui.supabase.co/storage/v1/object/public/ringtone-files/nee-indri-indra-vocal-1771067253577.mp3,https://image.tmdb.org/t/p/w342/ha0vIE3iVFAMm3M4i5DNCmwSiO8.jpg,"Indra","Ajmal Tahseen, Adithya RK","Ajmal Tahseen",,"Love, Vocal, Male",0,2026-02-14T11:07:36.703519+00:00
3b8df982-c49c-4ead-8e06-0a796e2612e2,"Aandipatti - Aandipatti feat. Surmukhi",https://dfcvrisaejumfpjmalui.supabase.co/storage/v1/object/public/ringtone-files/aandipatti-aandipatti-feat-surmukhi-dharmadurai-vocal-1770897829793.mp3,https://image.tmdb.org/t/p/w342/cmSUOVaaaZsQRjSYpkSuWGbDStT.jpg,"Dharmadurai","Senthildass","Yuvan Shankar Raja",,"Love, Vocal, Duet",0,2026-02-12T12:06:43.373906+00:00
3b93226d-78c6-465c-a343-979bd784966c,"Arabu nade - Arabu Naadu",https://dfcvrisaejumfpjmalui.supabase.co/storage/v1/object/public/ringtone-files/arabu-nade-arabu-naadu-thottal-poo-malarum-instrumental-1770655664342.mp3,https://image.tmdb.org/t/p/w342/qGnMPWw36P5HU0ER1ItJhKS47N7.jpg,"Thottal Poo Malarum","Haricharan & Yuvan Shankar Raja","Yuvan Shankar Raja",,"Love, Instrumental, Flute",0,2026-02-09T16:49:14.605661+00:00
3b9f61a0-cedf-4f30-b228-e96ee2f15dab,"Indha Vaangiko",https://dfcvrisaejumfpjmalui.supabase.co/storage/v1/object/public/ringtone-files/indha-vaangiko-indha-vaangiko-phoenix-veezhaan-vocal-1771068158078.mp3,https://is1-ssl.mzstatic.com/image/thumb/Music221/v4/a5/9a/49/a59a49a4-6921-01ca-d886-6b0951bbfcb6/5034644797472.jpg/600x600bb.jpg,"Phoenix Veezhaan","Sam C.S., Gaana Guna, Velu, Merlin","Sam C.S.",,"Vocal, Male",0,2026-02-14T11:22:42.787347+00:00
3bbf2a8e-71f0-4d10-b293-48545951d97f,"Oh maane maane",https://dfcvrisaejumfpjmalui.supabase.co/storage/v1/object/public/ringtone-files/oh-maane-maane-oh-maane-maane-vocal-1770983070748.mp3,https://image.tmdb.org/t/p/w342/iiLslQ8Q21pG1xpg41spapZaEoF.jpg,"Oh Maane Maane","Ilayaraja ","Ilaiyaraaja",,"Love, Vocal, Male",3,2026-02-13T11:44:33.805359+00:00
3bda9289-efd0-4154-a49b-e66207b609d9,"Upbeat Rock",https://dfcvrisaejumfpjmalui.supabase.co/storage/v1/object/public/ringtone-files/upbeat-rock-upbeat-rock-the-mountain-instrumental-1771399693269.mp3,https://is1-ssl.mzstatic.com/image/thumb/Music112/v4/41/90/df/4190df1e-2bf5-c266-2dd9-635ada9c92f3/18UMGIM17014.rgb.jpg/600x600bb.jpg," The_Mountain"," The_Mountain","",,"Mass, Instrumental, Guitar, Drums",0,2026-02-18T07:28:19.170216+00:00
3c148f2e-bf86-41e5-8d15-e1ae59c1a7ee,"Etriduvai Arul Rani",https://dfcvrisaejumfpjmalui.supabase.co/storage/v1/object/public/ringtone-files/etriduvai-arul-rani-aan-vocal-1770876540368.mp3,https://is1-ssl.mzstatic.com/image/thumb/Music125/v4/3b/92/c7/3b92c7e4-92eb-dd0f-68d5-b8b5bd357ec6/075679875136.jpg/600x600bb.jpg,"Aan","S.M.Sarkar","N",,"Vocal, Male",0,2026-02-12T06:09:03.304369+00:00
3c16969a-eae8-42f0-97ca-da4167de88c0,"Only Fans",https://dfcvrisaejumfpjmalui.supabase.co/storage/v1/object/public/ringtone-files/only-fans-only-fans-only-fans-vocal-1770890601611.mp3,https://is1-ssl.mzstatic.com/image/thumb/Music221/v4/5c/ec/76/5cec76e6-1a68-f343-6140-e81d633cf288/198704513169_Cover.jpg/600x600bb.jpg,"Only Fans","Hiphop Tamizha","Hiphop Tamizha",,"Motivational, Vocal, Male",0,2026-02-12T10:03:25.020853+00:00
3c353e1b-fd38-4bb0-ba51-83f9b6a798af,"Bandhan",https://dfcvrisaejumfpjmalui.supabase.co/storage/v1/object/public/ringtone-files/bandhan-bandhan-vanvaas-vocal-1771159621334.mp3,https://image.tmdb.org/t/p/w342/rMFHWTeMeBB6xr6eIfoWfsqzito.jpg,"Vanvaas","Mithoon, Vishal Mishra, Palak Muchhal & Sayeed Quadri","Mithoon Sharma",,"Vocal, Duet",0,2026-02-15T12:47:06.150532+00:00
3c862e73-279c-4572-9a99-efae84186fcd,"Hindola",https://dfcvrisaejumfpjmalui.supabase.co/storage/v1/object/public/ringtone-files/hindola-hindola-hindola-vocal-1771056984921.mp3,https://is1-ssl.mzstatic.com/image/thumb/Music123/v4/19/40/a2/1940a206-75be-1037-648a-57d01f69145e/8903431739919_cover.jpg/600x600bb.jpg,"Hindola","Shiva Choudhary, Nish Tomar","",,"Love, Vocal, Duet",0,2026-02-14T08:16:29.814947+00:00
3c88449f-7980-43ae-8777-6dc23a11ea1c,"Bullet Vandi",https://dfcvrisaejumfpjmalui.supabase.co/storage/v1/object/public/ringtone-files/bullet-vandi-bullet-vandi-gandhi-kannadi-vocal-1771066578343.mp3,https://image.tmdb.org/t/p/w342/1rMps2Io6aRbIuyNEMfPPPUZo6N.jpg,"Gandhi Kannadi","Vivek - Mervin, Anthony Daasan & Ku Karthik","Vivek Siva, Mervin Solomon",,"Vocal, Male, Mass",0,2026-02-14T10:56:22.688265+00:00
3cf20a7f-d4fb-4e9c-ac5e-6a2fddc7023e,"Kandha sashti kavasam - Kandhasashti Kavacham",https://dfcvrisaejumfpjmalui.supabase.co/storage/v1/object/public/ringtone-files/kandha-sashti-kavasam-kandhasashti-kavacham-murugan-vocal-1770918609442.mp3,https://is1-ssl.mzstatic.com/image/thumb/Music116/v4/cb/c1/19/cbc119d4-ef3c-c71d-d7e8-ca197b06fa6d/195497885947.jpg/600x600bb.jpg,"Murugan","S.P. Balasubrahmanyam","",,"Devotional, Vocal, Male",0,2026-02-12T17:50:15.198539+00:00
3d261c17-bab9-4096-860c-6bba0fba360f,"Iyarkai",https://dfcvrisaejumfpjmalui.supabase.co/storage/v1/object/public/ringtone-files/iyarkai-iyarkai-iyarkai-bgm-interlude-1770985224004.mp3,https://image.tmdb.org/t/p/w342/cBxswEDjuFr69IP7OjZLprZ7yUo.jpg,"Iyarkai","Elen Vinyls","Vidyasagar",,"BGM, Interlude",1,2026-02-13T12:20:27.841908+00:00
3d63add4-3f3f-42ab-b4f2-b813b02bb325,"My name is rocky",https://dfcvrisaejumfpjmalui.supabase.co/storage/v1/object/public/ringtone-files/my-name-is-rocky-k-g-f-chapter-1-bgm-1770965843748.mp3,https://image.tmdb.org/t/p/w342/ltHlJwvxKv7d0ooCiKSAvfwV9tX.jpg,"K.G.F: Chapter 1","Ravi basrur","Ravi Basrur, Tanishk Bagchi",,"BGM, Chorus",0,2026-02-13T06:57:27.609941+00:00
3dcc3061-c4f4-4f84-abd3-51d1de1a641c,"Pugaipadam",https://dfcvrisaejumfpjmalui.supabase.co/storage/v1/object/public/ringtone-files/pugaipadam-pugaipadam-pugaipadam-vocal-1770972822967.mp3,https://is1-ssl.mzstatic.com/image/thumb/Music221/v4/1e/da/a7/1edaa723-58d2-8150-d0ac-66e92b837964/8720766648408.png/600x600bb.jpg,"Pugaipadam","Sebastin Rozario, Aravind Karneeswaran, Vinaita Sivakumar","Sebastin Rozario",,"Vocal, Male",0,2026-02-13T08:53:48.150652+00:00
3e6a3f67-53d9-468d-9846-794d25c93a56,"bigiluh bigiluhh bigilumaa",https://dfcvrisaejumfpjmalui.supabase.co/storage/v1/object/public/ringtone-files/bigil-bigil-bigil-bigiluma-bigiluh-bigiluhh-bigilumaa-vocal-instrumental-1769340759086.mp3,https://image.tmdb.org/t/p/w342/s4Yi1RbMyyN3hH2hElwvluP2rOG.jpg,"Bigil","A.R. Rahman","A.R. Rahman",,"Mass, Vocal, Instrumental, Female, Duet",0,2026-01-25T11:32:55.341316+00:00
3eb08d8b-9ef3-4638-a8be-9d1950a3af5c,"Retro Kadhal",https://dfcvrisaejumfpjmalui.supabase.co/storage/v1/object/public/ringtone-files/retro-kadhal-retro-kadhal-retro-kadhal-vocal-1771013477970.mp3,https://is1-ssl.mzstatic.com/image/thumb/Music221/v4/c7/d3/fe/c7d3fe05-b798-54fd-e61f-16c8a9ce4e06/8909225943333.jpg/600x600bb.jpg,"Retro Kadhal","Vaisagh, Ashlay JC","Ashlay JC",,"Vocal, Male",0,2026-02-13T20:11:22.338054+00:00
3f327a36-f9a6-4963-a7c0-4e15e5466515,"Ithu oru ponmalai",https://dfcvrisaejumfpjmalui.supabase.co/storage/v1/object/public/ringtone-files/ithu-oru-ponmalai-ithu-oru-ponmalai-nizhalgal-vocal-1770982539301.mp3,https://is1-ssl.mzstatic.com/image/thumb/Music118/v4/26/1a/fa/261afaea-72c6-a998-bb42-9005537db49f/192562328651.jpg/600x600bb.jpg,"Nizhalgal","S.P. Balasubrahmanyam","Ilaiyaraaja",,"Love, Vocal, Male",2,2026-02-13T11:35:43.953505+00:00
3f9dbfe0-f83f-4147-a726-6a591bf8bb08,"Haiyo Pathikkichu",https://dfcvrisaejumfpjmalui.supabase.co/storage/v1/object/public/ringtone-files/haiyo-pathikkichu-haiyo-pathikkichu-haiyo-pathikkichu-vocal-1771012838870.mp3,https://is1-ssl.mzstatic.com/image/thumb/Music211/v4/6e/94/66/6e9466aa-91b6-70b9-c460-07e07ab47f76/198588733066.jpg/600x600bb.jpg,"Haiyo Pathikkichu","Lavita Lobo, Jhaanvi, Dharan Kumar","Dharan Kumar",,"Vocal, Duet",0,2026-02-13T20:00:42.081515+00:00
3fc9fc1e-88a6-4cf8-9e1b-315eaf1246b9,"Mouna Raagam (Instrumental)",https://dfcvrisaejumfpjmalui.supabase.co/storage/v1/object/public/ringtone-files/mouna-raagam-instrumental-mouna-raagam-ringtone-1765075408147.mp3,https://image.tmdb.org/t/p/w500/oXy8bx56Fx53sxozHubeLLDItF7.jpg,"Mouna Raagam","Harris Prinic","Ilaiyaraaja",,"Love, Instrumental, Piano",8,2025-12-07T02:43:28.744753+00:00
3fca8611-cbcf-4113-aa3b-78de27c9258a,"Karakki Raw Version",https://dfcvrisaejumfpjmalui.supabase.co/storage/v1/object/public/ringtone-files/karakki-raw-version-karakki-raw-version-karakki-raw-version-vocal-1770973231540.mp3,https://is1-ssl.mzstatic.com/image/thumb/Music211/v4/05/9f/b7/059fb74d-2eda-4c07-a1bb-1551676b41ef/cover.jpg/600x600bb.jpg,"Karakki Raw Version","ADYKRIZ, Karunguyil Ganesh","ADYKRIZ",,"Vocal, Duet",0,2026-02-13T09:00:35.734222+00:00
405c5ba3-2574-4e5d-a214-d2648031017b,"Banjaare",https://dfcvrisaejumfpjmalui.supabase.co/storage/v1/object/public/ringtone-files/banjaare-banjaare-almost-pyaar-with-dj-mohabbat-vocal-1771174273989.mp3,https://image.tmdb.org/t/p/w342/5OKVJdLBFB2EOjCNpZlnu09HVL1.jpg,"Almost Pyaar with DJ Mohabbat","Nikhita Gandhi & Shellee","Amit Trivedi",,"Vocal, Male",0,2026-02-15T16:51:19.733981+00:00
40a4916b-7fc4-400c-852f-1ce09fa33921,"Aaj Ki Raat",https://dfcvrisaejumfpjmalui.supabase.co/storage/v1/object/public/ringtone-files/aaj-ki-raat-aaj-ki-raat-stree-2-vocal-1771168700142.mp3,https://image.tmdb.org/t/p/w342/2NC7sj8rheKxWqLYAbHnCa4mYBH.jpg,"Stree 2","Madhubanti Bagchi, Divya Kumar, Sachin-Jigar & Amitabh Bhattacharya","Sachin Sanghvi, Jigar Saraiya, Justin Varghese",,"Vocal, Female",0,2026-02-15T15:18:23.864908+00:00
40d3fde6-5dfc-4b02-85a7-91d2d5e4ac79,"Uyir Uruvaatha",https://dfcvrisaejumfpjmalui.supabase.co/storage/v1/object/public/ringtone-files/uyir-uruvaatha-uyir-uruvaatha-iravukku-aayiram-kangal-vocal-1770898035089.mp3,https://image.tmdb.org/t/p/w342/1gtw3n7dCYvwga4Kid3a7UJLkp7.jpg,"Iravukku Aayiram Kangal","Sathya Prakash & Chinmayi Sripada","Sam C S",,"Love, Vocal, Duet",0,2026-02-12T12:10:06.610133+00:00
410b1e2c-8f98-4b4a-a5a8-4979ab14702b,"Bhagavan Rap",https://dfcvrisaejumfpjmalui.supabase.co/storage/v1/object/public/ringtone-files/bhagavan-rap-bhagavan-rap-ameerin-aadhi-bhagavan-vocal-1771049765606.mp3,https://image.tmdb.org/t/p/w342/ct48GoWruYY9xM34wUXPnqD7tUc.jpg,"Ameerin Aadhi Bhagavan","The Prophecy, Sathyan","Yuvan Shankar Raja",,"Mass, Vocal, Male",0,2026-02-14T06:16:08.910563+00:00
411a0e7e-fc43-4817-94c7-a73959b1beb4,"Manamo",https://dfcvrisaejumfpjmalui.supabase.co/storage/v1/object/public/ringtone-files/manamo-manamo-jenma-natchathiram-vocal-1771067787460.mp3,https://image.tmdb.org/t/p/w342/slPH7HCWr6RrfGeVWjlK3nLFbMc.jpg,"Jenma Natchathiram","Chinmayi Sripada, Sanjay Manickam & Snekan","Sanjay Manickam",,"Vocal, Male",0,2026-02-14T11:16:30.717192+00:00
41407a60-aa10-4617-b222-89bd18aaf686,"Lubber pandhu BGM",https://dfcvrisaejumfpjmalui.supabase.co/storage/v1/object/public/ringtone-files/lubber-pandhu-bgm-lubber-pandhu-1770984383763.mp3,https://image.tmdb.org/t/p/w342/jNyLZjIgaYVkBli2JihHwABlAPY.jpg,"Lubber Pandhu","Sean roldan","Sean Roldan",,"BGM, Intro",0,2026-02-13T12:06:28.48002+00:00
41a8b3ba-3b91-4d2c-aa35-55281bdcc844,"	Do Din Ki Jawani",https://dfcvrisaejumfpjmalui.supabase.co/storage/v1/object/public/ringtone-files/do-din-ki-jawani-do-din-ki-jawani-do-din-ki-jawani-vocal-1771058473022.mp3,https://is1-ssl.mzstatic.com/image/thumb/Music118/v4/d3/41/a7/d341a7c8-6202-502e-2cb4-f253ee21b3f8/00602517024687.rgb.jpg/600x600bb.jpg,"	Do Din Ki Jawani","Shahid Ali Khan","",,"Vocal, Male",0,2026-02-14T08:41:16.668197+00:00
41d41f6c-95ff-43b5-9109-85eeb7ebcd36,"Anbae Arivu",https://dfcvrisaejumfpjmalui.supabase.co/storage/v1/object/public/ringtone-files/anbae-arivu-anbae-arivu-anbarivu-vocal-1770835330658.mp3,https://image.tmdb.org/t/p/w342/orTjlOhD7OKVxfdYI0VaxptAbFR.jpg,"Anbarivu","ḊEVA","HipHop Tamizha Jeeva, HipHop Tamizha Adhi",,"Mass, Vocal, Male",0,2026-02-11T18:56:45.512103+00:00
42f168ae-762f-4ce7-b546-5d45c5296951,"En kadhal",https://dfcvrisaejumfpjmalui.supabase.co/storage/v1/object/public/ringtone-files/en-kadhal-paiyaa-vocal-1770920960290.mp3,https://image.tmdb.org/t/p/w342/svnjrFTdJRvP3nwGEI7gEQF6fv.jpg,"Paiyaa","Yuvan","Yuvan Shankar Raja",,"Love, Vocal, Male",0,2026-02-12T18:29:26.767007+00:00
42f5ac1f-4d9b-4fdd-868a-2a5f3cc4bfda,"Tauba tauba",https://dfcvrisaejumfpjmalui.supabase.co/storage/v1/object/public/ringtone-files/tauba-tauba-tauba-tauba-bad-newz-1771038777983.mp3,https://image.tmdb.org/t/p/w342/qDlqxGATpYBWqGciPB4tmQm3bFT.jpg,"Bad Newz","Karan Aujla","Amar Mohile",,"Mass, Intro",0,2026-02-14T03:13:03.175304+00:00
4304ba56-f764-473f-aa0b-55500b1d1725,"Engal veetil - Engal Veetil Ella Naazhum",https://dfcvrisaejumfpjmalui.supabase.co/storage/v1/object/public/ringtone-files/engal-veetil-engal-veetil-ella-naazhum-vaanathaippola-1771006179417.mp3,https://image.tmdb.org/t/p/w342/nEk8DvA38XYBaB0bXjP1a3AZKO9.jpg,"Vaanathaippola","S.A. Rajkumar, Pa. Vijay, Na.Muthukumar, S.P. Balasubrahmanyam, Sujatha & Arunmozhi","S A Rajkumar",,"Motivational, Chorus",0,2026-02-13T18:09:45.764102+00:00
435ece20-3d48-4506-9e40-f6abd33bec4d,"Dior",https://dfcvrisaejumfpjmalui.supabase.co/storage/v1/object/public/ringtone-files/dior-dior-dior-instrumental-1771400276561.mp3,https://is1-ssl.mzstatic.com/image/thumb/Music126/v4/dc/46/a9/dc46a9c9-794e-2d7a-1afb-97eb4ae0fff6/197188915704.jpg/600x600bb.jpg,"Dior","","",,"Mass, Instrumental, Guitar, Drums, Whistle",0,2026-02-18T07:38:06.026417+00:00
4392d91c-ac0f-44bc-b1f1-97ee563f5942,"Agar Ho Tum",https://dfcvrisaejumfpjmalui.supabase.co/storage/v1/object/public/ringtone-files/agar-ho-tum-agar-ho-tum-mr-mrs-mahi-vocal-1771168850635.mp3,https://image.tmdb.org/t/p/w342/jnbcyRxzQbYOLSzz7OvU4pNwq42.jpg,"Mr. & Mrs. Mahi","Tanishk Bagchi, Kausar Munir","Tanishk Bagchi, John Stewart Eduri, Aadesh Shrivastava, Yuva, Hunny-Bunny, Achint Thakkar, Dhruv Dhalla, Vishal Mishra",,"Vocal, Male, Love",0,2026-02-15T15:20:54.317378+00:00
439fb471-2b44-4ab1-8a26-25c8015f2da2,"Kodi aruvi",https://dfcvrisaejumfpjmalui.supabase.co/storage/v1/object/public/ringtone-files/kodi-aruvi-kodi-aruvi-mehandi-circus-vocal-1770919873050.mp3,https://image.tmdb.org/t/p/w342/y6oPRplYgKqukGoBQbzCmMzYSqu.jpg,"Mehandi Circus","Pradeep Kumar & Nithyashree Venkataramanan","Sean Roldan",,"Love, Vocal, Female",0,2026-02-12T18:11:19.991064+00:00
43c79a1a-a717-48e1-b4d2-84879ee89f60,"Scars to your beautiful ",https://dfcvrisaejumfpjmalui.supabase.co/storage/v1/object/public/ringtone-files/scars-to-your-beautiful-scars-to-your-beautiful-know-it-all-deluxe-vocal-1770866753343.mp3,https://is1-ssl.mzstatic.com/image/thumb/Music124/v4/29/28/2a/29282a49-3ee2-3a4d-3ff5-16c10806aaa6/15UMGIM55240.rgb.jpg/600x600bb.jpg,"Know-It-All Deluxe","Alessia Cara","Alessia Cara",,"Sad, Vocal, Female",0,2026-02-12T03:26:00.581067+00:00
43e568a7-3b4a-41bc-aecd-f64273036ab5,"Bodha Devadha",https://dfcvrisaejumfpjmalui.supabase.co/storage/v1/object/public/ringtone-files/bodha-devadha-bodha-devadha-vocal-1770958163195.mp3,https://is1-ssl.mzstatic.com/image/thumb/Music116/v4/4c/97/01/4c970117-f4e2-8458-797f-b4e819001001/196626053558.jpg/600x600bb.jpg,"Bodha Devadha","Vshvaa","Vshvaa",,"Vocal, Male",0,2026-02-13T04:49:27.378171+00:00
442a2e4c-1a06-4264-9c25-4d1151afd870,"Levitating",https://dfcvrisaejumfpjmalui.supabase.co/storage/v1/object/public/ringtone-files/levitating-levitating-future-nostalgia-vocal-1770572282807.mp3,https://is1-ssl.mzstatic.com/image/thumb/Music116/v4/6c/11/d6/6c11d681-aa3a-d59e-4c2e-f77e181026ab/190295092665.jpg/600x600bb.jpg,"Future Nostalgia","Dua Lipa","Dua Lipa",,"Mass, Vocal, Female",0,2026-02-08T17:38:07.983299+00:00
4436de2b-7c52-430e-ba1a-e78dfea663a0,"Revenge ",https://dfcvrisaejumfpjmalui.supabase.co/storage/v1/object/public/ringtone-files/revenge-thudarum-bgm-instrumental-1771174863894.mp3,https://image.tmdb.org/t/p/w342/uOTDBabtxHA6szYKQNQe9Y7rFlv.jpg,"Thudarum","","Jakes Bejoy",,"BGM, Instrumental, Guitar",0,2026-02-15T17:01:09.776113+00:00
44cca215-213f-4851-a46d-0d2bc000d82c,"Jodi Porutham (From ""Aanpaavam Pollathathu"")",https://res.cloudinary.com/drvs4msnn/video/upload/v1764790627/znkypaosafmkaqwgvszb.mp3,https://image.tmdb.org/t/p/w500/5eZzBvETRK8uDz3mUK0Feio2T5C.jpg,"Aan Paavam Pollathathu","Lakshmikanth M, Siddhu Kumar & Vignesh Ramakrishna","",,"Love, Male",2,2025-12-03T19:37:08.506551+00:00
45310c5a-48f3-4cae-bcb1-f613d4730870,"Nagumo",https://dfcvrisaejumfpjmalui.supabase.co/storage/v1/object/public/ringtone-files/nagumo-nagumo-hridayam-vocal-1771089954491.mp3,https://image.tmdb.org/t/p/w342/rMNzpbruCuBmYPWhaNLrKOlNKcu.jpg,"Hridayam","Hesham Abdul Wahab & Arvind Venugopal","Hesham Abdul Wahab",,"Love, Vocal, Male",0,2026-02-14T17:26:00.006331+00:00
45610bd3-f487-47be-9cde-e19b9f9308ff,"Arriaval - Arrival Of The Ruffian",https://dfcvrisaejumfpjmalui.supabase.co/storage/v1/object/public/ringtone-files/arriaval-arrival-of-the-ruffian-kaithi-1771009323350.mp3,https://image.tmdb.org/t/p/w342/mxvOvom5zKRp4WPURKrhjoatt4P.jpg,"Kaithi","Sam C S","Sam C S",,"Mass, Chorus",0,2026-02-13T19:02:10.824765+00:00
46246a2c-f9fa-4333-aa74-93c56343d764,"vinayagar samy song",https://dfcvrisaejumfpjmalui.supabase.co/storage/v1/object/public/ringtone-files/vinayagar-onbathu-kolum-vinayagar-samy-song-1769423664541.mp3,https://is1-ssl.mzstatic.com/image/thumb/Music115/v4/10/42/46/1042466c-b004-5faf-024f-4a643e5fe8d3/813015025483.jpg/600x600bb.jpg,"Vinayagar","T.L.Maharajan","",,"Devotional",0,2026-01-26T10:34:32.790565+00:00
46736ac9-f822-4303-a2c6-1f648215f04d,"Bahut Din Beete",https://dfcvrisaejumfpjmalui.supabase.co/storage/v1/object/public/ringtone-files/bahut-din-beete-bahut-din-beete-ram-setu-vocal-1771183402215.mp3,https://image.tmdb.org/t/p/w342/d14btEr1IdwITOpwsktGLYJ8O5v.jpg,"Ram Setu","Ved Sharma & Raja Hasan","Atul Gogavale, Daniel B George, Ved Sharma, Vikram Montrose, Ajay Gogavale, Dr. Zeus",,"Vocal, Duet",0,2026-02-15T19:23:26.551932+00:00
46d7963d-5361-46ae-880c-cbee99069287,"thaimai theri",https://dfcvrisaejumfpjmalui.supabase.co/storage/v1/object/public/ringtone-files/theri-thaimai-thaimai-theri-1769343046559.mp3,https://image.tmdb.org/t/p/w342/f6BhexotEqO3GejXa3FopBNGL6M.jpg,"Theri","Bombay Jayashri","G. V. Prakash Kumar",,"",0,2026-01-25T12:11:02.533195+00:00
4844b2f8-3d77-49fa-b33f-d21d71242c8d,"Dashamakan - Title Promo - Dashamakan - Title Promo TAMIL",https://dfcvrisaejumfpjmalui.supabase.co/storage/v1/object/public/ringtone-files/dashamakan-title-promo-dashamakan-title-promo-tamil-dashamakan-vocal-1771065047764.mp3,https://image.tmdb.org/t/p/w342/hX5D7Y1T3njHwMyBTzUlLjRb7gi.jpg,"Dashamakan","Britto Michael, Smile Tupakeys, Mc Vijay Sandy & Lil Keezy","Britto Michael",,"Vocal, Male",0,2026-02-14T10:30:50.584575+00:00
4853f0c7-3c2d-41d2-91e6-cef3aeb99a8b,"theme slow  - Mouna Raagam",https://dfcvrisaejumfpjmalui.supabase.co/storage/v1/object/public/ringtone-files/theme-slow-mouna-raagam-mouna-raagam-instrumental-1770843316332.mp3,https://image.tmdb.org/t/p/w342/oXy8bx56Fx53sxozHubeLLDItF7.jpg,"Mouna Raagam","Jolly Mukherjee, T K Kala & Anil Kiran.","Ilaiyaraaja",,"Sad, Instrumental, Piano",2,2026-02-11T20:55:19.349485+00:00
486b7645-68a6-4939-b27f-7558387bac69,"Theekkoluthi rathiname ",https://res.cloudinary.com/drvs4msnn/video/upload/v1764790338/tqdew1k5l2ls5wnzneqw.mp3,,"Bison Kaalamaadan","Nivas K Prasanna & Mari Selvaraj","",,"Love, Sad, Male",10,2025-12-03T19:32:18.940411+00:00
48759f16-e8d8-49fa-b904-ce519f24c4fb,"Waka waka - Waka Waka This Time for Africa [The Official 2010 FIFA World Cup TM Song] [feat. Freshlyground] [Single]",https://dfcvrisaejumfpjmalui.supabase.co/storage/v1/object/public/ringtone-files/waka-waka-waka-waka-this-time-for-africa-the-official-2010-fifa-world-cup-tm-song-feat-freshlyground-single-listen-up-the-official-2010-fifa-world-cup-album-vocal-1770867266144.mp3,https://is1-ssl.mzstatic.com/image/thumb/Music124/v4/3e/3a/73/3e3a73da-e19e-b26c-ec19-9da6a5da93fa/mzi.ixhiugev.jpg/600x600bb.jpg,"Listen Up! The Official 2010 FIFA World Cup Album","Shakira","Shakira",,"Mass, Vocal, Female",0,2026-02-12T03:34:40.831434+00:00
48cfeb82-bff8-4912-89a8-0f52b8b3846d,"Dil Nahi Todenge",https://dfcvrisaejumfpjmalui.supabase.co/storage/v1/object/public/ringtone-files/dil-nahi-todenge-dil-nahi-todenge-maidaan-vocal-1771172066360.mp3,https://image.tmdb.org/t/p/w342/eKbAVKQf6choCfasNWuYoSTOPBP.jpg,"Maidaan","A.R.Rahman, Javed Ali","A.R. Rahman",,"Vocal, Male",0,2026-02-15T16:14:35.087273+00:00
48f92ff3-6352-4391-b4e9-1ad89609b633,"Kattumalli",https://dfcvrisaejumfpjmalui.supabase.co/storage/v1/object/public/ringtone-files/kattumalli-viduthalai-part-i-vocal-1770881874032.mp3,https://image.tmdb.org/t/p/w342/oTxPji8PY3PL0SK9e4mkt2laJKg.jpg,"Viduthalai: Part I","Ilayaraja ","Ilaiyaraaja",,"Love, Vocal, Female",0,2026-02-12T07:37:58.068169+00:00
4901ff41-200b-422e-a9c2-6106194f03e0,"Dil Ghabraye",https://dfcvrisaejumfpjmalui.supabase.co/storage/v1/object/public/ringtone-files/dil-ghabraye-dil-ghabraye-i-want-to-talk-vocal-1771168418896.mp3,https://image.tmdb.org/t/p/w342/rqzv36dIy15ZdJvud02mYKKCRyT.jpg,"I Want to Talk","Taba Chake","George Joseph, Koyna, Taba Chake",,"Love, Vocal, Male",0,2026-02-15T15:13:43.456848+00:00
4943e245-0946-40f4-ae75-34571836c1cd,"Manaailaayo - Manasilaayo",https://dfcvrisaejumfpjmalui.supabase.co/storage/v1/object/public/ringtone-files/manaailaayo-manasilaayo-vettaiyan-1771038421076.mp3,https://image.tmdb.org/t/p/w342/yEEyhQaW7cEb0IDJstoMBmEtPND.jpg,"Vettaiyan","Anirudh Ravichander, Malaysia Vasudevan, Deepthi Suresh & Yugendran Vasudevan","Anirudh Ravichander",,"Mass, Chorus",0,2026-02-14T03:07:07.653773+00:00
4969597f-134d-4940-82a4-4c307a2b5382,"Kana Kanden",https://dfcvrisaejumfpjmalui.supabase.co/storage/v1/object/public/ringtone-files/kana-kanden-kana-kanden-vocal-1770957218619.mp3,https://is1-ssl.mzstatic.com/image/thumb/Music211/v4/13/42/48/1342485e-ef76-d8e1-75bd-bad8947b4b16/199538393422.jpg/600x600bb.jpg,"Kana Kanden","Stephen Zechariah, Pragathi Guruprasad","Stephen Zechariah",,"Love, Vocal, Duet",0,2026-02-13T04:33:43.085363+00:00
49a2f9d9-6e14-4275-a3aa-85346a610d33,"The soldiers ",https://dfcvrisaejumfpjmalui.supabase.co/storage/v1/object/public/ringtone-files/the-soldiers-soorarai-pottru-1771179549728.mp3,https://image.tmdb.org/t/p/w342/5uimlxPCgAei8JfQUDFEUQLoyyh.jpg,"Soorarai Pottru","","G. V. Prakash Kumar",,"Mass, Chorus",0,2026-02-15T18:19:22.721307+00:00
49c48e20-b87a-4311-947a-ead1ae34fc3f,"Aankhon Ka Bheeg Jana",https://dfcvrisaejumfpjmalui.supabase.co/storage/v1/object/public/ringtone-files/aankhon-ka-bheeg-jana-aankhon-ka-bheeg-jana-aankhon-ka-bheeg-jana-vocal-1771058342252.mp3,https://is1-ssl.mzstatic.com/image/thumb/Music221/v4/6f/1b/6f/6f1b6f34-b054-b8b4-7d19-0aad8e411ec1/199538825886.jpg/600x600bb.jpg,"Aankhon Ka Bheeg Jana","Shahid Ali Khan","",,"Vocal, Male",0,2026-02-14T08:39:06.111251+00:00
4a020e61-ad7e-454d-a159-a7b87dc61f9a,"Aazaadi",https://dfcvrisaejumfpjmalui.supabase.co/storage/v1/object/public/ringtone-files/aazaadi-aazaadi-thandel-vocal-1771332106852.mp3,https://image.tmdb.org/t/p/w342/uaMcu3I9l3qyYovya7dwUcdU6ve.jpg,"Thandel","Devi Sri Prasad, Nakul Abhyankar & Shree Mani","Devi Sri Prasad",,"Vocal, Male, Mass",0,2026-02-17T12:41:50.391623+00:00
4a3bdfd0-3550-49e2-b6ca-f0d4d3c15a0d,"Haiyoo Saachal",https://dfcvrisaejumfpjmalui.supabase.co/storage/v1/object/public/ringtone-files/haiyoo-saachal-haiyoo-saachal-haiyoo-saachal-vocal-1770973138009.mp3,https://images.unsplash.com/photo-1574267432644-f610a5e0d4c5?w=600,"Haiyoo Saachal","Vignesh Mahendran, Adithya RK","Vignesh Mahendran",,"Love, Vocal, Male",0,2026-02-13T08:59:03.088346+00:00
4a59c643-d024-44d8-9b51-f9ca4e714dbf,"Oorukaaran",https://dfcvrisaejumfpjmalui.supabase.co/storage/v1/object/public/ringtone-files/oorukaaran-oorukaaran-oorukaaran-vocal-1770972451277.mp3,https://is1-ssl.mzstatic.com/image/thumb/Music122/v4/6c/c7/ff/6cc7ffcf-958a-293e-26c5-ed2aa9be3550/22UMGIM58607.rgb.jpg/600x600bb.jpg,"Oorukaaran","Hiphop Tamizha, Era, Chinna Ponnu","HipHop Tamizha Adhi",,"Mass, Vocal, Duet",0,2026-02-13T08:47:36.182949+00:00
4a6058a1-c1f1-49e2-abfd-a3837b4a7a9e,"O Penne",https://dfcvrisaejumfpjmalui.supabase.co/storage/v1/object/public/ringtone-files/o-penne-o-penne-janata-bar-vocal-1771064672756.mp3,https://image.tmdb.org/t/p/w342/2Zpk5lM4hR6KferfpQ0iqZcTM3o.jpg,"Janata Bar","Kaviya Isaivi & Vinod Yajamanya"," Vinod Yajamanya",,"Vocal, Female",0,2026-02-14T10:24:38.430785+00:00
4a7460b6-14d7-46f2-b2b6-2fa7bcfc7016,"Jab Tak",https://dfcvrisaejumfpjmalui.supabase.co/storage/v1/object/public/ringtone-files/jab-tak-jab-tak-m-s-dhoni-the-untold-story-vocal-1771015958872.mp3,https://image.tmdb.org/t/p/w342/lUpMckVHaB55YJ3SMK0arwxKmCt.jpg,"M.S. Dhoni: The Untold Story","Armaan Malik","Amaal Mallik, Rochak Kohli",,"Love, Vocal, Male",0,2026-02-13T20:52:42.48528+00:00
4a89f6ef-dcc0-4a61-9dd8-f466a07d10e5,"Mere Rote Hai Naina",https://dfcvrisaejumfpjmalui.supabase.co/storage/v1/object/public/ringtone-files/mere-rote-hai-naina-mere-rote-hai-naina-mere-rote-hai-naina-vocal-1771059427599.mp3,https://is1-ssl.mzstatic.com/image/thumb/Music211/v4/0e/f7/3a/0ef73a63-fb5c-c6d2-a734-ee2b0be0225c/199538869156.jpg/600x600bb.jpg,"Mere Rote Hai Naina","Shahid Ali Khan","",,"Vocal, Male",0,2026-02-14T08:57:11.40728+00:00
4b10b1e5-ffcf-4cec-a999-63a235c11133,"Karthigai villakku",https://dfcvrisaejumfpjmalui.supabase.co/storage/v1/object/public/ringtone-files/karthigai-villakku-murugan-vocal-1770918494676.mp3,https://dfcvrisaejumfpjmalui.supabase.co/storage/v1/object/public/deities/auto_murugan.png,"Murugan","","",,"Devotional, Vocal, Male",0,2026-02-12T17:48:24.979736+00:00
4b489dc3-c201-4b4f-8e00-2939b30c1c21,"Diamonds",https://dfcvrisaejumfpjmalui.supabase.co/storage/v1/object/public/ringtone-files/diamonds-ayan-instrumental-1771237895784.mp3,https://image.tmdb.org/t/p/w342/49UwEe5U1GuRC6W7difviwCgde2.jpg,"Ayan","","Harris Jayaraj",,"Mass, Instrumental, Violin",0,2026-02-16T10:34:34.754115+00:00
4bf55079-739f-41af-b5b8-c993669bd08c,"Teena Teena",https://dfcvrisaejumfpjmalui.supabase.co/storage/v1/object/public/ringtone-files/teena-teena-teena-teena-teena-teena-vocal-1770964843166.mp3,https://is1-ssl.mzstatic.com/image/thumb/Music211/v4/a4/cd/8e/a4cd8e58-3860-7f45-6800-989b720034f0/198704164088_Cover.jpg/600x600bb.jpg,"Teena Teena","A H Kaashif, Bharath K Rajesh, Amina Rafiq","",,"Vocal, Male",0,2026-02-13T06:40:47.412415+00:00
4c4838a3-b6af-47cd-91b3-94ec52bbda0b,"Bloody mary",https://dfcvrisaejumfpjmalui.supabase.co/storage/v1/object/public/ringtone-files/bloody-mary-bloody-mary-born-this-way-vocal-1770828804103.mp3,https://is1-ssl.mzstatic.com/image/thumb/Music221/v4/53/00/7f/53007fa9-9b02-1fdb-290a-b0ca791a8c98/11UMGIM12477.rgb.jpg/600x600bb.jpg,"Born This Way","Lady Gaga","Lady Gaga",,"Mass, Vocal, Female",0,2026-02-11T16:53:45.106135+00:00
4c6e4013-9f48-4a9d-afeb-87def2048567,"Damaru Damaru",https://dfcvrisaejumfpjmalui.supabase.co/storage/v1/object/public/ringtone-files/damaru-damaru-damaru-damaru-kaayal-vocal-1771067329306.mp3,https://image.tmdb.org/t/p/w342/2s68KJY86yKZM0S2UjqJ7Cele85.jpg,"Kaayal","Sinduri Vishal, Dhamayanthi & Justin Khenaniah","Justin Khenaniah",,"Vocal, Male",0,2026-02-14T11:08:52.625471+00:00
4c8af127-adee-4994-b1ec-60ba73d6afa6,"October beat",https://dfcvrisaejumfpjmalui.supabase.co/storage/v1/object/public/ringtone-files/october-beat-october-beat-october-beat-instrumental-1771417160558.mp3,https://is1-ssl.mzstatic.com/image/thumb/Music126/v4/80/c2/d2/80c2d23f-1751-3739-a5a4-4397849bea62/5063292080575_cover.jpg/600x600bb.jpg,"October beat","","",,"Instrumental, Keyboard, Guitar, Piano",0,2026-02-18T12:19:25.0697+00:00
4d35ca48-9866-4d7b-9b09-63021e7632be," Medhuvaga Medhuvaga",https://dfcvrisaejumfpjmalui.supabase.co/storage/v1/object/public/ringtone-files/medhuvaga-medhuvaga-medhuvaga-medhuvaga-naane-ennul-illai-vocal-1771049433450.mp3,https://is1-ssl.mzstatic.com/image/thumb/Music124/v4/7a/70/1f/7a701f01-2737-135f-23cb-300f7483b6b2/889176981623.jpg/600x600bb.jpg,"Naane Ennul Illai","Karthik, Chinmayi Sripada","Amresh Ganesh",,"Love, Vocal, Male",0,2026-02-14T06:10:36.26072+00:00
4eeeee67-fc10-4eca-9cb6-c9d985830fb9,"Chikka Lakka Chikka",https://dfcvrisaejumfpjmalui.supabase.co/storage/v1/object/public/ringtone-files/chikka-lakka-chikka-chikka-lakka-chikka-chikka-lakka-chikka-vocal-1770975047878.mp3,https://is1-ssl.mzstatic.com/image/thumb/Music221/v4/b2/30/05/b23005c1-17d5-59a2-25b9-f13a1935d00b/196872484069.jpg/600x600bb.jpg,"Chikka Lakka Chikka","Santhosh Dhayanidhi, Sachu Madrasi","Santhosh Dhayanidhi",,"Vocal, Male, Mass",0,2026-02-13T09:30:52.179745+00:00
4efd3419-9e3a-47a3-9d24-3987bb07332e,"Nanbiye",https://dfcvrisaejumfpjmalui.supabase.co/storage/v1/object/public/ringtone-files/nanbiye-nanbiye-teddy-vocal-1770899673947.mp3,https://image.tmdb.org/t/p/w342/cy9UzsNLgCFcmNdrooO5c4D2eF1.jpg,"Teddy","Anirudh Ravichander & D. Imman","D. Imman",,"Motivational, Vocal, Male",0,2026-02-12T12:37:29.336869+00:00
4f378c13-efb6-4b7a-8c47-5b100654608d,"Goron Ne Ki Hai Badi",https://dfcvrisaejumfpjmalui.supabase.co/storage/v1/object/public/ringtone-files/goron-ne-ki-hai-badi-thangalaan-vocal-1771158897858.mp3,https://image.tmdb.org/t/p/w342/dAci50FwevkdWIUzQWpdz7kSKHe.jpg,"Thangalaan","G. V. Prakash Kumar, Roshan NC","G. V. Prakash Kumar",,"Mass, Vocal, Male",0,2026-02-15T12:35:03.770936+00:00
4fa64ee1-ca8f-44a4-8e5b-fe48b05da223,"Jilloma",https://dfcvrisaejumfpjmalui.supabase.co/storage/v1/object/public/ringtone-files/jilloma-middle-class-vocal-1770834408839.mp3,https://image.tmdb.org/t/p/w342/3cn1eQq4xhax9OBLxfyraCizGAp.jpg,"Middle Class","Pranav Muniraj, Kapil Kapilan","Pranav Muniraj",,"Funny, Vocal, Male",0,2026-02-11T18:41:23.09632+00:00
50228285-2a3e-4078-b7df-f7c1767ee622,"Karuppu Car",https://dfcvrisaejumfpjmalui.supabase.co/storage/v1/object/public/ringtone-files/karuppu-car-karuppu-car-karuppu-car-vocal-1770883432460.mp3,https://is1-ssl.mzstatic.com/image/thumb/Music211/v4/de/62/dc/de62dc53-3034-7848-02b2-7e68cf07641b/cover.jpg/600x600bb.jpg,"Karuppu Car","Asal Kolaar, Bank Rolls Young, RXZOR, Khonsabeats","Asal Kolaar",,"Vocal, Male",0,2026-02-12T08:03:56.297897+00:00
50241695-6e3d-439e-ab97-242515d7aec5,"Nethu Adicha Sarakku",https://dfcvrisaejumfpjmalui.supabase.co/storage/v1/object/public/ringtone-files/nethu-adicha-sarakku-nethu-adicha-sarakku-nethu-adicha-sarakku-vocal-1770963332418.mp3,https://is1-ssl.mzstatic.com/image/thumb/Music221/v4/08/50/a8/0850a882-ab2c-d268-2195-173ca1a3c260/859791094909_cover.jpg/600x600bb.jpg,"Nethu Adicha Sarakku","Selojan, Ratty Adhiththan","",,"Vocal, Male, Love",0,2026-02-13T06:15:36.359673+00:00
50e32eb5-a275-4b3a-a45b-06c04563a2cc,"Onnu Rendu Rap - International",https://dfcvrisaejumfpjmalui.supabase.co/storage/v1/object/public/ringtone-files/onnu-rendu-rap-international-international-vocal-1770879851202.mp3,https://is1-ssl.mzstatic.com/image/thumb/Music/72/5b/84/mzi.cpvzvkqh.jpg/600x600bb.jpg,"International","Hiphop Tamizha","HipHop Tamizha Adhi",,"Motivational, Vocal, Male",0,2026-02-12T07:04:15.003545+00:00
50e49e7e-424c-472b-a527-76c45c824b46,"Anda Bata Paratha",https://dfcvrisaejumfpjmalui.supabase.co/storage/v1/object/public/ringtone-files/anda-bata-paratha-anda-bata-paratha-salaam-venky-vocal-1771181104679.mp3,https://image.tmdb.org/t/p/w342/mAuD8aAiTK6U4xOnoqSHgZPcwbM.jpg,"Salaam Venky","Mithoon, Benny Dayal, Aditi Singh Sharma","Mithoon Sharma",,"Vocal, Duet",0,2026-02-15T18:45:08.86193+00:00
517e6359-777e-4525-a3fa-76ca7e78ad08,"Aao Killelle",https://dfcvrisaejumfpjmalui.supabase.co/storage/v1/object/public/ringtone-files/aao-killelle-aao-killelle-aao-killelle-vocal-1770883737438.mp3,https://is1-ssl.mzstatic.com/image/thumb/Music221/v4/10/80/6c/10806c08-d5b6-94e9-0181-4bc60ccce883/196922962189_Cover.jpg/600x600bb.jpg,"Aao Killelle","Pravin Mani, Anirudh Ravichander, Vaishali Sriprathap","Pravin Mani",,"Vocal, Duet",0,2026-02-12T08:09:00.91293+00:00
51a63a80-37f4-4b73-bc56-58babc65d1de,"Osarattum - Osarattum Pathu Thala",https://dfcvrisaejumfpjmalui.supabase.co/storage/v1/object/public/ringtone-files/osarattum-osarattum-pathu-thala-pathu-thala-1771177634116.mp3,https://image.tmdb.org/t/p/w342/rNI3Y4mfsOUpQidwBtZj9EjwImb.jpg,"Pathu Thala","A.R. Rahman, Deepthi Suresh, Sreekanth Hariharan & Sathyaprakash","A.R. Rahman",,"Mass, Intro",2,2026-02-15T17:47:21.448383+00:00
51c91cf3-b828-4b3e-b9c5-11dd9cef3cbb,"Mankatha - BGM - Instrumental",https://dfcvrisaejumfpjmalui.supabase.co/storage/v1/object/public/ringtone-files/mankatha-bgm-instrumental-1768518939641.mp3,/tZnDKJyUYfZKKPfBgVheU9vKlUo.jpg,"Mankatha","","Yuvan Shankar Raja",,"Mass, BGM, Instrumental",26,2026-01-15T23:15:42.010228+00:00
51e6305a-f5f2-4809-8464-dfec44f0ee2a,"Temple fight",https://dfcvrisaejumfpjmalui.supabase.co/storage/v1/object/public/ringtone-files/temple-fight-gatta-kusthi-instrumental-1771010008162.mp3,https://image.tmdb.org/t/p/w342/gkKA5pR0Nm0xoqnbfGds7sPdQ4X.jpg,"Gatta Kusthi","","Justin Prabhakaran",,"Mass, Instrumental, Keyboard",2,2026-02-13T19:13:41.641615+00:00
51f135d0-22a2-45a6-b3db-74172fbc245e,"Chanda Mama",https://dfcvrisaejumfpjmalui.supabase.co/storage/v1/object/public/ringtone-files/chanda-mama-chanda-mama-bheed-vocal-1771175806972.mp3,https://image.tmdb.org/t/p/w342/sJ3uHEY9LLP0BpdPy0KlJzYnmkv.jpg,"Bheed","Romy & Anurag Saikia","Mangesh Dhakade, Anurag Saikia",,"Vocal, Duet",0,2026-02-15T17:16:54.004538+00:00
521f5bae-b599-45d5-b629-896fcbedd04c,"Unna Pethavan",https://dfcvrisaejumfpjmalui.supabase.co/storage/v1/object/public/ringtone-files/unna-pethavan-unna-pethavan-unna-pethavan-vocal-1770958058488.mp3,https://is1-ssl.mzstatic.com/image/thumb/Music123/v4/a7/84/7f/a7847fd5-a8de-c891-6d82-f3c32221fe9f/65112.jpg/600x600bb.jpg,"Unna Pethavan","Johan Anthony","Johan Anthony",,"Vocal, Male",0,2026-02-13T04:47:42.019267+00:00
524789eb-e5ec-4da8-811f-da10966b7472,"Endrendrum punnagai",https://dfcvrisaejumfpjmalui.supabase.co/storage/v1/object/public/ringtone-files/endrendrum-punnagai-endrendrum-punnagai-alaipayuthey-bgm-vocal-1771122251100.mp3,https://image.tmdb.org/t/p/w342/rnN492zNPK5zvXvDQILm0KRLwD4.jpg,"Alaipayuthey","Srinivas, Clinton, Praveen & L. Shankar","A.R. Rahman",,"BGM, Vocal, Male",2,2026-02-15T02:24:20.635937+00:00
528c224a-58d1-4798-a3aa-ea67eb1df866,"Thegidi romance ",https://dfcvrisaejumfpjmalui.supabase.co/storage/v1/object/public/ringtone-files/thegidi-romance-thegidi-bgm-1771249660271.mp3,https://image.tmdb.org/t/p/w342/4qgRM6XOk0cNVdeeNAHLbjhKdJ3.jpg,"Thegidi","","Nivas Prasanna",,"Love, Cover, BGM",1,2026-02-16T13:47:45.059595+00:00
52bff127-c203-4be9-bb53-8da9d7e4d757,"Is it still over - Is It Still Over?",https://dfcvrisaejumfpjmalui.supabase.co/storage/v1/object/public/ringtone-files/is-it-still-over-is-it-still-over-old-8x10-vocal-1770827370147.mp3,https://is1-ssl.mzstatic.com/image/thumb/Music124/v4/40/52/34/4052345d-88e3-d43d-d1de-133a0afec16d/mzi.rhktlcbh.jpg/600x600bb.jpg,"Old 8X10","Randy Travis","Randy Travis",,"Funny, Vocal, Male",0,2026-02-11T16:29:34.273471+00:00
52fcbd51-a313-48a4-8895-9eaf7806b03f,"Kadhal Universe",https://dfcvrisaejumfpjmalui.supabase.co/storage/v1/object/public/ringtone-files/kadhal-universe-kadhal-universe-kadhal-universe-vocal-1770883884444.mp3,https://is1-ssl.mzstatic.com/image/thumb/Music126/v4/d9/ca/a2/d9caa25e-9eb5-a85d-5187-1d3688dfcaa5/cover.jpg/600x600bb.jpg,"Kadhal Universe","Pravin Mani, Haricharan","Pravin Mani",,"Vocal, Male",0,2026-02-12T08:11:27.83436+00:00
530f8b4b-8dd2-4715-8191-39fdc3fc19f4,"La La Heartu Nikkala",https://dfcvrisaejumfpjmalui.supabase.co/storage/v1/object/public/ringtone-files/la-la-heartu-nikkala-la-la-heartu-nikkala-la-la-heartu-nikkala-vocal-1770887674087.mp3,https://is1-ssl.mzstatic.com/image/thumb/Music116/v4/76/31/8c/76318c48-f276-b60e-71f6-03cb04bc3244/196922689437_Cover.jpg/600x600bb.jpg,"La La Heartu Nikkala","Harsha Vardhan, K. Sivaangi","Harsha Vardhan",,"Drums, Love, Vocal, Duet",0,2026-02-12T09:14:37.773042+00:00
5352c46f-874f-4ba6-9666-3dec39ffcf7c,"Karuppu gets the best coach",https://dfcvrisaejumfpjmalui.supabase.co/storage/v1/object/public/ringtone-files/karuppu-gets-the-best-coach-aadukalam-instrumental-1770987695521.mp3,https://image.tmdb.org/t/p/w342/osU8Egxu2xhS6RwkxDbfOMYjZZ2.jpg,"Aadukalam","G V Prakash ","G. V. Prakash Kumar",,"Mass, Instrumental, Guitar",0,2026-02-13T13:01:40.357931+00:00
53b1a336-6d6d-4467-a25f-be93a44535ac,"Character Dheela 2.0",https://dfcvrisaejumfpjmalui.supabase.co/storage/v1/object/public/ringtone-files/character-dheela-2-0-character-dheela-2-0-shehzada-vocal-1771177962080.mp3,https://image.tmdb.org/t/p/w342/rcKbsGBZCwDs1sVXNkGHqEVLzQW.jpg,"Shehzada","Pritam, Neeraj Shridhar, Amitabh Bhattacharya & Ashish Pandit","Julius Packiam, Pritam Chakraborty",,"Vocal, Duet",0,2026-02-15T17:52:48.376275+00:00
53c90243-7328-41db-86fa-9891a7e909b4,"Inside You",https://dfcvrisaejumfpjmalui.supabase.co/storage/v1/object/public/ringtone-files/inside-you-inside-you-inside-you-instrumental-bgm-1771417276109.mp3,https://is1-ssl.mzstatic.com/image/thumb/Music114/v4/b1/7e/0f/b17e0f1f-3f53-7f52-bdc3-1f98564a592b/4547366489545.jpg/600x600bb.jpg,"Inside You","","",,"Instrumental, BGM, Guitar, Piano, Drums, Keyboard",0,2026-02-18T12:21:20.640175+00:00
53d61124-608b-4774-8269-1bb79839a2e3,"Aruge Nee - Oh Shala Oh Shala",https://dfcvrisaejumfpjmalui.supabase.co/storage/v1/object/public/ringtone-files/aruge-nee-oh-shala-oh-shala-kaadhal-solla-vandhen-vocal-1771049186394.mp3,https://image.tmdb.org/t/p/w342/m1Bqfq19uWQ89e431RQWgCbpfJX.jpg,"Kaadhal Solla Vandhen","Yuvan Shankar Raja","Yuvan Shankar Raja",,"Love, Vocal, Male",0,2026-02-14T06:06:29.957176+00:00
53dfb661-b472-4e07-8ac2-26a6625706ce,"Manzile - Sunn Raha Hai",https://dfcvrisaejumfpjmalui.supabase.co/storage/v1/object/public/ringtone-files/manzile-sunn-raha-hai-aashiqui-2-vocal-1770829876353.mp3,https://image.tmdb.org/t/p/w342/lMblq8xcQIRRIVdaMg1XC283gU0.jpg,"Aashiqui 2","Ankit Tiwari","Jeet Gannguli, Ankit Tiwari, Mithoon Sharma",,"Love, Vocal, Male",0,2026-02-11T17:25:50.134802+00:00
5403eaba-eb80-4fb3-b03f-96cea170b407,"Mustafaa Mustafaa",https://dfcvrisaejumfpjmalui.supabase.co/storage/v1/object/public/ringtone-files/mustafaa-mustafaa-mustafaa-mustafaa-kadhal-desam-vocal-1770899426051.mp3,https://image.tmdb.org/t/p/w342/uHxsoJuYnmH3owTCyVhwNpsLWMR.jpg,"Kadhal Desam","A.R. Rahman","A.R. Rahman",,"Motivational, Vocal, Male",1,2026-02-12T12:33:19.48102+00:00
5433d7b1-d294-4eed-854a-035e0b16c5b4,"Revenge of The Joker Theme",https://dfcvrisaejumfpjmalui.supabase.co/storage/v1/object/public/ringtone-files/revenge-of-the-joker-theme-balloon-bgm-instrumental-1771050022177.mp3,https://image.tmdb.org/t/p/w342/n5KaMOCCwm4wrEbOpyNAdYg10XH.jpg,"Balloon","Yuvan Shankar Raja","Yuvan Shankar Raja",,"BGM, Instrumental, Flute",0,2026-02-14T06:20:25.747709+00:00
544646c9-f68a-409e-9ab7-cff232989d69,"Varukuratha Porikuratha",https://dfcvrisaejumfpjmalui.supabase.co/storage/v1/object/public/ringtone-files/varukuratha-porikuratha-varukuratha-porikuratha-varukuratha-porikuratha-vocal-1770974635483.mp3,https://is1-ssl.mzstatic.com/image/thumb/Music221/v4/39/2e/c3/392ec3bf-7763-58f8-c3e8-0cf2145d3779/25UM1IM35438.rgb.jpg/600x600bb.jpg,"Varukuratha Porikuratha","Dharan Kumar, Pooja Shankar, Junior Nithya","Dharan Kumar",,"Vocal, Male",0,2026-02-13T09:24:01.093449+00:00
547ac42a-9cc4-485a-b6d2-c561ba413576,"Scene  - Scene Ah Scene Ah",https://dfcvrisaejumfpjmalui.supabase.co/storage/v1/object/public/ringtone-files/scene-scene-ah-scene-ah-maaveeran-1771007477552.mp3,https://image.tmdb.org/t/p/w342/gl3AeCuuFDsjhN4rKKFQ9O8mzrC.jpg,"Maaveeran","Anirudh Ravichander, Bharath Sankar, Kabilan & CM Lokesh","Bharath Shankar",,"Mass, Intro",0,2026-02-13T18:31:22.849296+00:00
552bb965-6472-4d71-b6f3-78fa3efd7c4d,"Lal salam BGM ",https://dfcvrisaejumfpjmalui.supabase.co/storage/v1/object/public/ringtone-files/lal-salam-bgm-lal-salaam-1771007183360.mp3,https://image.tmdb.org/t/p/w342/65n64KT32r638HD8WS0mGL0vSGc.jpg,"Lal Salaam","","A.R. Rahman",,"BGM, Intro",0,2026-02-13T18:26:31.868811+00:00
555c0c84-afbd-448b-8131-1a4d0a934112,"Aye Pulla",https://dfcvrisaejumfpjmalui.supabase.co/storage/v1/object/public/ringtone-files/aye-pulla-aye-pulla-aye-pulla-vocal-1770884888407.mp3,https://is1-ssl.mzstatic.com/image/thumb/Music112/v4/19/94/38/1994388b-1878-9331-4f40-739b774e53f0/cover.jpg/600x600bb.jpg,"Aye Pulla","Kiran Surath, Anthony Dassan","Kiran Surath",,"Vocal, Male",0,2026-02-12T08:28:14.136755+00:00
5627be44-142b-45ad-8721-c1d27aae17dd,"Qismat Badal Di",https://dfcvrisaejumfpjmalui.supabase.co/storage/v1/object/public/ringtone-files/qismat-badal-di-qismat-badal-di-yodha-vocal-1771172381384.mp3,https://image.tmdb.org/t/p/w342/rkCRwuWgrkGTya4vLqwFugwSqeh.jpg,"Yodha","Ammy Virk, B Praak, Jaani, Aditya Dev","Shantanu Moitra, Inder Bawra, Sunny Bawra",,"Love, Vocal, Male",0,2026-02-15T16:19:47.369947+00:00
5650f08d-d550-4cfd-92a1-a0431af0f3e3,"aadat - Aaj Ro Len De",https://dfcvrisaejumfpjmalui.supabase.co/storage/v1/object/public/ringtone-files/aadat-aaj-ro-len-de-1920-london-vocal-1770654520493.mp3,https://image.tmdb.org/t/p/w342/rs4RBiOX8qoUG5bw1SlGFuzUYws.jpg,"1920 London","Sharib Sabri","Shaarib-Toshi",,"Love, Vocal, Male",0,2026-02-09T16:28:46.20342+00:00
565c5265-e378-4131-95c5-a01aa72d659d,"Tod Diya Dil Mera",https://dfcvrisaejumfpjmalui.supabase.co/storage/v1/object/public/ringtone-files/tod-diya-dil-mera-tod-diya-dil-mera-tod-diya-dil-mera-vocal-1771060114674.mp3,https://is1-ssl.mzstatic.com/image/thumb/Music124/v4/75/21/48/752148ec-0d28-1071-58e1-5731d20558f3/191773323363.jpg/600x600bb.jpg,"Tod Diya Dil Mera","	Shahid Ali Khan","",,"Vocal, Male",0,2026-02-14T09:08:38.682715+00:00
56f056e2-ab22-46e7-ace0-2f2378e2498c,"Faded",https://dfcvrisaejumfpjmalui.supabase.co/storage/v1/object/public/ringtone-files/faded-faded-faded-instrumental-1770487509492.mp3,https://is1-ssl.mzstatic.com/image/thumb/Music114/v4/0d/a3/1a/0da31af7-d0ff-9bee-c427-1b6d0336f6fc/886446321981.jpg/600x600bb.jpg,"Faded","Alan Walker","Alan Walker",,"Mass, Instrumental, Guitar",0,2026-02-07T18:05:14.649836+00:00
571da5d4-d59d-4cd0-8f89-d51ccb212e32,"Yaar azhaippadhu",https://dfcvrisaejumfpjmalui.supabase.co/storage/v1/object/public/ringtone-files/yaar-azhaippadhu-yaar-azhaippadhu-maara-vocal-1770890660968.mp3,https://image.tmdb.org/t/p/w342/iRseVdrHk4dhmwrYwbtDtxJYwA8.jpg,"Maara","Ghibran & Sid Sriram","Ghibran",,"Love, Vocal, Duet",2,2026-02-12T10:04:24.9475+00:00
578b4ee8-4a9b-4754-86d5-4c2f758a03eb," Achuvellam",https://dfcvrisaejumfpjmalui.supabase.co/storage/v1/object/public/ringtone-files/achuvellam-achuvellam-varunan-vocal-1771332862651.mp3,https://image.tmdb.org/t/p/w342/zYSi9nyG0SP70yF3kB4UJSva5pj.jpg,"Varunan","Bmac Mastamind","Bobo Shashi",,"Vocal, Male, Funny",0,2026-02-17T12:54:26.729009+00:00
578c2ad7-7fbf-4e31-b191-fc25fc0c11fd,"Aa Bhi Jaa",https://dfcvrisaejumfpjmalui.supabase.co/storage/v1/object/public/ringtone-files/aa-bhi-jaa-aa-bhi-jaa-do-aur-do-pyaar-vocal-1771172512781.mp3,https://image.tmdb.org/t/p/w342/2eDWmo69uPMKPzxVY5KKkf8vOMi.jpg,"Do Aur Do Pyaar","When Chai Met Toast","Subhajit Mukherjee",,"Vocal, Male",0,2026-02-15T16:21:58.660972+00:00
57b81749-deed-468a-809b-6958dd260d4f,"Kaise Mujhe-Tum Ho",https://dfcvrisaejumfpjmalui.supabase.co/storage/v1/object/public/ringtone-files/kaise-mujhe-tum-ho-kaise-mujhe-tum-ho-kaise-mujhe-tum-ho-instrumental-1771337361712.mp3,https://is1-ssl.mzstatic.com/image/thumb/Music118/v4/3c/df/f1/3cdff1a5-ccf9-af08-371d-0694f783c1b0/8903431646873_cover.jpg/600x600bb.jpg,"Kaise Mujhe-Tum Ho","	Palak Muchhal, Aditya Narayan","",,"Love, Instrumental, Piano, Keyboard",0,2026-02-17T14:09:27.042847+00:00
588849c0-d9fb-48a8-aaf1-efc4506db12f,"violin theme - Kaathalae Kaathalae",https://dfcvrisaejumfpjmalui.supabase.co/storage/v1/object/public/ringtone-files/violin-theme-kaathalae-kaathalae-96-instrumental-1770844454798.mp3,https://image.tmdb.org/t/p/w342/nrVloCa2hCFOztRF1DZU2jnWIiQ.jpg,"96","Govind Vasantha & Chinmayi Sripada","Govindh Vasantha",,"Violin, Instrumental",4,2026-02-11T21:14:17.643135+00:00
58c39752-8f1d-44ee-829a-249c53c48a66,"Oh My Poonthendral",https://dfcvrisaejumfpjmalui.supabase.co/storage/v1/object/public/ringtone-files/oh-my-poonthendral-pa-paandi-1771419614340.mp3,https://image.tmdb.org/t/p/w342/g1J7jWk5gTuvycRANLb171kxsGb.jpg,"Pa Paandi","","Sean Roldan",,"Love, Chorus",0,2026-02-18T13:03:15.146446+00:00
58cdd48b-d084-4dc5-a1a1-682ba4c8ba46,"Aaoge Jab Tum-Jag Soona Soona",https://dfcvrisaejumfpjmalui.supabase.co/storage/v1/object/public/ringtone-files/aaoge-jab-tum-jag-soona-soona-aaoge-jab-tum-jag-soona-soona-aaoge-jab-tum-jag-soona-soona-vocal-1771336516194.mp3,https://is1-ssl.mzstatic.com/image/thumb/Music125/v4/5e/67/fb/5e67fb8b-91b5-98e0-3998-854d039370d9/8903431715616_cover.jpg/600x600bb.jpg,"Aaoge Jab Tum-Jag Soona Soona","Nandini Srikar, Akhil Sachdeva","",,"Love, Vocal, Duet",0,2026-02-17T13:55:21.198571+00:00
5911fa19-0ddf-44d0-98b5-1de2e3e7ee20,"Ghar Kab Aaoge - Diljit Dosanjh - Border 2",https://dfcvrisaejumfpjmalui.supabase.co/storage/v1/object/public/ringtone-files/border-main-wapas-aaunga-main-wapas-aaunga-ghar-kab-aaoge-diljit-dosanjh-border-2-1769415459453.mp3,https://image.tmdb.org/t/p/w342/k4csqmc1Xy6akQKUQubXxrpoQj3.jpg,"Border","","",,"",0,2026-01-26T08:17:43.307014+00:00
5969a109-63ea-4b02-956f-9fe1d2e8075e,"Rayappans death ",https://dfcvrisaejumfpjmalui.supabase.co/storage/v1/object/public/ringtone-files/rayappans-death-bigil-instrumental-1770966156720.mp3,https://image.tmdb.org/t/p/w342/s4Yi1RbMyyN3hH2hElwvluP2rOG.jpg,"Bigil","AR RAHMAN ","A.R. Rahman",,"Sad, Instrumental, Flute",0,2026-02-13T07:02:40.132377+00:00
597820a4-d6f2-4c7e-ab99-705d88f5387e,"Teri Meri-Phir Se",https://dfcvrisaejumfpjmalui.supabase.co/storage/v1/object/public/ringtone-files/teri-meri-phir-se-teri-meri-phir-se-teri-meri-phir-se-vocal-1771336954812.mp3,https://is1-ssl.mzstatic.com/image/thumb/Music123/v4/2e/06/d2/2e06d248-b34e-6b76-5496-ab04688e742c/8903431736017_cover.jpg/600x600bb.jpg,"Teri Meri-Phir Se","Amruta Fadnavis, B Praak","",,"Love, Vocal, Female",0,2026-02-17T14:02:40.408336+00:00
5a3c4ac1-3ded-4fac-a9dc-19a47399c81c,"Seemaraja Love BGM",https://dfcvrisaejumfpjmalui.supabase.co/storage/v1/object/public/ringtone-files/seemaraja-love-bgm-seemaraja-instrumental-1770899630307.mp3,https://image.tmdb.org/t/p/w342/ue3uKN8OBj8whyNCFVY3dMKt7f8.jpg,"Seemaraja","D. Imman","D. Imman",,"Love, BGM, Instrumental, Flute",0,2026-02-12T12:36:43.551837+00:00
5a66bb43-6044-40ea-84d1-cddc83e3e54b,"Punnagai mannan theme - Punnagai Mannan Theme Music",https://dfcvrisaejumfpjmalui.supabase.co/storage/v1/object/public/ringtone-files/punnagai-mannan-theme-punnagai-mannan-theme-music-punnagai-mannan-bgm-instrumental-1770982465281.mp3,https://image.tmdb.org/t/p/w342/nHncwZsDLV3w6T9yNKjsjTKRsiR.jpg,"Punnagai Mannan","Ilaiyaraaja","Ilaiyaraaja",,"BGM, Instrumental, Violin",1,2026-02-13T11:34:28.409464+00:00
5a81f3c4-24eb-4459-9a7c-9a5676e9dbbf,"Lehra Do",https://dfcvrisaejumfpjmalui.supabase.co/storage/v1/object/public/ringtone-files/lehra-do-lehra-do-lehra-do-vocal-1771063943111.mp3,https://is1-ssl.mzstatic.com/image/thumb/Music126/v4/31/ab/d3/31abd358-8a8c-ea5a-0a82-c7817288c010/840214424205.png/600x600bb.jpg,"Lehra Do","Honey Trouper, Rini Chandra","",,"Vocal, Duet",0,2026-02-14T10:12:28.490745+00:00
5abc3849-7567-4f46-9d7a-333a3715589e,"jailer mass bgm",https://dfcvrisaejumfpjmalui.supabase.co/storage/v1/object/public/ringtone-files/jailer-jailer-theme-instrumental-jailer-mass-bgm-instrumental-1769341578080.mp3,https://image.tmdb.org/t/p/w342/pTmMxAHqX4vsIDE6HPPxOR0Q6TN.jpg,"Jailer","Anirudh Ravichander","Anirudh Ravichander",,"BGM, Instrumental, Mass",0,2026-01-25T11:46:32.540712+00:00
5b243818-97d5-4a77-8007-f427d1ce6ffd,"Uriyadi 2 bgm",https://dfcvrisaejumfpjmalui.supabase.co/storage/v1/object/public/ringtone-files/uriyadi-2-bgm-uriyadi-2-instrumental-1770890484538.mp3,https://image.tmdb.org/t/p/w342/s4A1TOGg5US0GwpM1tnP3KJxr5j.jpg,"Uriyadi 2","Govindh vasantha","Govindh Vasantha",,"BGM, Instrumental, Guitar",0,2026-02-12T10:01:28.611674+00:00
5b654ff5-9293-441b-902d-22faf1fe787d,"Padayappa Theme Music - Padayappa mass bgm",https://dfcvrisaejumfpjmalui.supabase.co/storage/v1/object/public/ringtone-files/padayappa-padayappa-theme-music-padayappa-mass-bgm-1765496161775.mp3,https://image.tmdb.org/t/p/w500/8PSYF0AtpLbSlTDneCUo7zP4qL1.jpg,"Padayappa","A.R. Rahman","A.R. Rahman",,"Mass, BGM, Instrumental",5,2025-12-11T23:36:06.156228+00:00
5b67a243-b860-4dfa-9bf2-7e01ac9a3526,"Megamo aval instrumental  - Idhayam Love (Megamo Aval)",https://dfcvrisaejumfpjmalui.supabase.co/storage/v1/object/public/ringtone-files/megamo-aval-instrumental-idhayam-love-megamo-aval-meyaadha-maan-1770653702949.mp3,https://image.tmdb.org/t/p/w342/vmeqTtTbdTFcamhZD2LFxHf7kGc.jpg,"Meyaadha Maan","Santhosh Narayanan, Pradeep Kumar & Ananthu","Santhosh Narayanan, Pradeep Kumar",,"Instrumental, Love, Violin",0,2026-02-09T16:15:19.914863+00:00
5bae7423-a734-4929-9db2-35ad9a6902d7,"Idhayam oru - Enna Solla Pogirai",https://dfcvrisaejumfpjmalui.supabase.co/storage/v1/object/public/ringtone-files/idhayam-oru-enna-solla-pogirai-kandukondain-kandukondain-vocal-1771006540990.mp3,https://image.tmdb.org/t/p/w342/fA4oMpZpLc487DrtZGBeNnGGtoi.jpg,"Kandukondain Kandukondain","Shankar Mahadevan & Vairamuthu","A.R. Rahman",,"Sad, Vocal, Male",1,2026-02-13T18:15:46.134253+00:00
5c0b154c-a69f-4e84-961d-9fa876ca0042," Aalapikkey Ummak",https://dfcvrisaejumfpjmalui.supabase.co/storage/v1/object/public/ringtone-files/aalapikkey-ummak-aalapikkey-ummak-vaa-vaathiyaar-vocal-1771048136121.mp3,https://image.tmdb.org/t/p/w342/47uIUf9KCfDzxQXixw8lrvYl8C8.jpg,"Vaa Vaathiyaar","Santhosh Narayanan ","Santhosh Narayanan",,"Vocal, Male",0,2026-02-14T05:48:59.655384+00:00
5c619eb1-9a4c-4e0a-b76f-7e3c13244fd4,"Feel The Thrill",https://dfcvrisaejumfpjmalui.supabase.co/storage/v1/object/public/ringtone-files/feel-the-thrill-feel-the-thrill-feel-the-thrill-vocal-1771013722202.mp3,https://is1-ssl.mzstatic.com/image/thumb/Music221/v4/3f/36/e9/3f36e917-27cb-2a05-e7e5-ac5b5f9ea742/820200174963.jpg/600x600bb.jpg,"Feel The Thrill","Anirudh Ravichander, Heisenberg","Anirudh Ravichander",,"Vocal, Male, Mass",0,2026-02-13T20:15:25.768972+00:00
5c934701-6b0b-4fff-b51d-4fee336060d3,"Kathiri poo - Yennamma Ippadi Panreengalaema",https://dfcvrisaejumfpjmalui.supabase.co/storage/v1/object/public/ringtone-files/kathiri-poo-yennamma-ippadi-panreengalaema-rajinimurugan-vocal-1770831541527.mp3,https://image.tmdb.org/t/p/w342/5gnfBCXjRbx54mThRqGHislrtZn.jpg,"RajiniMurugan","D. Imman","D. Imman",,"Love, Vocal, Male",0,2026-02-11T17:53:42.626157+00:00
5d1adf52-8b58-4c3d-92e2-7519d5bfb4bb,"Husn Irani",https://dfcvrisaejumfpjmalui.supabase.co/storage/v1/object/public/ringtone-files/husn-irani-husn-irani-wild-wild-punjab-vocal-1771171037321.mp3,https://image.tmdb.org/t/p/w342/5EpIjplAtUiFyjR6C2gYN6xPiCP.jpg,"Wild Wild Punjab","Guru Randhawa & Happy Bains","Hitesh Sonik",,"Vocal, Male",0,2026-02-15T15:57:24.440414+00:00
5d3d79c0-a5df-4fb8-9a94-f585232712ee,"Pittangi",https://dfcvrisaejumfpjmalui.supabase.co/storage/v1/object/public/ringtone-files/pittangi-pittangi-enai-sudum-pani-vocal-1771331089638.mp3,https://image.tmdb.org/t/p/w342/pgrSjbfhq1zOf8YjVVKOfRiYYwM.jpg,"Enai Sudum Pani","Saravedi Saran","Mikkin Aruldev",,"Vocal, Male",0,2026-02-17T12:24:53.480925+00:00
5d4c3815-53f2-4276-adc0-00ca4da4dd52,"Bas Ek Dhadak",https://dfcvrisaejumfpjmalui.supabase.co/storage/v1/object/public/ringtone-files/bas-ek-dhadak-bas-ek-dhadak-dhadak-2-vocal-1771148880654.mp3,https://image.tmdb.org/t/p/w342/s3o23GbRXvHPPRm50kqQjjjCoKP.jpg,"Dhadak 2","Jubin Nautiyal, Shreya Ghoshal, Javed-Mohsin","Tanuj Tiku, Rochak Kohli, Tanishk Bagchi, Javed-Mohsin, Shreyas Puranik",,"Vocal, Male, Love",0,2026-02-15T09:48:04.375962+00:00
5d5b481c-c67c-4e3d-b555-a2495515d5b9,"Rambo Rambo",https://dfcvrisaejumfpjmalui.supabase.co/storage/v1/object/public/ringtone-files/rambo-rambo-rambo-rambo-vocal-1771065496086.mp3,https://image.tmdb.org/t/p/w342/9YtiecEbDSx4MEt2HUS2fKcJ9Dq.jpg,"Rambo","Jazzy B","Ghibran",,"Vocal, Male",0,2026-02-14T10:38:20.042822+00:00
5d86c01b-f133-4dd9-9f18-20f78886eee5,"Adiye manam - Adiye Manam Nilluna",https://dfcvrisaejumfpjmalui.supabase.co/storage/v1/object/public/ringtone-files/adiye-manam-adiye-manam-nilluna-neengal-kettavai-vocal-1770976522606.mp3,https://image.tmdb.org/t/p/w342/fmXzVuXGefQyESc0cvMvM9phv5X.jpg,"Neengal Kettavai","Ilaiyaraaja, S.P. Balasubrahmanyam & S. Janaki","Ilaiyaraaja",,"Funny, Vocal, Male",0,2026-02-13T09:55:27.734007+00:00
5d989411-c07d-4eed-b6e6-470a4319c6d9,"Intro - Kaatrai Konjam",https://dfcvrisaejumfpjmalui.supabase.co/storage/v1/object/public/ringtone-files/intro-kaatrai-konjam-neethaane-en-ponvasantham-vocal-1770846481885.mp3,https://image.tmdb.org/t/p/w342/w8iOOYjUioL4zSFmnQl9BuYGePC.jpg,"Neethaane En Ponvasantham","Karthik & Ilaiyaraaja","Ilaiyaraaja",,"Love, Vocal, Male",0,2026-02-11T21:48:05.702387+00:00
5d9f4b3a-2fb5-4b67-9cf2-d1f1c5495273,"Darshana",https://dfcvrisaejumfpjmalui.supabase.co/storage/v1/object/public/ringtone-files/darshana-darshana-hridayam-bgm-vocal-1771089752034.mp3,https://image.tmdb.org/t/p/w342/rMNzpbruCuBmYPWhaNLrKOlNKcu.jpg,"Hridayam","Hesham Abdul Wahab & Darshana Rajendran","Hesham Abdul Wahab",,"BGM, Vocal, Male",0,2026-02-14T17:22:37.155608+00:00
5dd8c198-7514-4929-be30-0823f7fa8b96,"Yaar Harjai Mere",https://dfcvrisaejumfpjmalui.supabase.co/storage/v1/object/public/ringtone-files/yaar-harjai-mere-yaar-harjai-mere-yaar-harjai-mere-vocal-1771058826972.mp3,https://is1-ssl.mzstatic.com/image/thumb/Music221/v4/37/c6/74/37c674f1-d3ec-b741-025e-c0c825369b9b/199538847697.jpg/600x600bb.jpg,"Yaar Harjai Mere","Shahid Ali Khan","",,"Vocal, Male",0,2026-02-14T08:47:11.454881+00:00
5dec1f26-7e8b-4081-b1c6-89da2ccdbfe5,"Ghar Kab Aaoge Instrumental",https://dfcvrisaejumfpjmalui.supabase.co/storage/v1/object/public/ringtone-files/ghar-kab-aaoge-from-border-2-ghar-kab-aaoge-from-border-2-ghar-kab-aaoge-instrumental-1769414905645.mp3,https://is1-ssl.mzstatic.com/image/thumb/Music211/v4/32/ca/9d/32ca9de5-f697-ee68-4004-7a18245ff710/8903431171085_cover.jpg/600x600bb.jpg,"Ghar Kab Aaoge (From ""BORDER 2"")","Anu Malik, Mithoon, Sonu Nigam, Arijit Singh, Roop Kumar Rathod, Vishal Mishra, Diljit Dosanjh, Javed Akhtar & Manoj Muntashir","Anu Malik, Mithoon, Sonu Nigam, Arijit Singh, Roop Kumar Rathod, Vishal Mishra, Diljit Dosanjh, Javed Akhtar & Manoj Muntashir",,"",0,2026-01-26T08:08:29.103015+00:00
5e12eab8-41da-4431-9a64-1b154c8f045c,"Duppata",https://dfcvrisaejumfpjmalui.supabase.co/storage/v1/object/public/ringtone-files/duppata-duppata-jugjugg-jeeyo-vocal-1771183196131.mp3,https://image.tmdb.org/t/p/w342/ovyWtXhPRKKpSyMUIVYBWiurggY.jpg,"JugJugg Jeeyo","Diesby, Chapter6, Shreya Sharma & Atul Sharma","Pozy, Tanishk Bagchi, John Stewart Eduri, Kavita Seth, Kanishk Seth, Diesby, Vishal Shelke",,"Vocal, Male",0,2026-02-15T19:19:59.434027+00:00
5e62e733-d836-4d31-bdf2-77cea77e4004,"Nee Illama",https://dfcvrisaejumfpjmalui.supabase.co/storage/v1/object/public/ringtone-files/nee-illama-nee-illama-nee-illama-vocal-1770962587628.mp3,https://is1-ssl.mzstatic.com/image/thumb/Music123/v4/d1/86/62/d18662ca-8a0b-8b6c-2737-b872fe6402d4/886447772058.jpg/600x600bb.jpg,"Nee Illama","Kaushik Krish","Kaushik Krish",,"Vocal, Male, Love",0,2026-02-13T06:03:11.526726+00:00
5e80dca5-6b45-4161-a836-37daf8d4a801,"Under the influence ",https://dfcvrisaejumfpjmalui.supabase.co/storage/v1/object/public/ringtone-files/under-the-influence-under-the-influence-indigo-extended-vocal-1770867215771.mp3,https://is1-ssl.mzstatic.com/image/thumb/Music123/v4/62/7c/ac/627cac79-3693-dd16-6466-48950746f527/886447924471.jpg/600x600bb.jpg,"Indigo Extended","Chris Brown","Chris Brown",,"Mass, Vocal, Male",0,2026-02-12T03:33:52.03554+00:00
5e8925dc-08e1-4cf2-8a63-5e56b43a1729,"Bloody Sweet ",https://dfcvrisaejumfpjmalui.supabase.co/storage/v1/object/public/ringtone-files/bloody-sweet-bloody-sweet-leo-instrumental-1771400371812.mp3,https://image.tmdb.org/t/p/w342/gSOVog7ydsaF1YpgAqBqnKYFGY.jpg,"Leo","Anirudh Ravichander & Siddharth Basrur","Geoff Zanelli",,"Mass, Instrumental, Guitar, Keyboard",0,2026-02-18T07:39:38.571404+00:00
5f9e9a4d-1996-47c2-9540-9e68798bd9ef,"Maylum Keelum - Thaarame Thaarame",https://dfcvrisaejumfpjmalui.supabase.co/storage/v1/object/public/ringtone-files/maylum-keelum-thaarame-thaarame-kadaram-kondan-vocal-1770825837169.mp3,https://image.tmdb.org/t/p/w342/n6HGrhMvhq6tYJV4nb2ktNZWXCn.jpg,"Kadaram Kondan","Sid Sriram & Ghibran","Ghibran",,"Love, Vocal, Male",0,2026-02-11T16:18:35.720296+00:00
5fabd7b8-55d7-4df1-92dd-05e040041396,"Bgm - Prabhu Picks Hema",https://dfcvrisaejumfpjmalui.supabase.co/storage/v1/object/public/ringtone-files/bgm-prabhu-picks-hema-polladhavan-humming-1770653512519.mp3,https://image.tmdb.org/t/p/w342/amHEVzgBKDnlNzxArcOpbvqVDrY.jpg,"Polladhavan","G.V. Prakash Kumar","G. V. Prakash Kumar",,"BGM, Humming",0,2026-02-09T16:12:10.157124+00:00
6059c792-aef9-45c3-9f95-cd7585a9eef4,"Akeli Laila",https://dfcvrisaejumfpjmalui.supabase.co/storage/v1/object/public/ringtone-files/akeli-laila-akeli-laila-baaghi-4-vocal-1771148806342.mp3,https://image.tmdb.org/t/p/w342/u2YEFW5o2Y7RAw2K4hSA4TEXF3Q.jpg,"Baaghi 4","Payal Dev, Aditya Dev","Ankit Balhara, Sanchit Balhara",,"Vocal, Female",0,2026-02-15T09:46:49.146535+00:00
605c3d9b-2e69-4e9b-8b39-9f0bc0476758,"nee nee oru - Anbe En Anbe",https://dfcvrisaejumfpjmalui.supabase.co/storage/v1/object/public/ringtone-files/nee-nee-oru-anbe-en-anbe-dhaam-dhoom-vocal-1770877119446.mp3,https://image.tmdb.org/t/p/w342/xmuDcgC97Tf3P1XxHMHRPC2JO8A.jpg,"Dhaam Dhoom","Harris Jayaraj & Harish Raghavendra","Harris Jayaraj",,"Love, Vocal, Male",1,2026-02-12T06:18:42.132312+00:00
608d2e5c-5b8a-4361-bbb8-11888f80e7ed," Elay Makka",https://dfcvrisaejumfpjmalui.supabase.co/storage/v1/object/public/ringtone-files/elay-makka-elay-makka-elay-makka-vocal-1770960874020.mp3,https://is1-ssl.mzstatic.com/image/thumb/Music122/v4/92/02/18/920218b5-d0bf-ece4-562c-d8ce3088c204/24UMGIM17170.rgb.jpg/600x600bb.jpg," Elay Makka","Girishh G, Andrea Jeremiah, Sathyaprakash D, Sanjay Subrahmanyan, Navz-47","Girishh G",,"Vocal, Female",0,2026-02-13T05:34:38.252021+00:00
60992c27-2852-485c-9d92-605509d2a10c,"Vellai Pura Ondru Humming ",https://res.cloudinary.com/drvs4msnn/video/upload/v1764788507/i6unlb20loybscg6bhuk.mp3,https://image.tmdb.org/t/p/w500/iE9ji3HZSNsAfIeomCndcPM53qG.jpg,"Puthu Kavithai","Ilaiyaraaja & K. J. Yesudas","",,"",7,2025-12-03T19:01:48.484276+00:00
60b15374-2f81-467b-9d4f-c1f86cc90cb2,"Tumhe Apna Banane Ka",https://dfcvrisaejumfpjmalui.supabase.co/storage/v1/object/public/ringtone-files/tumhe-apna-banane-ka-tumhe-apna-banane-ka-hate-story-3-vocal-1771014456483.mp3,https://image.tmdb.org/t/p/w342/tJVh1ZHZNgR8nqV3j3iSy8fA6Bb.jpg,"Hate Story 3","Armaan Malik & Neeti Mohan","Harmeet Singh, Anjjan Bhattacharya, Meet Bros Anjjan, Amaal Mallik, Manmeet Singh",,"Love, Vocal, Duet",0,2026-02-13T20:27:39.963242+00:00
6160b093-289d-4423-bdbd-f46dfa90187a,"Agg Lagdi",https://dfcvrisaejumfpjmalui.supabase.co/storage/v1/object/public/ringtone-files/agg-lagdi-agg-lagdi-dono-vocal-1771174408223.mp3,https://image.tmdb.org/t/p/w342/ewDBUMMrCSwm5r4pTCaYlIkIuXM.jpg,"Dono","Siddharth Mahadevan & Lisa Mishra","Shankar Mahadevan, Ehsaan Noorani, Loy Mendonsa, George Joseph",,"Vocal, Duet",0,2026-02-15T16:53:38.592414+00:00
616164cd-e00c-4331-a071-855f0aae1d02,"Irine inro",https://dfcvrisaejumfpjmalui.supabase.co/storage/v1/object/public/ringtone-files/irine-inro-aadukalam-1770987771083.mp3,https://image.tmdb.org/t/p/w342/osU8Egxu2xhS6RwkxDbfOMYjZZ2.jpg,"Aadukalam","G V Prakash ","G. V. Prakash Kumar",,"Mass, Intro",0,2026-02-13T13:02:53.823642+00:00
61634a12-c3b6-4f88-9091-79ef6c1d6b0c,"Back To Then",https://dfcvrisaejumfpjmalui.supabase.co/storage/v1/object/public/ringtone-files/back-to-then-blind-vocal-1771174731360.mp3,https://image.tmdb.org/t/p/w342/s0OPCt54xWdQOewOlXLETi2POWf.jpg,"Blind","Clinton Cerejo, Bianca Gomes, Ricardo Pereira, Shome Makhija, Shor Police","Clinton Cerejo, Bianca Gomes",,"Vocal, Duet",0,2026-02-15T16:58:57.470611+00:00
61739ec8-318b-4b95-9564-7b6d946dba93,"Ami Je Tomar Kiara's Scare",https://dfcvrisaejumfpjmalui.supabase.co/storage/v1/object/public/ringtone-files/ami-je-tomar-kiara-s-scare-ami-je-tomar-kiara-s-scare-bhool-bhulaiyaa-2-instrumental-1771183114085.mp3,https://image.tmdb.org/t/p/w342/fw0oMHiMt9qOuKEJEmzFiCNAnXc.jpg,"Bhool Bhulaiyaa 2","Pritam, Shreya Ghoshal & Arijit Singh","Tanishk Bagchi, Pritam Chakraborty, Sandeep Shirodkar",,"Instrumental, Drums, Keyboard",0,2026-02-15T19:18:37.530852+00:00
61d9f845-98bc-4a82-83a5-bd1f1152ea8e,"Beqaraar",https://dfcvrisaejumfpjmalui.supabase.co/storage/v1/object/public/ringtone-files/beqaraar-beqaraar-looop-lapeta-vocal-1771180962243.mp3,https://image.tmdb.org/t/p/w342/onGdT8sYi89drvSJyEJnft97rOq.jpg,"Looop Lapeta","Ronkini Gupta & Raghav Kaushik","Santanu Ghatak, Sidhant Mago, Nariman Khambata, Mayank Mehra, Rahul Pais",,"Vocal, Female",0,2026-02-15T18:42:47.174526+00:00
6255ec78-4eab-400d-a888-0e30e01a1a28,"Samajh Khilona Mere Dil Ko",https://dfcvrisaejumfpjmalui.supabase.co/storage/v1/object/public/ringtone-files/samajh-khilona-mere-dil-ko-samajh-khilona-mere-dil-ko-samajh-khilona-mere-dil-ko-vocal-1771059151052.mp3,https://is1-ssl.mzstatic.com/image/thumb/Music221/v4/9a/39/f4/9a39f461-c609-da5f-c589-8f3096bab6cc/199538847741.jpg/600x600bb.jpg,"Samajh Khilona Mere Dil Ko","Shahid Ali Khan","",,"Vocal, Male",0,2026-02-14T08:52:35.338998+00:00
62876047-99a5-4180-9685-a028436f429c,"Aaj Ke Baad",https://dfcvrisaejumfpjmalui.supabase.co/storage/v1/object/public/ringtone-files/aaj-ke-baad-aaj-ke-baad-satyaprem-ki-katha-vocal-1771176846829.mp3,https://image.tmdb.org/t/p/w342/99DkKzMm7SrNw8p6jozCkKmOnTy.jpg,"Satyaprem Ki Katha","Manan Bhardwaj & Tulsi Kumar","Tanishk Bagchi, Payal Dev, Meet Bros Anjjan, Rochak Kohli, Hitesh Sonik, Manan Bhardwaj",,"Love, Vocal, Duet",0,2026-02-15T17:34:14.963567+00:00
62e114a1-50e8-4d94-8066-b3705a5725f7,"Allah De Bande",https://dfcvrisaejumfpjmalui.supabase.co/storage/v1/object/public/ringtone-files/allah-de-bande-allah-de-bande-gumraah-vocal-1771178904110.mp3,https://image.tmdb.org/t/p/w342/tFaQuuz26BKMXdcDxLrlmVNQlM7.jpg,"Gumraah","Mithoon, Jubin Nautiyal & Aaman Trikha","Ketan Sodha",,"Vocal, Male",0,2026-02-15T18:08:30.919866+00:00
634d99f7-3d29-4bb1-83e0-5778543d3962,"Atak Gaya - Abhijeet Version",https://dfcvrisaejumfpjmalui.supabase.co/storage/v1/object/public/ringtone-files/atak-gaya-abhijeet-version-badhaai-do-vocal-1771181550485.mp3,https://image.tmdb.org/t/p/w342/2IOCys56t4iOMj9ZoVZ7zmi2RHL.jpg,"Badhaai Do","Abhijeet Srivastava, Rupali Moghe","Hitesh Sonik, Tanishk Bagchi, Ankit Tiwari, Amit Trivedi, Khamosh Shah",,"Vocal, Male",0,2026-02-15T18:52:33.875398+00:00
636e94e9-a5fb-4288-b1f7-8be29f989a78,"Paccha Kallu Mookuthi - Vambula Thumbula",https://dfcvrisaejumfpjmalui.supabase.co/storage/v1/object/public/ringtone-files/paccha-kallu-mookuthi-vambula-thumbula-sarpatta-parambarai-vocal-1770899542330.mp3,https://image.tmdb.org/t/p/w342/3f2KrEoOTmQxfDWgeqqLQ1rCYWP.jpg,"Sarpatta Parambarai","Santhosh Narayanan, Gana Muthu, Isaivani, Kabilan & Gana Ulagam Dharani","Santhosh Narayanan",,"Love, Vocal, Female",0,2026-02-12T12:35:18.111954+00:00
639c79ee-a226-4e4b-bb87-0c5035e02a7b,"Ada Aamaanda - Evanda Enakku Custody",https://dfcvrisaejumfpjmalui.supabase.co/storage/v1/object/public/ringtone-files/ada-aamaanda-evanda-enakku-custody-mahaan-vocal-1770828355953.mp3,https://image.tmdb.org/t/p/w342/aHBgBSHgpLHuX9jxUGISTAIDmyD.jpg,"Mahaan","Santhosh Narayanan","Santhosh Narayanan",,"Motivational, Vocal, Male",0,2026-02-11T17:00:31.004394+00:00
63b58abb-5e2c-47a8-b308-60bc81fb3aaf,"Humnava Mere Humming - Humnava Mere/Baarish",https://dfcvrisaejumfpjmalui.supabase.co/storage/v1/object/public/ringtone-files/humnava-mere-humming-humnava-mere-baarish-t-series-mixtape-season-2-1771046221293.mp3,https://is1-ssl.mzstatic.com/image/thumb/Music125/v4/5e/67/fb/5e67fb8b-91b5-98e0-3998-854d039370d9/8903431715616_cover.jpg/600x600bb.jpg,"T-SERIES MIXTAPE SEASON 2","Dhvani Bhanushali & Aditya Narayan ","",,"Humming, Love",0,2026-02-14T05:17:05.883423+00:00
63ec3765-3c57-4ff8-828b-a122f98227db,"Thunder ",https://dfcvrisaejumfpjmalui.supabase.co/storage/v1/object/public/ringtone-files/thunder-thunder-evolve-instrumental-1770486612985.mp3,https://is1-ssl.mzstatic.com/image/thumb/Music126/v4/11/7a/b8/117ab805-6811-8929-18b9-0fad7baf0c25/17UMGIM98210.rgb.jpg/600x600bb.jpg,"Evolve","Imagine Dragons","Imagine Dragons",,"Mass, Instrumental, Guitar",0,2026-02-07T17:50:20.868376+00:00
63f4f277-161e-45cb-bbc8-7cde103b675c,"Irugapatru theme",https://dfcvrisaejumfpjmalui.supabase.co/storage/v1/object/public/ringtone-files/irugapatru-theme-irugapatru-1771010565222.mp3,https://image.tmdb.org/t/p/w342/bnxW2Pb0k2n7G7atvBs7wnwaCdE.jpg,"Irugapatru","","Justin Prabhakaran",,"Mass, Intro",0,2026-02-13T19:22:50.08834+00:00
642c4621-54c6-4b0b-9b17-9b65d41d30dc,"Rolex bgm",https://dfcvrisaejumfpjmalui.supabase.co/storage/v1/object/public/ringtone-files/rolex-bgm-vikram-instrumental-1770888356263.mp3,https://image.tmdb.org/t/p/w342/774UV1aCURb4s4JfEFg3IEMu5Zj.jpg,"Vikram","Anirudh ","Anirudh Ravichander",,"BGM, Instrumental, Violin",1,2026-02-12T09:26:19.953615+00:00
643c97af-2df0-4746-9472-f280a210a415,"Villain superstitions - The Villain's Superstitions Background Score",https://dfcvrisaejumfpjmalui.supabase.co/storage/v1/object/public/ringtone-files/villain-superstitions-the-villain-s-superstitions-background-score-comali-instrumental-1771090229839.mp3,https://image.tmdb.org/t/p/w342/a6ruupinOM7HwjcR3Uafx9YfwM8.jpg,"Comali","Hiphop Tamizha","HipHop Tamizha Adhi, HipHop Tamizha Jeeva",,"Mass, Instrumental, Guitar",0,2026-02-14T17:30:34.854405+00:00
64510d96-1205-44e8-ad4c-35817847ad02,"Unna nelavu nu - En Fuse Pochu",https://dfcvrisaejumfpjmalui.supabase.co/storage/v1/object/public/ringtone-files/unna-nelavu-nu-en-fuse-pochu-arrambam-vocal-1771049905330.mp3,https://image.tmdb.org/t/p/w342/lOMySr9i5HWDduc9qChIwMbkrjp.jpg,"Arrambam","Yuvan Shankar Raja, Karthik & Ramya NSK","Yuvan Shankar Raja",,"Love, Vocal, Male",0,2026-02-14T06:18:28.586229+00:00
6456f1e4-f7b0-498f-8d94-8aac1f9dadcb,"Arcade",https://dfcvrisaejumfpjmalui.supabase.co/storage/v1/object/public/ringtone-files/arcade-arcade-arcade-instrumental-1770487618307.mp3,https://is1-ssl.mzstatic.com/image/thumb/Music126/v4/c5/40/9e/c5409e27-3f5d-9476-241d-ed8e7499ea38/19UMGIM20677.rgb.jpg/600x600bb.jpg,"Arcade","Duncan Laurence","Duncan Laurence",,"Mass, Instrumental, Keyboard",0,2026-02-07T18:07:03.934617+00:00
6475f6b1-d669-4d19-8f7d-47c01c024452,"Meri Jaan Ye Cigarette Ka Dhuan",https://dfcvrisaejumfpjmalui.supabase.co/storage/v1/object/public/ringtone-files/meri-jaan-ye-cigarette-ka-dhuan-meri-jaan-ye-cigarette-ka-dhuan-meri-jaan-ye-cigarette-ka-dhuan-vocal-1771058419272.mp3,https://is1-ssl.mzstatic.com/image/thumb/Music221/v4/f8/53/27/f853275f-8c00-b91a-5e65-13e2a06c29d0/199538868913.jpg/600x600bb.jpg,"Meri Jaan Ye Cigarette Ka Dhuan","Shahid Ali Khan","",,"Vocal, Male",0,2026-02-14T08:40:25.223061+00:00
64793d39-bf72-46a5-a80d-00540bdad024,"Nethu",https://dfcvrisaejumfpjmalui.supabase.co/storage/v1/object/public/ringtone-files/nethu-nethu-jagame-thandhiram-vocal-1770895175493.mp3,https://image.tmdb.org/t/p/w342/goLoLNagbnWpPQh4YQE9R2hSLqj.jpg,"Jagame Thandhiram","Santhosh Narayanan & Dhanush","Santhosh Narayanan",,"Love, Vocal, Male",0,2026-02-12T11:19:40.034544+00:00
64b0393f-480f-438a-871a-f1954bbbba88,"Chirag",https://dfcvrisaejumfpjmalui.supabase.co/storage/v1/object/public/ringtone-files/chirag-chirag-madharaasi-instrumental-1771064504125.mp3,https://image.tmdb.org/t/p/w342/dw3Dllz1gV7186m7clqNDnI9R28.jpg,"Madharaasi","Anirudh Ravichander","Anirudh Ravichander",,"Instrumental, Drums",0,2026-02-14T10:21:50.077798+00:00
64ebd80b-5681-49b1-a941-f78e06d08db9,"Zoom",https://dfcvrisaejumfpjmalui.supabase.co/storage/v1/object/public/ringtone-files/zoom-zoom-zoom-vocal-1770867317380.mp3,https://is1-ssl.mzstatic.com/image/thumb/Music211/v4/96/9f/38/969f3813-625e-d3b9-7b22-ec330d86c857/3616841767933.jpg/600x600bb.jpg,"Zoom","Jass Manak","Jass Manak",,"Funny, Vocal, Male",0,2026-02-12T03:35:26.934034+00:00
64f43429-7615-4a16-a1da-847ca3a86268,"muruga muruga om muruga",https://dfcvrisaejumfpjmalui.supabase.co/storage/v1/object/public/ringtone-files/murugan-muruga-muruga-om-muruga-1769154983329.mp3,https://images.unsplash.com/photo-1604608672516-f1b1f1c0b4e1?w=600,"Murugan","","",,"Devotional",4,2026-01-23T07:56:24.354879+00:00
65308b9b-8faf-4d14-ac50-393bc83134c6,"singappenneyy",https://dfcvrisaejumfpjmalui.supabase.co/storage/v1/object/public/ringtone-files/bigil-singappenney-singappenneyy-1769340906484.mp3,https://image.tmdb.org/t/p/w342/s4Yi1RbMyyN3hH2hElwvluP2rOG.jpg,"Bigil","A.R. Rahman & Shashaa Tirupati","A.R. Rahman",,"Motivational",0,2026-01-25T11:35:22.431613+00:00
655ae0b8-7419-48a9-acf5-4f223fa5c243,"Tere Te - Dilbar-Ishare Tere-Tere Te From ""T-Series Mixtape Season 2""",https://dfcvrisaejumfpjmalui.supabase.co/storage/v1/object/public/ringtone-files/tere-te-dilbar-ishare-tere-tere-te-from-t-series-mixtape-season-2-best-of-t-series-mixtape-punjabi-vol-1-vocal-1771047009161.mp3,https://is1-ssl.mzstatic.com/image/thumb/Music116/v4/43/85/32/43853240-e9c7-b9af-76f4-bd900aba3baa/8903431903549_cover.jpg/600x600bb.jpg,"Best of T-Series Mixtape Punjabi, Vol. 1","Neha Kakkar & Guru Randhawa","Neha Kakkar & Guru Randhawa",,"Love, Vocal, Duet",0,2026-02-14T05:30:12.727073+00:00
6563a652-91bf-4f79-ac39-cefccbe8fc0d,"Teri Yaad Mujhe Tadpati Hai",https://dfcvrisaejumfpjmalui.supabase.co/storage/v1/object/public/ringtone-files/teri-yaad-mujhe-tadpati-hai-teri-yaad-mujhe-tadpati-hai-teri-yaad-mujhe-tadpati-hai-vocal-1771058678102.mp3,https://is1-ssl.mzstatic.com/image/thumb/Music221/v4/c0/95/f9/c095f90e-bf01-2fbd-030b-bd9f7e95413e/199538869064.jpg/600x600bb.jpg,"Teri Yaad Mujhe Tadpati Hai","Shahid Ali Khan","",,"Vocal, Male",0,2026-02-14T08:44:42.028058+00:00
65d98a5a-e6b9-46c6-9188-868fbeda0113,"	Ambarsariya-Suit Suit",https://dfcvrisaejumfpjmalui.supabase.co/storage/v1/object/public/ringtone-files/ambarsariya-suit-suit-ambarsariya-suit-suit-ambarsariya-suit-suit-vocal-1771337600899.mp3,https://is1-ssl.mzstatic.com/image/thumb/Music118/v4/10/60/3f/10603f32-7127-72b5-f95e-a36e9937eb35/8903431656599_cover.jpg/600x600bb.jpg,"	Ambarsariya-Suit Suit","	Kanika Kapoor, Guru Randhawa","",,"Love, Vocal, Duet",0,2026-02-17T14:13:25.938598+00:00
668e2630-e08a-4534-a702-d1c66e2695b3,"Kalaiyil dhinamum",https://dfcvrisaejumfpjmalui.supabase.co/storage/v1/object/public/ringtone-files/kalaiyil-dhinamum-ah-aah-anbe-aaruyire-vocal-1771121519362.mp3,https://image.tmdb.org/t/p/w342/lgIzLThcqR1Wsupo3aoFcb24Uij.jpg,"Ah Aah: Anbe Aaruyire","","A.R. Rahman",,"Love, Vocal, Male",1,2026-02-15T02:12:06.457963+00:00
66a71384-4b6d-4214-87b4-0151cab5827c,"Kill and destroy ",https://dfcvrisaejumfpjmalui.supabase.co/storage/v1/object/public/ringtone-files/kill-and-destroy-kill-and-destroy-kaithi-1771009865748.mp3,https://image.tmdb.org/t/p/w342/mxvOvom5zKRp4WPURKrhjoatt4P.jpg,"Kaithi","Sam C S & Sharanya Gopinath","Sam C S",,"Mass, Chorus",0,2026-02-13T19:11:11.846658+00:00
66bdd317-367e-4b12-b406-0e797378fe97,"Hosanna",https://dfcvrisaejumfpjmalui.supabase.co/storage/v1/object/public/ringtone-files/hosanna-vinnaithaandi-varuvaayaa-ringtone-1764929408683.mp3,https://image.tmdb.org/t/p/w500/icWUNL2GxDgWmI5PQN2RYA2CEbv.jpg,"Vinnaithaandi Varuvaayaa","A.R. Rahman, Vijay Prakash, Blaaze & Suzanne D'Mello","A.R. Rahman",,"Love, Male",5,2025-12-05T10:10:09.408092+00:00
66f225a5-0fa7-4fca-be2c-2a57efc965c1,"Drishyam 2 - Title Track",https://dfcvrisaejumfpjmalui.supabase.co/storage/v1/object/public/ringtone-files/drishyam-2-title-track-drishyam-2-title-track-drishyam-2-vocal-1771183015718.mp3,https://image.tmdb.org/t/p/w342/8RJBCUGE27LX06tAES4jTELN0KA.jpg,"Drishyam 2","Usha Uthup, Ajay Devgan, Devi Sri Prasad & Vijay Prakash","Anil Johnson",,"Vocal, Male",0,2026-02-15T19:16:59.068997+00:00
67001918-0d14-4466-acec-332cb916de09,"Heat waves ",https://dfcvrisaejumfpjmalui.supabase.co/storage/v1/object/public/ringtone-files/heat-waves-heat-waves-dreamland-vocal-1770829576743.mp3,https://is1-ssl.mzstatic.com/image/thumb/Music115/v4/da/8b/77/da8b7731-6f4f-eacf-5e74-8b23389eefa1/20UMGIM03371.rgb.jpg/600x600bb.jpg,"Dreamland","Glass Animals","Glass Animals",,"Mass, Vocal, Duet",0,2026-02-11T17:06:25.110496+00:00
674a847a-8838-4930-bc3f-6d94bcecb660,"Daddy Romba Paavam",https://dfcvrisaejumfpjmalui.supabase.co/storage/v1/object/public/ringtone-files/daddy-romba-paavam-parandhu-po-vocal-1771068898276.mp3,https://image.tmdb.org/t/p/w342/p5nQKLilDQtxAOfoKUL6xFrLLtu.jpg,"Parandhu Po","Siddharth, Santhosh Dhayanidhi","Santhosh Dhayanidhi, Yuvan Shankar Raja",,"Vocal, Male",0,2026-02-14T11:35:01.537313+00:00
67ed7536-5fe2-41ce-bbcc-0914d69c74b2,"Soch Na Sake-Sab Tera",https://dfcvrisaejumfpjmalui.supabase.co/storage/v1/object/public/ringtone-files/soch-na-sake-sab-tera-soch-na-sake-sab-tera-soch-na-sake-sab-tera-vocal-1771337971027.mp3,https://is1-ssl.mzstatic.com/image/thumb/Music118/v4/3c/df/f1/3cdff1a5-ccf9-af08-371d-0694f783c1b0/8903431646873_cover.jpg/600x600bb.jpg,"Soch Na Sake-Sab Tera","Neeti Mohan, Harrdy Sandhu","",,"Love, Vocal, Duet",0,2026-02-17T14:19:35.64819+00:00
681b0397-06c6-47b2-a98e-a598cf1718c0,"Vaseegara - vaseegara en nenjinikka",https://dfcvrisaejumfpjmalui.supabase.co/storage/v1/object/public/ringtone-files/vaseegara-vaseegara-en-nenjinikka-minnale-vocal-1770654802655.mp3,https://image.tmdb.org/t/p/w342/ipbcKx42WLD77mQdSGkHrf8LUuH.jpg,"Minnale","Bombay jeyashree","Harris Jayaraj",,"Love, Vocal, Female",8,2026-02-09T16:33:49.945092+00:00
685e721d-214b-4ec1-addb-668272fff1af,"Maasi Maasam",https://dfcvrisaejumfpjmalui.supabase.co/storage/v1/object/public/ringtone-files/maasi-maasam-maasi-maasam-dharma-durai-vocal-1771240474272.mp3,https://image.tmdb.org/t/p/w342/p9jnogmYHj8c5XUauAJRmnEBTpY.jpg,"Dharma Durai","Ilaiyaraaja, K. J. Yesudas & Swarnalatha","Ilaiyaraaja",,"Love, Vocal, Female",0,2026-02-16T11:17:36.475831+00:00
68656495-def5-4ddc-9096-546660e59d45,"Conor McGregor intro",https://dfcvrisaejumfpjmalui.supabase.co/storage/v1/object/public/ringtone-files/conor-mcgregor-intro-conor-mcgregor-conor-mcgregor-bgm-1770828893436.mp3,https://is1-ssl.mzstatic.com/image/thumb/Music221/v4/87/dd/d8/87ddd886-da5c-4d90-87fd-bda6f4cf4183/artwork.jpg/600x600bb.jpg,"Conor Mcgregor","Matt3","Matt3",,"BGM, Intro",0,2026-02-11T16:55:12.569134+00:00
68fb397d-c868-4689-8924-f4603ddd7b00,"Kannukulla (From ""Dude"")",https://dfcvrisaejumfpjmalui.supabase.co/storage/v1/object/public/ringtone-files/kannukulla-from-dude-dude-ringtone-1765115868216.mp3,https://image.tmdb.org/t/p/w500/oLUbL4RtynlTtKd1byseeOCkIZO.jpg,"Dude","Sai Abhyankkar, Jonita Gandhi & Adesh Krishna","Sai Abhyankkar",,"Sad, Love, Instrumental, Duet, Flute",1,2025-12-07T13:57:51.212108+00:00
694f28d7-4a8c-4a92-b73a-e7b6921bd6da,"jailer rathamaareyy",https://dfcvrisaejumfpjmalui.supabase.co/storage/v1/object/public/ringtone-files/jailer-rathamaarey-jailer-rathamaareyy-1769342127618.mp3,https://image.tmdb.org/t/p/w342/pTmMxAHqX4vsIDE6HPPxOR0Q6TN.jpg,"Jailer","Vishal Mishra, Anirudh Ravichander & Vignesh Shivan","Anirudh Ravichander",,"",0,2026-01-25T11:55:43.674683+00:00
6953a160-8853-4f5c-a79c-0b505d3ef591,"Thamirabarni theme",https://dfcvrisaejumfpjmalui.supabase.co/storage/v1/object/public/ringtone-files/thamirabarni-theme-nedunchaalai-bgm-1771010827115.mp3,https://image.tmdb.org/t/p/w342/vWL5KYpW2tn5jJkhhQKVfC1vBBq.jpg,"Nedunchaalai","","C. Sathya",,"BGM, Chorus",0,2026-02-13T19:27:11.699353+00:00
6961cb4f-5de1-4351-aac5-2a9c43f7027e,"Nee Mattum",https://dfcvrisaejumfpjmalui.supabase.co/storage/v1/object/public/ringtone-files/nee-mattum-nee-mattum-nee-mattum-vocal-1770888005756.mp3,https://is1-ssl.mzstatic.com/image/thumb/Music128/v4/b3/e2/37/b3e237ba-7652-067a-a594-395015b2043c/cover.jpg/600x600bb.jpg,"Nee Mattum","Krithika Nelson","Krithika Nelson",,"Love, Vocal, Female",0,2026-02-12T09:20:09.19449+00:00
69ba2f42-7688-4bd9-8de7-2f5c5c684254,"Karthick Theme Slow - Mouna Raagam",https://dfcvrisaejumfpjmalui.supabase.co/storage/v1/object/public/ringtone-files/karthick-theme-slow-mouna-raagam-mouna-raagam-instrumental-1770843459309.mp3,https://image.tmdb.org/t/p/w342/oXy8bx56Fx53sxozHubeLLDItF7.jpg,"Mouna Raagam","Jolly Mukherjee, T K Kala & Anil Kiran.","Ilaiyaraaja",,"Love, Instrumental, Keyboard",0,2026-02-11T20:57:42.151479+00:00
69bf821a-0c66-459a-afe4-8550bcffe500,"En Kadhaa",https://dfcvrisaejumfpjmalui.supabase.co/storage/v1/object/public/ringtone-files/en-kadhaa-en-kadhaa-en-kadhaa-vocal-1770889244755.mp3,https://is1-ssl.mzstatic.com/image/thumb/Music211/v4/d2/f3/d6/d2f3d6ba-9aa9-f452-2282-b57dc7fd1016/5021732819017.jpg/600x600bb.jpg,"En Kadhaa","Sid Sriram","Sid Sriram",,"Vocal, Male",0,2026-02-12T09:40:49.185456+00:00
69f557d6-d791-43aa-9672-e2542a91f1d3,"Thamizha Thamizha",https://dfcvrisaejumfpjmalui.supabase.co/storage/v1/object/public/ringtone-files/thamizha-thamizha-roja-vocal-1769878063857.mp3,https://image.tmdb.org/t/p/w342/1ZHr93dgcJ6jSAYpKISemBmYoIy.jpg,"Roja","","A.R. Rahman",,"Love, Vocal, Male",1,2026-01-31T16:47:45.655275+00:00
6a22663b-189a-4d47-a66a-4c3e39c20fb7,"Bgm - Oru Devathai ",https://dfcvrisaejumfpjmalui.supabase.co/storage/v1/object/public/ringtone-files/bgm-oru-devathai-vamanan-instrumental-1770657181303.mp3,https://image.tmdb.org/t/p/w342/k262nB7xt8T9QgUyzCp5d9xirOo.jpg,"Vamanan","Yuvan shankar Raja","Yuvan Shankar Raja",,"BGM, Instrumental, Violin",0,2026-02-09T17:14:11.977772+00:00
6a493202-485a-4040-882b-1d0401062b9e,"Adiyae - Adiyae Adiyae",https://dfcvrisaejumfpjmalui.supabase.co/storage/v1/object/public/ringtone-files/adiyae-adiyae-adiyae-adiyae-bgm-1771010614832.mp3,https://image.tmdb.org/t/p/w342/kynXOnVNi5s1BgLNILii00RJdaW.jpg,"Adiyae!","Pradeep Kumar, Padmaja Sreenivasan, Ku Karthik & Jerard Felix","Justin Prabhakaran",,"BGM, Intro",0,2026-02-13T19:23:40.214427+00:00
6aaf2339-c7d7-42fa-be82-a6448cc7de4b,"Phir Bhi Aankhen Bheeg Jati Hain Ringtone",https://dfcvrisaejumfpjmalui.supabase.co/storage/v1/object/public/ringtone-files/dhum-dhadaka-phir-bhi-aankhen-bheeg-jati-hain-ringtone-1769421779713.mp3,https://image.tmdb.org/t/p/w342/onKRrBuyaPZ1GV4swFyNbn5Gag2.jpg,"Dhum Dhadaka","","",,"",0,2026-01-26T10:02:19.841285+00:00
6abc8707-4792-49c1-8023-d68b1526ef05,"Kadalora Kavidhai",https://dfcvrisaejumfpjmalui.supabase.co/storage/v1/object/public/ringtone-files/kadalora-kavidhai-kadalora-kavidhai-kadalora-kavidhai-vocal-1771012952075.mp3,https://is1-ssl.mzstatic.com/image/thumb/Music221/v4/b2/1e/04/b21e0495-6732-a59a-5ee5-e04afeb1ab6d/cover.jpg/600x600bb.jpg,"Kadalora Kavidhai","Abhijith Njaroli, Swetha Sugathan, Vishal Suresh","Vishal Suresh",,"Vocal, Male",0,2026-02-13T20:02:35.779022+00:00
6b25919e-6bd0-4920-8309-506a364a1938,"Thalaivan Oruvan",https://dfcvrisaejumfpjmalui.supabase.co/storage/v1/object/public/ringtone-files/thalaivan-oruvan-thalaivan-oruvan-thalaivan-oruvan-vocal-1770961266362.mp3,https://is1-ssl.mzstatic.com/image/thumb/Music221/v4/5e/ec/ae/5eecae5b-16df-7100-113d-68730a3e2c6c/25UM1IM68440.rgb.jpg/600x600bb.jpg,"Thalaivan Oruvan","Santhosh Narayanan, OfRO, SVDP, The Indian Choral Ensemble","Santhosh Narayanan",,"Vocal, Duet",0,2026-02-13T05:41:11.232652+00:00
6b2b35d6-ee9a-4a54-8ad2-7f35ef9c3165,"SOODA",https://dfcvrisaejumfpjmalui.supabase.co/storage/v1/object/public/ringtone-files/sooda-sooda-sooda-vocal-1770964041886.mp3,https://is1-ssl.mzstatic.com/image/thumb/Music221/v4/37/9e/97/379e9778-06c6-8ce0-f38a-6d27e8359400/cover.jpg/600x600bb.jpg,"SOODA","Tha Mystro, Amos Paul, Ahashe, Selojan","Selojan",,"Vocal, Male",0,2026-02-13T06:27:25.655302+00:00
6b6de844-46ca-4356-bba7-c97e12a246b4,"Beda Paar",https://dfcvrisaejumfpjmalui.supabase.co/storage/v1/object/public/ringtone-files/beda-paar-beda-paar-lost-ladies-vocal-1771171969621.mp3,https://image.tmdb.org/t/p/w342/cGG5hCwPnMvuKzvUBnxo5y3DcVM.jpg,"Lost Ladies","Ram Sampath, Sona Mohapatra, Prashant Pandey","Ram Sampath",,"Vocal, Duet",0,2026-02-15T16:12:57.758913+00:00
6b79712b-f1bf-48d0-9727-f4474e260dcb,"AA23",https://dfcvrisaejumfpjmalui.supabase.co/storage/v1/object/public/ringtone-files/aa23-aa23-aa23-vocal-1771047700588.mp3,https://is1-ssl.mzstatic.com/image/thumb/Music221/v4/c2/aa/98/c2aa9831-475e-7825-de1f-a116b7dcc25f/199806963265.jpg/600x600bb.jpg,"AA23","Anirudh Ravichander","",,"Mass, Vocal, Duet",0,2026-02-14T05:41:50.372013+00:00
6ba08b6b-35a9-496b-a7d8-1912dfc7baf3,"Whistle poduuu ",https://dfcvrisaejumfpjmalui.supabase.co/storage/v1/object/public/ringtone-files/the-greatest-of-all-time-whistle-podu-whistle-poduuu-humming-1769348848704.mp3,https://image.tmdb.org/t/p/w342/kk9SmNt6QcP5thvSYELWvO0NWuC.jpg,"The Greatest of All Time","Thalapathy Vijay, Prabhu Deva, Venkat Prabhu, Yuvan Shankar Raja, Premgi Amaren & Madhan Karky","Yuvan Shankar Raja",,"Humming",0,2026-01-25T13:47:40.572267+00:00
6bc63def-3be2-4996-84e7-1b144e23e4eb,"Olalai",https://dfcvrisaejumfpjmalui.supabase.co/storage/v1/object/public/ringtone-files/olalai-olalai-olalai-vocal-1770964204842.mp3,https://is1-ssl.mzstatic.com/image/thumb/Music211/v4/a5/22/a1/a522a133-1eb0-4d84-8695-6a35185b6d1c/cover.jpg/600x600bb.jpg,"Olalai","Keli.thee, ofRo","ofRo",,"Vocal, Male",0,2026-02-13T06:30:11.881242+00:00
6cc3818a-07bd-40b4-b9e7-38c82df993e9,"murugan song ringtone",https://dfcvrisaejumfpjmalui.supabase.co/storage/v1/object/public/ringtone-files/murugan-murugan-song-ringtone-murugan-song-ringtone-1769354540930.mp3,https://images.unsplash.com/photo-1604608672516-f1b1f1c0b4e1?w=600,"Murugan","","",,"Devotional",2,2026-01-25T15:22:25.206104+00:00
6ccc9ae0-0cb3-45f0-aa92-90311d7ee98b,"vinayagar song",https://dfcvrisaejumfpjmalui.supabase.co/storage/v1/object/public/ringtone-files/vinayagar-onbathu-kolum-vinayagar-song-1769423740372.mp3,https://is1-ssl.mzstatic.com/image/thumb/Music115/v4/10/42/46/1042466c-b004-5faf-024f-4a643e5fe8d3/813015025483.jpg/600x600bb.jpg,"Vinayagar","T.L.Maharajan","",,"Devotional",0,2026-01-26T10:35:48.746535+00:00
6d031c37-b365-4df2-a3b0-9534b864ea61,"Attitude ",https://dfcvrisaejumfpjmalui.supabase.co/storage/v1/object/public/ringtone-files/attitude-attitude-attitude-vocal-1770826257787.mp3,https://is1-ssl.mzstatic.com/image/thumb/Music125/v4/ce/3d/57/ce3d5779-4bd5-4808-c8e0-6bd82ff01b55/20UMGIM25243.rgb.jpg/600x600bb.jpg,"Attitude","Lewis OfMan","Lewis OfMan",,"Love, Vocal, Male",0,2026-02-11T16:11:02.68788+00:00
6d614047-50b2-40c0-8fee-940e7924a154,"Kafan Pe Daag Teri Bewafai Ka",https://dfcvrisaejumfpjmalui.supabase.co/storage/v1/object/public/ringtone-files/kafan-pe-daag-teri-bewafai-ka-kafan-pe-daag-teri-bewafai-ka-kafan-pe-daag-teri-bewafai-ka-vocal-1771057984200.mp3,https://is1-ssl.mzstatic.com/image/thumb/Music221/v4/53/98/93/53989358-aabc-31a8-528e-2f32e5c785d8/199538868333.jpg/600x600bb.jpg,"Kafan Pe Daag Teri Bewafai Ka","	Shahid Ali Khan","	Shahid Ali Khan",,"Vocal, Male",0,2026-02-14T08:33:09.492852+00:00
6dfb0837-1608-4bc2-82cf-e5071f4839ab,"Daavula Darling",https://dfcvrisaejumfpjmalui.supabase.co/storage/v1/object/public/ringtone-files/daavula-darling-daavula-darling-vocal-1770956799908.mp3,https://is1-ssl.mzstatic.com/image/thumb/Music126/v4/b8/3c/66/b83c6687-a234-2502-f8cd-976ac3db5de3/23UMGIM64230.rgb.jpg/600x600bb.jpg,"Daavula Darling","Gana Ulaganathan, Gana Vimala","Sean Roldan",,"Vocal, Male",0,2026-02-13T04:26:44.225154+00:00
6e19a21c-03ad-4afe-a486-c6f6d2b2a5af,"Dil Se Dil Tak",https://dfcvrisaejumfpjmalui.supabase.co/storage/v1/object/public/ringtone-files/dil-se-dil-tak-dil-se-dil-tak-bawaal-vocal-1771177042447.mp3,https://image.tmdb.org/t/p/w342/kT0mA3kYzvl2UZGxhJnLyTUYa2z.jpg,"Bawaal","Laqshay Kapoor, Akashdeep Sengupta, Suvarna Tiwari & Kausar Munir","Akashdeep Sengupta, Mithoon Sharma, Tanishk Bagchi, Daniel B George",,"Love, Vocal, Duet",0,2026-02-15T17:37:28.444463+00:00
6e7b3e52-51f3-46f1-875a-024dbc5f26f0,"	Tune Gair Ki Sej Sajayi",https://dfcvrisaejumfpjmalui.supabase.co/storage/v1/object/public/ringtone-files/tune-gair-ki-sej-sajayi-tune-gair-ki-sej-sajayi-tune-gair-ki-sej-sajayi-vocal-1771059302479.mp3,https://is1-ssl.mzstatic.com/image/thumb/Music211/v4/9c/4a/8d/9c4a8dd7-9134-3618-11cb-ff6a7902c00b/199538848311.jpg/600x600bb.jpg,"	Tune Gair Ki Sej Sajayi","Shahid Ali Khan","",,"Vocal, Male",0,2026-02-14T08:55:06.085098+00:00
6eebda5d-9e22-4a1a-83d6-ce8064a9d4ac,"Aakhir Kyun",https://dfcvrisaejumfpjmalui.supabase.co/storage/v1/object/public/ringtone-files/aakhir-kyun-aakhir-kyun-the-kerala-story-vocal-1771176763030.mp3,https://image.tmdb.org/t/p/w342/g70f3hwn5jPaNzqPssoa9unlawo.jpg,"The Kerala Story","Porshia (Kurdish), Bishakh Jyoti, Mahalakshmi Iyer & Anant","Bishakhjyoti, Viresh Sreevalsa",,"Love, Vocal, Duet",0,2026-02-15T17:32:50.162186+00:00
6fc00c82-ffbc-40f7-9a7e-e5a43336add4,"chellakutty theri bgm",https://dfcvrisaejumfpjmalui.supabase.co/storage/v1/object/public/ringtone-files/theri-chella-kutti-chellakutty-theri-bgm-instrumental-1769342215801.mp3,https://image.tmdb.org/t/p/w342/f6BhexotEqO3GejXa3FopBNGL6M.jpg,"Theri","Vijay & Neeti Mohan","G. V. Prakash Kumar",,"BGM, Instrumental",2,2026-01-25T11:57:11.532673+00:00
70596d9f-8832-4c24-9acb-2c1c02ddba52,"Flute - Chinni Chinni Aasai",https://dfcvrisaejumfpjmalui.supabase.co/storage/v1/object/public/ringtone-files/flute-chinni-chinni-aasai-roja-instrumental-1769878275304.mp3,https://image.tmdb.org/t/p/w342/1ZHr93dgcJ6jSAYpKISemBmYoIy.jpg,"Roja","","A.R. Rahman",,"Flute, Instrumental, Love",6,2026-01-31T16:51:17.211052+00:00
71343784-7d12-45a9-91b0-9539c2258690,"Benz In The Universe",https://dfcvrisaejumfpjmalui.supabase.co/storage/v1/object/public/ringtone-files/benz-in-the-universe-benz-in-the-universe-benz-instrumental-1771051979723.mp3,https://is1-ssl.mzstatic.com/image/thumb/Music211/v4/b4/6a/24/b46a247e-e319-c952-6419-dcb628e3a14e/cover.jpg/600x600bb.jpg,"Benz","Sai Abhyankkar","",,"Mass, Instrumental, Drums",0,2026-02-14T06:53:03.455947+00:00
715d3234-d066-46df-81f8-257397d0f66b,"Devathai pol",https://dfcvrisaejumfpjmalui.supabase.co/storage/v1/object/public/ringtone-files/devathai-pol-gopura-vasalile-1770982309216.mp3,https://image.tmdb.org/t/p/w342/p0zaJWirQMQL3fN6gYuB8Qs4mQi.jpg,"Gopura Vasalile","Ilayaraja ","Ilaiyaraaja",,"Love, Male, Chorus",4,2026-02-13T11:31:52.418073+00:00
717b842c-54fb-4b75-ad8d-996cf64cddab,"Karuppu Samy ",https://dfcvrisaejumfpjmalui.supabase.co/storage/v1/object/public/ringtone-files/karuppu-samy-karuppu-samy-karuppu-samy-vocal-1770920588658.mp3,https://is1-ssl.mzstatic.com/image/thumb/Music112/v4/ab/96/48/ab964836-b2ce-f8db-3be9-a482346241c6/Mayuram.jpg/600x600bb.jpg,"Karuppu Samy ","Siva Mathura Kaali","",,"Devotional, Vocal, Male",0,2026-02-12T18:23:23.052672+00:00
71a1e5b8-7d7a-4c43-adcd-2bd6ea4235cb,"Azrael",https://dfcvrisaejumfpjmalui.supabase.co/storage/v1/object/public/ringtone-files/azrael-azrael-l2-empuraan-vocal-1771155864102.mp3,https://image.tmdb.org/t/p/w342/dfaZipN3Aw5BK85nEvfr2FNg4EW.jpg,"L2: Empuraan","Usha Uthup, Deepak Dev, Murali Gopy","Deepak Dev",,"Vocal, Female",0,2026-02-15T11:44:28.036458+00:00
71e5b19d-1f97-4f1c-ba2d-65600f2fa801,"Mother's love ",https://dfcvrisaejumfpjmalui.supabase.co/storage/v1/object/public/ringtone-files/mother-s-love-aadukalam-instrumental-1770987217957.mp3,https://image.tmdb.org/t/p/w342/osU8Egxu2xhS6RwkxDbfOMYjZZ2.jpg,"Aadukalam","G V Prakash ","G. V. Prakash Kumar",,"Sad, Instrumental, Violin, Keyboard",0,2026-02-13T12:53:42.431168+00:00
72080212-43f3-41d3-9d18-bfd0b8dd6037,"Mayanginen solla",https://dfcvrisaejumfpjmalui.supabase.co/storage/v1/object/public/ringtone-files/mayanginen-solla-naane-raja-naane-manthiri-vocal-1770982037476.mp3,https://image.tmdb.org/t/p/w342/hLeWkV3LBwfl19TGI46E6WsSwm1.jpg,"Naane Raja Naane Manthiri","Ilayaraja ","Ilaiyaraaja",,"Love, Vocal, Female",3,2026-02-13T11:27:23.312834+00:00
7219ac9b-13e8-490b-bc6f-34e642d1e1e2,"Naan Thoda Instrumental",https://dfcvrisaejumfpjmalui.supabase.co/storage/v1/object/public/ringtone-files/naan-thoda-instrumental-naan-thoda-naan-thoda-1770958360655.mp3,https://is1-ssl.mzstatic.com/image/thumb/Music116/v4/31/1e/13/311e1349-ae80-b61a-756d-b21818e643b2/886449638468.jpg/600x600bb.jpg,"Naan Thoda","Santhosh Dhayanidhi, Shakthisree Gopalan","Santhosh Dhayanidhi",,"Instrumental, Piano",0,2026-02-13T04:52:44.952305+00:00
72635de9-ede1-4747-8e08-8cfdc9fa6d84,"Please Purinjukko",https://dfcvrisaejumfpjmalui.supabase.co/storage/v1/object/public/ringtone-files/please-purinjukko-please-purinjukko-please-purinjukko-vocal-1770889134963.mp3,https://is1-ssl.mzstatic.com/image/thumb/Music126/v4/bb/7c/cc/bb7ccce8-0951-5657-6897-fc1893888d21/24UMGIM07164.rgb.jpg/600x600bb.jpg,"Please Purinjukko","Sean Roldan, Aditi Rao Hydari","Sean Roldan",,"Love, Vocal, Male",0,2026-02-12T09:38:58.095976+00:00
72b302a4-e09c-4ed5-90c3-de77a9858850,"Otha Thamarai",https://dfcvrisaejumfpjmalui.supabase.co/storage/v1/object/public/ringtone-files/otha-thamarai-otha-thamarai-otha-thamarai-vocal-1770880070434.mp3,https://is1-ssl.mzstatic.com/image/thumb/Music116/v4/10/81/8e/10818eed-4be4-fbe2-0ec4-7f145dc685dd/192641999123_Cover.jpg/600x600bb.jpg,"Otha Thamarai","Bala, Nixen, Sandy","Sandy Sandellow",,"Love, Vocal, Male",0,2026-02-12T07:07:54.496106+00:00
72f8c822-ee49-43c4-85b2-43670ac18afe,"feel of jailer",https://dfcvrisaejumfpjmalui.supabase.co/storage/v1/object/public/ringtone-files/jailer-feel-of-jailer-feel-of-jailer-1769341495152.mp3,https://image.tmdb.org/t/p/w342/pTmMxAHqX4vsIDE6HPPxOR0Q6TN.jpg,"Jailer","Anirudh Ravichander & Vishal Mishra","Anirudh Ravichander",,"",0,2026-01-25T11:45:10.451942+00:00
733faf64-d754-4447-b7b9-6a8cc15b2a6e,"My Life  - Namma Thamizh Folku",https://dfcvrisaejumfpjmalui.supabase.co/storage/v1/object/public/ringtone-files/my-life-namma-thamizh-folku-dada-vocal-1770830635806.mp3,https://image.tmdb.org/t/p/w342/2D2IqxPrIMNjui9oViI3pngjx9k.jpg,"Dada","Jen Martin & Vaisagh","Uriel Vanchestein, Alexander Stix-Brunell",,"Sad, Vocal, Male",0,2026-02-11T17:38:33.531995+00:00
735ef4bd-9ecb-4277-8599-ebf88f916949,"Harbour gang Ringtone ",https://dfcvrisaejumfpjmalui.supabase.co/storage/v1/object/public/ringtone-files/coolie-chikitu-tamil-harbour-gang-ringtone-humming-8d-audio-remix-instrumental-dialogue-vocal-1769379103583.mp3,https://image.tmdb.org/t/p/w342/kr36awqmziEI5mfUElsHB0pj9zP.jpg,"Coolie","Anirudh Ravichander, T. Rajendar & Arivu","Anirudh Ravichander",,"Mass, Love, Sad, Funny, Motivational, Devotional, Humming, 8D Audio, Remix, Instrumental, Dialogue, Vocal, Male, Female, Duet, Guitar, Violin, Flute, Keyboard, Whistle, Saxophone, Piano, Trumpet, Drums, Veena, Nadaswaram",0,2026-01-25T22:11:46.822573+00:00
73fa48c2-f748-4f2f-a892-cf2f0edb0c89,"Cold Call",https://dfcvrisaejumfpjmalui.supabase.co/storage/v1/object/public/ringtone-files/cold-call-cold-call-cold-call-vocal-1771047899514.mp3,https://is1-ssl.mzstatic.com/image/thumb/Music/43/06/f6/mzi.cpsojhtd.jpg/600x600bb.jpg,"Cold Call","Pranav Giridharan, El Fe' Choir, Armious","Pranav Giridharan",,"Motivational, Vocal, Male",0,2026-02-14T05:45:04.018143+00:00
74442bdd-cd17-440f-b923-00029c8adce9,"Heer Raanjhana",https://dfcvrisaejumfpjmalui.supabase.co/storage/v1/object/public/ringtone-files/heer-raanjhana-heer-raanjhana-bachchhan-paandey-vocal-1771182117172.mp3,https://image.tmdb.org/t/p/w342/nuUtbT376pIhgTxJuEVGFx9sBvz.jpg,"Bachchhan Paandey","Amaal Mallik, Arijit Singh & Shreya Ghoshal","Vikram Montrose, Jaani, Amaal Mallik, B Praak",,"Vocal, Duet",0,2026-02-15T19:02:03.846325+00:00
744b15cd-8cae-48e3-b7a1-2ff9d841984c,"Venmegam",https://dfcvrisaejumfpjmalui.supabase.co/storage/v1/object/public/ringtone-files/venmegam-venmegam-yaaradi-nee-mohini-vocal-1770899951404.mp3,https://image.tmdb.org/t/p/w342/cUxzchnYYoeFJy7s4sD9bRdIGwx.jpg,"Yaaradi Nee Mohini","Hariharan","Yuvan Shankar Raja",,"Sad, Vocal, Male",0,2026-02-12T12:42:06.42608+00:00
7499a0cf-4411-42fd-a912-0e34ae863711,"kaavaalaya jailer bgm",https://dfcvrisaejumfpjmalui.supabase.co/storage/v1/object/public/ringtone-files/jailer-kaavaalaa-kaavaalaya-jailer-bgm-instrumental-1769341636682.mp3,https://image.tmdb.org/t/p/w342/pTmMxAHqX4vsIDE6HPPxOR0Q6TN.jpg,"Jailer","Anirudh Ravichander, Shilpa Rao & Arunraja Kamaraj","Anirudh Ravichander",,"BGM, Instrumental",0,2026-01-25T11:47:32.185408+00:00
74c875e1-302b-40f6-a614-7d54f863aed8,"Dol - Dol Dol",https://dfcvrisaejumfpjmalui.supabase.co/storage/v1/object/public/ringtone-files/dol-dol-dol-aayitha-ezhuthu-1771175845356.mp3,https://image.tmdb.org/t/p/w342/7SJMzuXWaVwjUHfGJaMzU0cTtJB.jpg,"Aayitha Ezhuthu","A.R. Rahman, Blaaze & Shahin Badar","A.R. Rahman",,"Mass, Intro",0,2026-02-15T17:17:40.135616+00:00
75b7adb0-b6fb-427e-bc72-7ff83a8cbe0a,"Bas Tera Pyaar Hai",https://dfcvrisaejumfpjmalui.supabase.co/storage/v1/object/public/ringtone-files/bas-tera-pyaar-hai-deva-vocal-1771158319112.mp3,https://image.tmdb.org/t/p/w342/2JthNUcRU89h9M6k3yQxLkACEJQ.jpg,"Deva","Vishal Mishra, Pratiksha Kale","Vishal Mishra, Jakes Bejoy",,"Love, Vocal, Male",0,2026-02-15T12:25:26.536857+00:00
76773bfe-b414-42ba-8514-e85435dcb580,"konjam - Konchem Konchem",https://dfcvrisaejumfpjmalui.supabase.co/storage/v1/object/public/ringtone-files/konjam-konchem-konchem-eega-vocal-1770654997028.mp3,https://image.tmdb.org/t/p/w342/etHmdDnlfZv1dBilHhZ5zSuJnem.jpg,"Eega","Vijay Prakash, Deepu, M.M. Keeravani & Revanth","M.M. Keeravaani",,"Love, Vocal, Male",0,2026-02-09T16:36:43.573591+00:00
76a5ab26-1cec-45c8-865c-58b9babcd61e,"Yamunai Aatriley",https://dfcvrisaejumfpjmalui.supabase.co/storage/v1/object/public/ringtone-files/yamunai-aatriley-96-vocal-1770844991000.mp3,https://image.tmdb.org/t/p/w342/nrVloCa2hCFOztRF1DZU2jnWIiQ.jpg,"96","","Govindh Vasantha",,"Love, Vocal, Female",0,2026-02-11T21:23:13.828449+00:00
76d6ebd3-3da2-4562-abb9-464e3fde4fb1,"Secret agent ",https://dfcvrisaejumfpjmalui.supabase.co/storage/v1/object/public/ringtone-files/secret-agent-aaraattu-1771176614653.mp3,https://image.tmdb.org/t/p/w342/qt5zIVjW1ThRhJkSetOFlnySsoW.jpg,"Aaraattu","","Rahul Raj",,"Mass, Cover",0,2026-02-15T17:30:24.582895+00:00
76e3ab02-75e7-4696-ba37-bd21608c4bf8,"Thee",https://dfcvrisaejumfpjmalui.supabase.co/storage/v1/object/public/ringtone-files/thee-thee-thee-vocal-1770961584164.mp3,https://is1-ssl.mzstatic.com/image/thumb/Music221/v4/8d/5d/a9/8d5da921-82c1-0de3-f6d4-a3ecca42afdf/cover.jpg/600x600bb.jpg,"Thee","Ankith Gupta, Paal Dabba, Yung Raja, U-A Music","Ankith Gupta, U-A Music",,"Vocal, Male",0,2026-02-13T05:46:28.137925+00:00
7816d327-b38d-46b8-823e-c2f2884a4288,"Avana Bhaiya Nu - Bye Bye Bhaiya",https://dfcvrisaejumfpjmalui.supabase.co/storage/v1/object/public/ringtone-files/avana-bhaiya-nu-bye-bye-bhaiya-bye-bye-bhaiya-vocal-1770879611168.mp3,https://is1-ssl.mzstatic.com/image/thumb/Music211/v4/1e/f8/26/1ef826b4-6d9e-7af1-81dd-d480311d6dc5/198704345548_Cover.jpg/600x600bb.jpg,"Bye Bye Bhaiya","Hiphop Tamizha","HipHop Tamizha Adhi",,"Vocal, Male",0,2026-02-12T07:00:15.258059+00:00
781d577c-3d87-4b6a-a6ba-8c527ae52707,"Sorgame endralum",https://dfcvrisaejumfpjmalui.supabase.co/storage/v1/object/public/ringtone-files/sorgame-endralum-ooru-vittu-ooru-vanthu-vocal-1770976431208.mp3,https://image.tmdb.org/t/p/w342/6eXz8UnaoFBTZsman7UFG8R5rzS.jpg,"Ooru Vittu Ooru Vanthu","Ilayaraja ","Ilaiyaraaja",,"Mass, Vocal, Male",0,2026-02-13T09:53:54.751902+00:00
78401e00-152d-4d7a-983e-8dffb0efa407,"Celebration of Vennela",https://dfcvrisaejumfpjmalui.supabase.co/storage/v1/object/public/ringtone-files/celebration-of-vennela-celebration-of-vennela-dasara-instrumental-1771178676831.mp3,https://image.tmdb.org/t/p/w342/4OTVoCVXa5aHDZl8opKoIV9Ezr5.jpg,"Dasara","Santhosh Narayanan","Santhosh Narayanan",,"Instrumental, Mass, Drums",0,2026-02-15T18:04:43.013931+00:00
789e33b2-507c-4b02-9e11-89c7e92982f0,"	Radha Meera",https://dfcvrisaejumfpjmalui.supabase.co/storage/v1/object/public/ringtone-files/radha-meera-radha-meera-radha-meera-vocal-1771057120592.mp3,https://is1-ssl.mzstatic.com/image/thumb/Music221/v4/13/dd/6a/13dd6ae2-76c4-c7dd-f25d-a32f75800e33/198846569796.jpg/600x600bb.jpg,"	Radha Meera","Nikhil Verma","Nikhil Verma",,"Vocal, Male",0,2026-02-14T08:18:46.80422+00:00
78e37c52-c40a-4c83-8612-17fcc9d0b192,"Bade Din Huye",https://dfcvrisaejumfpjmalui.supabase.co/storage/v1/object/public/ringtone-files/bade-din-huye-bade-din-huye-bade-din-huye-vocal-1771015588147.mp3,https://is1-ssl.mzstatic.com/image/thumb/Music211/v4/0f/ac/af/0facaf36-c2a7-9720-8f9a-ffade874c494/8909423116713.jpg/600x600bb.jpg,"Bade Din Huye","Armaan Malik","Armaan Malik",,"Vocal, Male",0,2026-02-13T20:46:33.448929+00:00
78f296bb-b5c9-4cdc-8606-5920cb6a9031,"BGM - madrasapattinam interlude",https://dfcvrisaejumfpjmalui.supabase.co/storage/v1/object/public/ringtone-files/madrasapattinam-bgm-madrasapattinam-interlude-1765571717631.mp3,https://image.tmdb.org/t/p/w500/vmF5Yb9ViIncinpj2wGCS8w6iti.jpg,"Madrasapattinam","","G. V. Prakash Kumar",,"Love, BGM, Instrumental, Interlude",2,2025-12-12T20:35:20.7345+00:00
796460cc-0fd2-4bd3-846d-1239f28f2d2f,"Kaalaila Kaadhal Solli - Selfie Pulla",https://dfcvrisaejumfpjmalui.supabase.co/storage/v1/object/public/ringtone-files/kaalaila-kaadhal-solli-selfie-pulla-kaththi-vocal-1770827534371.mp3,https://image.tmdb.org/t/p/w342/3Zp3VCEzDJGHwvMT7pXkPj2vuYm.jpg,"Kaththi","Anirudh Ravichander, Vijay & Sunidhi Chauhan","Anirudh Ravichander",,"Love, Vocal, Duet",0,2026-02-11T16:46:49.093709+00:00
79805e47-1758-4224-8423-68a39fbb9633,"Kandangi Selai",https://dfcvrisaejumfpjmalui.supabase.co/storage/v1/object/public/ringtone-files/kandangi-selai-kandangi-selai-kandangi-selai-vocal-1770964532609.mp3,https://is1-ssl.mzstatic.com/image/thumb/Music221/v4/e0/98/fe/e098fece-7345-c5ee-8dbf-a662b6ada92c/cover.jpg/600x600bb.jpg,"Kandangi Selai","KJ Iyenar, Priyanka NK","KJ Iyenar",,"Vocal, Duet",0,2026-02-13T06:35:36.219813+00:00
79a37ad6-6f86-4cc2-ad38-957111143e1d,"Marriage Interlude - Anbil Avan",https://dfcvrisaejumfpjmalui.supabase.co/storage/v1/object/public/ringtone-files/marriage-interlude-anbil-avan-vinnaithaandi-varuvaayaa-1770845506411.mp3,https://image.tmdb.org/t/p/w342/icWUNL2GxDgWmI5PQN2RYA2CEbv.jpg,"Vinnaithaandi Varuvaayaa","A.R. Rahman, Chinmayi Sripada & Devan Ekambaram","A.R. Rahman",,"Interlude, Love",0,2026-02-11T21:31:49.049092+00:00
79a86c4d-849f-4a42-9817-5a58edb74914,"Astronet in the ocean  - Astronaut In The Ocean",https://dfcvrisaejumfpjmalui.supabase.co/storage/v1/object/public/ringtone-files/astronet-in-the-ocean-astronaut-in-the-ocean-astronaut-in-the-ocean-vocal-1770825067771.mp3,https://is1-ssl.mzstatic.com/image/thumb/Music115/v4/96/1e/99/961e997d-de14-6e80-3e68-4c4a94c716ee/075679780263.jpg/600x600bb.jpg,"Astronaut In The Ocean","Masked Wolf","Masked Wolf",,"Love, Vocal, Male",0,2026-02-11T15:51:15.185577+00:00
79c8b54a-ca0c-4969-b9e7-95c2ea9169e9,"Buddhu Sa Mann",https://dfcvrisaejumfpjmalui.supabase.co/storage/v1/object/public/ringtone-files/buddhu-sa-mann-buddhu-sa-mann-kapoor-sons-vocal-1771015247829.mp3,https://image.tmdb.org/t/p/w342/oPdcOInH8TqR5udDTDPiDuLSN90.jpg,"Kapoor & Sons","Amaal Mallik & Armaan Malik","Arko Pravo Mukherjee, Benny Dayal, Amaal Mallik, Nucleya, Badshah, Tanishk Bagchi",,"Vocal, Male",0,2026-02-13T20:40:53.10426+00:00
7a33e6af-4072-4d98-97b1-50cf3779233e,"AA23 Ringtone ",https://dfcvrisaejumfpjmalui.supabase.co/storage/v1/object/public/ringtone-files/aa23-23-theme-aa23-ringtone-bgm-instrumental-vocal-dialogue-remix-8d-audio-humming-1769377245862.mp3,https://image.tmdb.org/t/p/w342/8KpoR6l6JfdtYct65GXzo4klifn.jpg,"AA23","Anirudh Ravichander, Hector Salamanca & Heisenberg","Anirudh Ravichander",,"BGM, Instrumental, Love, Sad, Mass, Motivational, Funny, Devotional, Vocal, Dialogue, Remix, 8D Audio, Humming, Male, Female, Duet, Flute, Violin, Guitar, Piano, Saxophone, Trumpet, Whistle, Drums, Keyboard, Veena, Nadaswaram",6,2026-01-25T21:40:49.637765+00:00
7a845494-a3de-4362-860c-2adc84694d86,"Kaana Peena",https://dfcvrisaejumfpjmalui.supabase.co/storage/v1/object/public/ringtone-files/kaana-peena-kaana-peena-kaana-peena-vocal-1770963824723.mp3,https://is1-ssl.mzstatic.com/image/thumb/Music211/v4/8b/39/a1/8b39a134-47d0-0da7-aca3-f39b8c6ae63c/3617669886714_Cover.jpg/600x600bb.jpg,"Kaana Peena","Raksheet Ramesh, G. V. Prakash Kumar","Raksheet Ramesh",,"Vocal, Male",0,2026-02-13T06:23:48.226472+00:00
7abf487d-58c4-4588-babb-b582dd2feb0a,"Huppa Huiya",https://dfcvrisaejumfpjmalui.supabase.co/storage/v1/object/public/ringtone-files/huppa-huiya-huppa-huiya-adipurush-vocal-1771174985569.mp3,https://image.tmdb.org/t/p/w342/1H2xEZOixs0z0JKwyjANZiKNNVJ.jpg,"Adipurush","Ajay-Atul, Manoj Muntashir, Sukhwinder Singh","Ankit Balhara, Sanchit Balhara, Atul Gogavale, Ajay Gogavale",,"Vocal, Duet",0,2026-02-15T17:03:12.336771+00:00
7ad21fac-6d0f-473c-ab15-6e84a5837979,"jailer mathew theme",https://dfcvrisaejumfpjmalui.supabase.co/storage/v1/object/public/ringtone-files/jailer-mathew-theme-jailer-mathew-theme-bgm-instrumental-1769342082546.mp3,https://image.tmdb.org/t/p/w342/pTmMxAHqX4vsIDE6HPPxOR0Q6TN.jpg,"Jailer","Anirudh Ravichander","Anirudh Ravichander",,"BGM, Instrumental",0,2026-01-25T11:54:59.149503+00:00
7b30fc08-f3d5-423f-b7da-52c8bf99e230,"Kodiyil oruvan theme - Kodiyil Oruvan Theme Song",https://dfcvrisaejumfpjmalui.supabase.co/storage/v1/object/public/ringtone-files/kodiyil-oruvan-theme-kodiyil-oruvan-theme-song-kodiyil-oruvan-bgm-1770984759763.mp3,https://image.tmdb.org/t/p/w342/4ref2SvT2e9PeJ6Jqfd3MovE3JT.jpg,"Kodiyil Oruvan","Vijay Antony, Dinesh & Kanagaratnam (Rap)","Nivas Prasanna",,"BGM, Interlude",0,2026-02-13T12:12:44.822398+00:00
7b5c565e-3196-499c-9cbb-f3bac0700d6e,"Kaatrai Konjam (From ""Neethaane En Ponvasantham"")",https://res.cloudinary.com/drvs4msnn/video/upload/v1764789844/gugjgrlbho3pxi6x0sv3.mp3,https://image.tmdb.org/t/p/w500/w8iOOYjUioL4zSFmnQl9BuYGePC.jpg,"Neethaane En Ponvasantham","Ilaiyaraaja & Karthik","",,"Guitar, Instrumental, Love",0,2025-12-03T19:24:05.79347+00:00
7b731bdd-4e13-48f4-975c-16835d4f185d,"One kiss ",https://dfcvrisaejumfpjmalui.supabase.co/storage/v1/object/public/ringtone-files/one-kiss-one-kiss-one-kiss-vocal-1770830730420.mp3,https://is1-ssl.mzstatic.com/image/thumb/Music124/v4/91/2a/7b/912a7bdb-c2f6-b887-9392-49728fece0df/886447044360.jpg/600x600bb.jpg,"One Kiss","Calvin Harris, Dua Lipa","Calvin Harris, Dua Lipa",,"Love, Vocal, Female",0,2026-02-11T17:25:35.57143+00:00
7be140e7-52eb-4dde-a038-d500b908706f,"vidamyarchi pathikichu",https://dfcvrisaejumfpjmalui.supabase.co/storage/v1/object/public/ringtone-files/vidaamuyarchi-pathikichu-vidamyarchi-pathikichu-1769343950411.mp3,https://image.tmdb.org/t/p/w342/yx7AYFLoupzBfdfEAlDFuOiei2A.jpg,"Vidaamuyarchi","Anirudh Ravichander, Yogisekar & Amogh Balaji","Anirudh Ravichander",,"",0,2026-01-25T12:26:07.357438+00:00
7c47d43c-3214-4834-99e6-e60b1e045ffb,"Chennai Kaaran",https://dfcvrisaejumfpjmalui.supabase.co/storage/v1/object/public/ringtone-files/chennai-kaaran-chennai-kaaran-chennai-kaaran-vocal-1770958879768.mp3,https://is1-ssl.mzstatic.com/image/thumb/Music211/v4/b4/6a/a0/b46aa0a5-e9af-c449-c18e-98f4817b62c9/198846096766.jpg/600x600bb.jpg,"Chennai Kaaran","Arivu, Sanjay Subrahmanyan","Arivu",,"Mass, Vocal, Male",0,2026-02-13T05:01:23.980763+00:00
7c9db000-6ccf-45c0-9170-abf154d65b48,"She points her finger ",https://dfcvrisaejumfpjmalui.supabase.co/storage/v1/object/public/ringtone-files/she-points-her-finger-aadukalam-instrumental-1770987180218.mp3,https://image.tmdb.org/t/p/w342/osU8Egxu2xhS6RwkxDbfOMYjZZ2.jpg,"Aadukalam","GV Prakash ","G. V. Prakash Kumar",,"Love, Instrumental, Flute",0,2026-02-13T12:53:04.039643+00:00
7ca50cce-7c74-4a3b-bbb7-9912cf64632c,"Goyyala",https://dfcvrisaejumfpjmalui.supabase.co/storage/v1/object/public/ringtone-files/goyyala-goyyala-goyyala-vocal-1771269568290.mp3,https://is1-ssl.mzstatic.com/image/thumb/Music5/v4/31/76/c1/3176c1d1-8d6c-032c-36a8-85b0a8dd297f/cover.jpg/600x600bb.jpg,"Goyyala","Shankarnag Vijayan","Bobo Shashi",,"Funny, Vocal, Male",0,2026-02-16T19:19:34.130172+00:00
7d00702e-34e5-4b0e-b9b8-a0904291d938,"Infected - Intro Infected",https://dfcvrisaejumfpjmalui.supabase.co/storage/v1/object/public/ringtone-files/infected-intro-infected-talksick-3-instrumental-1770830139834.mp3,https://is1-ssl.mzstatic.com/image/thumb/Music211/v4/26/1f/0f/261f0f8e-1c0e-43ef-6cb7-6e137a6e5418/683733.jpg/600x600bb.jpg,"Talksick 3","Sickick","Sickick",,"Mass, Instrumental, Guitar",0,2026-02-11T17:15:48.197996+00:00
7d2b1ff8-09ea-4f50-81c9-1fdb4189b19e,"Atrangi Kissa",https://dfcvrisaejumfpjmalui.supabase.co/storage/v1/object/public/ringtone-files/atrangi-kissa-fukrey-3-vocal-1771173530983.mp3,https://image.tmdb.org/t/p/w342/1E5qIvLBNrv4onx5SxnNz5Monac.jpg,"Fukrey 3","Gandhharv Sachdeva, Divya Kumar","Tanishk Bagchi, Abhishek Nailwal, Ram Sampath",,"Love, Vocal, Duet",0,2026-02-15T16:38:54.60736+00:00
7d2d16dd-cc1e-494d-81a2-88e9c2c02ac8,"Enkeyoo Partha",https://dfcvrisaejumfpjmalui.supabase.co/storage/v1/object/public/ringtone-files/enkeyoo-partha-enkeyoo-partha-yaaradi-nee-mohini-vocal-1770897980353.mp3,https://image.tmdb.org/t/p/w342/cUxzchnYYoeFJy7s4sD9bRdIGwx.jpg,"Yaaradi Nee Mohini","Udit Narayan","Yuvan Shankar Raja",,"Love, Vocal, Male",0,2026-02-12T12:09:11.553546+00:00
7d3fecf7-5c84-45f9-b9e3-d5196d90de17,"theri love flute bgm",https://dfcvrisaejumfpjmalui.supabase.co/storage/v1/object/public/ringtone-files/theri-i-love-you-solli-irukingala-boss-theri-love-flute-bgm-instrumental-1769343654963.mp3,https://image.tmdb.org/t/p/w342/f6BhexotEqO3GejXa3FopBNGL6M.jpg,"Theri","G.V. Prakash Kumar","G. V. Prakash Kumar",,"Love, Flute, Instrumental, BGM",0,2026-01-25T12:21:11.495749+00:00
7db2c5eb-d3b7-4948-bbbe-6035313ccfe8,"Memories ",https://dfcvrisaejumfpjmalui.supabase.co/storage/v1/object/public/ringtone-files/memories-memories-memories-vocal-1770572230124.mp3,https://is1-ssl.mzstatic.com/image/thumb/Music125/v4/22/58/58/225858c4-ef47-2b91-723a-47af3e99699a/19UMGIM64502.rgb.jpg/600x600bb.jpg,"Memories","Maroon 5","Maroon 5",,"Mass, Vocal, Male",0,2026-02-08T17:37:15.535253+00:00
7db859ae-e358-432d-9395-0364d13436f1,"Vizhi Moodi",https://dfcvrisaejumfpjmalui.supabase.co/storage/v1/object/public/ringtone-files/vizhi-moodi-vizhi-moodi-ayan-vocal-1771237465473.mp3,https://image.tmdb.org/t/p/w342/49UwEe5U1GuRC6W7difviwCgde2.jpg,"Ayan","Karthik & Prashanthini","Harris Jayaraj",,"Love, Vocal, Duet",0,2026-02-16T10:27:22.820066+00:00
7dee7c6b-8437-4318-a6c1-a0b79915b7c1,"Maara Makka",https://dfcvrisaejumfpjmalui.supabase.co/storage/v1/object/public/ringtone-files/maara-makka-maara-makka-vocal-1770956906616.mp3,https://is1-ssl.mzstatic.com/image/thumb/Music221/v4/40/44/af/4044afc8-425b-5633-f81c-7bd2b34bfc04/cover.jpg/600x600bb.jpg,"Maara Makka","Rudh","Rudh",,"Vocal, Male",0,2026-02-13T04:28:31.731526+00:00
7e22e3a0-b09d-4ed5-9e2f-657bcf46a15b,"velavaa vadi velavaa murugan song",https://dfcvrisaejumfpjmalui.supabase.co/storage/v1/object/public/ringtone-files/murugan-velava-vadi-velavva-velavaa-vadi-velavaa-murugan-song-1769355001925.mp3,https://images.unsplash.com/photo-1604608672516-f1b1f1c0b4e1?w=600,"Murugan","","",,"Devotional",3,2026-01-25T15:30:06.132737+00:00
7f5828fa-cbdc-4d22-99ea-101e7426d441,"Kadhal aasai",https://dfcvrisaejumfpjmalui.supabase.co/storage/v1/object/public/ringtone-files/kadhal-aasai-kadhal-aasai-anjaan-humming-1771325819176.mp3,https://image.tmdb.org/t/p/w342/b3PM4bEQ1txDR30D2K79gGwvRIJ.jpg,"Anjaan","Yuvan Shankar Raja & Sooraj Santhosh","Yuvan Shankar Raja",,"Love, Humming",0,2026-02-17T10:57:05.746576+00:00
7f717079-9a09-4c89-bf61-11385038a994,"Mehandhiya",https://dfcvrisaejumfpjmalui.supabase.co/storage/v1/object/public/ringtone-files/mehandhiya-mehandhiya-mehandhiya-vocal-1770964625671.mp3,https://is1-ssl.mzstatic.com/image/thumb/Music221/v4/01/29/94/012994a7-1d29-a640-c83f-1d25fbfdea88/24UMGIM65754.rgb.jpg/600x600bb.jpg,"Mehandhiya","Santhosh Dhayanidhi, Sarthak Kalyani, Chinmayi","Santhosh Dhayanidhi",,"Love, Vocal, Duet",0,2026-02-13T06:37:10.457563+00:00
7f77ddf9-9fe9-4646-872e-dc892330c13c,"Villan",https://dfcvrisaejumfpjmalui.supabase.co/storage/v1/object/public/ringtone-files/villan-aaraattu-1771176982780.mp3,https://image.tmdb.org/t/p/w342/qt5zIVjW1ThRhJkSetOFlnySsoW.jpg,"Aaraattu","","Rahul Raj",,"Mass, Intro",0,2026-02-15T17:36:29.474567+00:00
7f92eb59-8dfa-47ce-84d4-6f085212c9a0,"Doraa Song",https://dfcvrisaejumfpjmalui.supabase.co/storage/v1/object/public/ringtone-files/doraa-song-jessy-vocal-1771334687968.mp3,https://image.tmdb.org/t/p/w342/rPZKrHWRDVMHkJkqjFCSwsTxNZx.jpg,"Jessy","Alvin Bruno","Clarissa Farrán",,"Vocal, Male",0,2026-02-17T13:24:51.37473+00:00
7ff144f1-c73e-4895-80e3-2e943e041562,"Jana Nayagan - Chella Magale - needhaane enakkellame - Vocal",https://dfcvrisaejumfpjmalui.supabase.co/storage/v1/object/public/ringtone-files/jana-nayagan-chella-magale-needhaane-enakkellame-vocal-1769094776591.mp3,https://image.tmdb.org/t/p/w342/jt8pfSIdi47YpFMMWVRr8w5u2S0.jpg,"Jana Nayagan","Anirudh Ravichander, Thalapathy Vijay & Vivek","Anirudh Ravichander",,"Mass, Love, Vocal, Male",0,2026-01-22T15:13:00.397596+00:00
804fa0e8-1251-4879-b017-a3fa9fac5771,"Danger Queen",https://dfcvrisaejumfpjmalui.supabase.co/storage/v1/object/public/ringtone-files/danger-queen-danger-queen-danger-queen-vocal-1770885408710.mp3,https://is1-ssl.mzstatic.com/image/thumb/Music126/v4/9b/8f/4c/9b8f4ce5-5a67-6722-944e-e0480ea2e024/197187935017.jpg/600x600bb.jpg,"Danger Queen","Raja Ravivarman, Ravi Raj, G.V. Prakash, Nithyasree Mahadevan","R2 Brothers",,"Love, Vocal, Duet",0,2026-02-12T08:36:53.255535+00:00
80db945f-b77e-4918-9fa4-a0620064ee98,"Commit ",https://dfcvrisaejumfpjmalui.supabase.co/storage/v1/object/public/ringtone-files/commit-commit-commit-vocal-1770960148939.mp3,https://is1-ssl.mzstatic.com/image/thumb/Music221/v4/8e/84/27/8e84278c-77f4-4e3a-f863-d231731af6ea/cover.jpg/600x600bb.jpg,"Commit ","Asal Kolaar","Asal Kolaar",,"Love, Vocal, Male",0,2026-02-13T05:22:34.982607+00:00
810d76f8-549f-4d35-b1f8-b18045db913c,"Female Vocal - Meri Aashiqui",https://dfcvrisaejumfpjmalui.supabase.co/storage/v1/object/public/ringtone-files/female-vocal-meri-aashiqui-aashiqui-2-1770830244969.mp3,https://image.tmdb.org/t/p/w342/lMblq8xcQIRRIVdaMg1XC283gU0.jpg,"Aashiqui 2","Shreya ghoshal","Jeet Gannguli, Ankit Tiwari, Mithoon Sharma",,"Vocal, Love, Female",0,2026-02-11T17:32:01.29231+00:00
816d254c-0cc9-4691-b7a5-b5a3540625d3,"Marry me",https://dfcvrisaejumfpjmalui.supabase.co/storage/v1/object/public/ringtone-files/marry-me-marry-me-tattoos-vocal-1770830525818.mp3,https://is1-ssl.mzstatic.com/image/thumb/Music124/v4/1e/95/41/1e9541af-0990-0702-a130-9b870062e8d7/093624941835.jpg/600x600bb.jpg,"Tattoos","Jason Derulo","Jason Derulo",,"Love, Vocal, Male",0,2026-02-11T17:22:12.089738+00:00
818d69e9-b9db-4be1-828f-0fc57ba55967,"FAFA Song",https://dfcvrisaejumfpjmalui.supabase.co/storage/v1/object/public/ringtone-files/fafa-song-fafa-song-maareesan-vocal-1771067641755.mp3,https://image.tmdb.org/t/p/w342/c7JGfFgMnNuyF2Q4FSu7Kgip3mK.jpg,"Maareesan","Mathichiyam Bala, Yuvan Shankar Raja & Madhan Karky","Yuvan Shankar Raja",,"Vocal, Male",0,2026-02-14T11:14:06.066867+00:00
81d94a7a-03ec-4367-baf8-bdc94ba65bd3,"Motivating Indie Rock",https://dfcvrisaejumfpjmalui.supabase.co/storage/v1/object/public/ringtone-files/motivating-indie-rock-motivating-indie-rock-motivating-indie-rock-instrumental-1771399087112.mp3,https://is1-ssl.mzstatic.com/image/thumb/Music125/v4/cb/ac/67/cbac673a-9213-7118-bb4e-2440273afb03/8902894357470_cover.jpg/600x600bb.jpg,"Motivating Indie Rock","","",,"Motivational, Instrumental, Trumpet, Drums",0,2026-02-18T07:18:12.979407+00:00
81db5e06-b409-4c5d-95bf-50df19d27830,"Vidu Vidu - Kadhal En Kaviye",https://dfcvrisaejumfpjmalui.supabase.co/storage/v1/object/public/ringtone-files/vidu-vidu-kadhal-en-kaviye-salmon-3d-vocal-1770831130547.mp3,https://image.tmdb.org/t/p/w342/agXQCFOpEJj1VfejJgDGbbsXIAw.jpg,"Salmon 3D","Sid Sreeram ","Sreejith Edavana",,"Love, Vocal, Male",0,2026-02-11T17:46:49.509314+00:00
82091643-105b-4ffb-b93c-7938a2fa2121,"Vaadi Vaadi",https://dfcvrisaejumfpjmalui.supabase.co/storage/v1/object/public/ringtone-files/vaadi-vaadi-vaadi-vaadi-vaadi-vaadi-vocal-1770880641694.mp3,https://is1-ssl.mzstatic.com/image/thumb/Music115/v4/7b/65/09/7b6509bd-5ebb-506d-4215-c063c3baebd4/1941570744040.jpg/600x600bb.jpg,"Vaadi Vaadi","Harris Jayaraj, Ravi G, Nicholas Samuel, Sunitha Sarathy","Harris Jayaraj",,"Love, Vocal, Male",0,2026-02-12T07:17:25.649134+00:00
826f41c3-9df0-4a5c-a623-3f8b44977c18,"Dude is Back Oorum Blood Phonk",https://dfcvrisaejumfpjmalui.supabase.co/storage/v1/object/public/ringtone-files/dude-is-back-oorum-blood-phonk-dude-instrumental-1771051626633.mp3,https://image.tmdb.org/t/p/w342/6DoLxt1LLXcBuNeByHsSGLiAB0L.jpg,"Dude","Sai Abhyankkar","Sai Abhyankkar",,"Mass, Instrumental, Whistle, Drums, Flute",0,2026-02-14T06:47:08.913017+00:00
82a05832-8fca-4b81-96a2-7aaab9b3b979,"Podiyamkulam Village ",https://dfcvrisaejumfpjmalui.supabase.co/storage/v1/object/public/ringtone-files/podiyamkulam-village-karnan-instrumental-1770972096326.mp3,https://image.tmdb.org/t/p/w342/z5SxDcVWa9nokynVqBHb2IKk78J.jpg,"Karnan","Santhosh Narayanan","Santhosh Narayanan",,"Sad, Instrumental, Violin",0,2026-02-13T08:41:41.063836+00:00
82a55deb-4a24-4fed-9c0e-5beea6b3b42d,"Second Chance",https://dfcvrisaejumfpjmalui.supabase.co/storage/v1/object/public/ringtone-files/second-chance-second-chance-second-chance-vocal-1770974503748.mp3,https://is1-ssl.mzstatic.com/image/thumb/Features124/v4/2e/8e/08/2e8e0859-c522-a825-93fa-2db9c7524f38/dj.lcoxyovc.jpg/600x600bb.jpg,"Second Chance","Sri B, G. V. Prakash Kumar, Naresh Iyer, Rakshita Suresh","Sri B",,"Vocal, Male, Love",0,2026-02-13T09:21:47.736674+00:00
82d2af95-a4ec-4294-b3f6-00e58687b8b1,"Suzume - Suzume - English Version From ""Suzume No Tojimari""",https://dfcvrisaejumfpjmalui.supabase.co/storage/v1/object/public/ringtone-files/suzume-suzume-english-version-from-suzume-no-tojimari-suzume-vocal-1770867115898.mp3,https://is1-ssl.mzstatic.com/image/thumb/Music211/v4/12/ac/3b/12ac3bbc-cbff-9f5b-5f2b-f2be803fe032/198001941337.png/600x600bb.jpg,"Suzume","Torby Brand & Mewsic","Torby Brand & Mewsic",,"Funny, Vocal, Duet",0,2026-02-12T03:32:08.593787+00:00
831b1312-bef5-4baf-948d-133b72e70583,"Danger Mamae",https://dfcvrisaejumfpjmalui.supabase.co/storage/v1/object/public/ringtone-files/danger-mamae-danger-mamae-revolver-rita-vocal-1771064861779.mp3,https://image.tmdb.org/t/p/w342/7chr4m0OLkGX2curIk57ax27kk3.jpg,"Revolver Rita","Sean Roldan ","Sean Roldan",,"Vocal, Male",0,2026-02-14T10:27:45.698138+00:00
8348c31a-48bd-4b8f-824a-fa51d7ecbcd1,"Melancholic Indie Rock Atmosphere",https://dfcvrisaejumfpjmalui.supabase.co/storage/v1/object/public/ringtone-files/melancholic-indie-rock-atmosphere-melancholic-indie-rock-atmosphere-universfield-instrumental-1771399146075.mp3,https://is1-ssl.mzstatic.com/image/thumb/Music221/v4/f8/57/c6/f857c683-ad8d-ff09-856f-14fd1a252926/artwork.jpg/600x600bb.jpg," Universfield","","",,"Motivational, Instrumental, Guitar, Drums",0,2026-02-18T07:19:12.477762+00:00
83780e6a-819e-437a-962a-d17a110b8d08,"Meesaya murukku",https://dfcvrisaejumfpjmalui.supabase.co/storage/v1/object/public/ringtone-files/meesaya-murukku-meesaya-murukku-meesaya-murukku-bgm-instrumental-1770920021282.mp3,https://image.tmdb.org/t/p/w342/51YxNae9DC5BG39IgCjsKkTIOdV.jpg,"Meesaya Murukku","Hiphop Tamizha & Kharesma Ravichandran","HipHop Tamizha Jeeva, HipHop Tamizha Adhi",,"BGM, Instrumental, Guitar",0,2026-02-12T18:13:49.479357+00:00
83cc2420-cd61-4a2c-bad2-0d27b1e7d9a2,"Veyyon - Veyyon Silli",https://dfcvrisaejumfpjmalui.supabase.co/storage/v1/object/public/ringtone-files/veyyon-veyyon-silli-soorarai-pottru-vocal-1771179372161.mp3,https://image.tmdb.org/t/p/w342/5uimlxPCgAei8JfQUDFEUQLoyyh.jpg,"Soorarai Pottru","G.V. Prakash Kumar & Harish Sivaramakrishnan","G. V. Prakash Kumar",,"Love, Vocal, Male",0,2026-02-15T18:16:16.296542+00:00
83e24e22-4420-4f70-8068-ab7d044225eb,"Bas Mein Nahi",https://dfcvrisaejumfpjmalui.supabase.co/storage/v1/object/public/ringtone-files/bas-mein-nahi-bas-mein-nahi-love-hostel-vocal-1771182413171.mp3,https://image.tmdb.org/t/p/w342/gjp2tU35OCLErpIG5pKqgBc9Ch7.jpg,"Love Hostel","Clinton Cerejo","Clinton Cerejo, Bianca Gomes, Jeet Gannguli",,"Vocal, Male",0,2026-02-15T19:06:58.895658+00:00
83f97119-9c9f-4f4e-bbe8-df1338230b5b,"Adada",https://dfcvrisaejumfpjmalui.supabase.co/storage/v1/object/public/ringtone-files/adada-adada-vocal-1770957015220.mp3,https://is1-ssl.mzstatic.com/image/thumb/Music124/v4/18/7c/39/187c394c-95af-735f-82cf-16eca48a7290/886443235984.jpg/600x600bb.jpg,"Adada","Pragathi Guruprasad","Pragathi Guruprasad",,"Love, Vocal, Female",0,2026-02-13T04:30:20.298278+00:00
84e4c29c-3cc6-4031-ab3f-97407b392680,"Heart Breaker",https://dfcvrisaejumfpjmalui.supabase.co/storage/v1/object/public/ringtone-files/heart-breaker-heart-breaker-heart-breaker-vocal-1770958480416.mp3,https://is1-ssl.mzstatic.com/image/thumb/Music128/v4/d1/5c/cd/d15ccdfb-b725-83ee-a588-7e671221b38d/00602527447674.rgb.jpg/600x600bb.jpg,"Heart Breaker","Manoj Chinnaswamy","Manoj Chinnaswamy",,"Vocal, Male",0,2026-02-13T04:54:43.915119+00:00
84faa322-2391-4975-82b0-9de2d31a606f,"Thenmadurai vaigai - Thenmadurai Vaigai Nadhi Sad",https://dfcvrisaejumfpjmalui.supabase.co/storage/v1/object/public/ringtone-files/thenmadurai-vaigai-thenmadurai-vaigai-nadhi-sad-dharmathin-thalaivan-vocal-1770976634893.mp3,https://image.tmdb.org/t/p/w342/7OncugHQl4RNj89dqKHMrvnX0uv.jpg,"Dharmathin Thalaivan","Ilaiyaraaja, Malaysia Vasudevan & P. Susheela","Ilaiyaraaja",,"Mass, Vocal, Male",0,2026-02-13T09:57:18.556145+00:00
8531b6bb-34b0-4adf-bcf6-22b971769414,"unakkaaaga",https://dfcvrisaejumfpjmalui.supabase.co/storage/v1/object/public/ringtone-files/bigil-unakaga-bigil-unakkaaaga-1769340952003.mp3,https://image.tmdb.org/t/p/w342/s4Yi1RbMyyN3hH2hElwvluP2rOG.jpg,"Bigil","Keerthana Sriram","A.R. Rahman",,"Love",0,2026-01-25T11:36:08.504115+00:00
8564a087-dd0e-4d29-a7da-f9149aff252d,"Anbil  Avan - Anbil Avan",https://dfcvrisaejumfpjmalui.supabase.co/storage/v1/object/public/ringtone-files/anbil-avan-anbil-avan-vinnaithaandi-varuvaayaa-vocal-1770900049070.mp3,https://image.tmdb.org/t/p/w342/icWUNL2GxDgWmI5PQN2RYA2CEbv.jpg,"Vinnaithaandi Varuvaayaa","A.R. Rahman, Chinmayi Sripada & Devan Ekambaram","A.R. Rahman",,"Love, Vocal, Male",0,2026-02-12T12:43:42.605608+00:00
862e5c5e-8fa3-4d41-a568-0a1803a6bfa4,"Nira",https://dfcvrisaejumfpjmalui.supabase.co/storage/v1/object/public/ringtone-files/nira-nira-takkar-vocal-1771008398375.mp3,https://image.tmdb.org/t/p/w342/jEnH2OP8ram32kTaeShZGgkd6zP.jpg,"Takkar","Sid Sriram, Gautham Vasudev Menon & Malvi Sundaresan","Nivas Prasanna",,"Love, Vocal, Male",0,2026-02-13T18:46:45.262111+00:00
863bfa19-8e54-40fe-9e03-966d48fb6d0b,"Loosu penne - Loosu Pennae",https://dfcvrisaejumfpjmalui.supabase.co/storage/v1/object/public/ringtone-files/loosu-penne-loosu-pennae-vallavan-vocal-1771006995240.mp3,https://image.tmdb.org/t/p/w342/6B8pIy9jtiDqweVonX7jdb8hjI3.jpg,"Vallavan","Yuvan Shankar Raja, STR & Blaze","Yuvan Shankar Raja",,"Sad, Vocal, Male",3,2026-02-13T18:23:20.240082+00:00
871c51c3-bdc7-4c74-a650-94d6ab683134,"Temple priest ",https://dfcvrisaejumfpjmalui.supabase.co/storage/v1/object/public/ringtone-files/temple-priest-aaraattu-1771176565809.mp3,https://image.tmdb.org/t/p/w342/qt5zIVjW1ThRhJkSetOFlnySsoW.jpg,"Aaraattu","","Rahul Raj",,"Mass, Intro",0,2026-02-15T17:29:31.591759+00:00
87221e17-8215-4909-ac6c-b66b6c21a5a5,"Udd Chala",https://dfcvrisaejumfpjmalui.supabase.co/storage/v1/object/public/ringtone-files/udd-chala-udd-chala-toolsidas-junior-vocal-1771182205318.mp3,https://image.tmdb.org/t/p/w342/3PaISIVAwskxVRF47rFpKezk4FP.jpg,"Toolsidas Junior","Sachet Tandon, Ujjwal Kashyap & Daniel B. George","Daniel B George",,"Vocal, Male",0,2026-02-15T19:03:29.865236+00:00
87224947-dc0a-4cbe-93d9-4360f7d42cab,"Oru naal sirithen marunan - Mannipaaya",https://dfcvrisaejumfpjmalui.supabase.co/storage/v1/object/public/ringtone-files/oru-naal-sirithen-marunan-mannipaaya-vinnaithaandi-varuvaayaa-vocal-1770845577844.mp3,https://image.tmdb.org/t/p/w342/icWUNL2GxDgWmI5PQN2RYA2CEbv.jpg,"Vinnaithaandi Varuvaayaa","A.R. Rahman & Shreya Ghoshal","A.R. Rahman",,"Love, Vocal, Female",0,2026-02-11T21:33:00.245589+00:00
878b2134-65ed-4966-ad74-123fb41dbf43,"Mera Dil Tod Ke",https://dfcvrisaejumfpjmalui.supabase.co/storage/v1/object/public/ringtone-files/mera-dil-tod-ke-mera-dil-tod-ke-mera-dil-tod-ke-vocal-1771058561131.mp3,https://is1-ssl.mzstatic.com/image/thumb/Music126/v4/f2/5d/37/f25d37c0-491c-d177-777e-4b6d109c9418/197338149652.jpg/600x600bb.jpg,"Mera Dil Tod Ke","Shahid Ali Khan","",,"Vocal, Male",0,2026-02-14T08:42:47.050987+00:00
87c403fa-bd5d-41a5-a284-f629495f5383,"Enna sonnen - Kadhalil Vizhunthen - Fom Vol 3",https://dfcvrisaejumfpjmalui.supabase.co/storage/v1/object/public/ringtone-files/enna-sonnen-kadhalil-vizhunthen-fom-vol-3-kadhalil-vizhunthen-vocal-1770878135534.mp3,https://image.tmdb.org/t/p/w342/t0YVVam2bmaTbez1pGOmIKWopXH.jpg,"Kadhalil Vizhunthen","Praveen Dharmalingam & Prajith Kumar","Vijay Antony",,"Sad, Vocal, Male",0,2026-02-12T06:35:39.091675+00:00
884c055a-4bf2-4a3d-bec4-5e4aa3d00d40,"Sugar ",https://dfcvrisaejumfpjmalui.supabase.co/storage/v1/object/public/ringtone-files/sugar-sugar-v-deluxe-instrumental-1770486318033.mp3,https://is1-ssl.mzstatic.com/image/thumb/Music122/v4/b7/25/76/b72576f1-072e-3da2-60d5-2724a9bccf4a/14UMGIM31673.rgb.jpg/600x600bb.jpg,"V (Deluxe)","Maroon 5","Maroon 5",,"Mass, Instrumental, Guitar",0,2026-02-07T17:45:26.915085+00:00
889fa151-e0e2-4132-a2b3-76ee074de748,"Intro - Yennodu Vaa Vaa",https://dfcvrisaejumfpjmalui.supabase.co/storage/v1/object/public/ringtone-files/intro-yennodu-vaa-vaa-neethaane-en-ponvasantham-vocal-1770846517438.mp3,https://image.tmdb.org/t/p/w342/w8iOOYjUioL4zSFmnQl9BuYGePC.jpg,"Neethaane En Ponvasantham","Karthik & Ilaiyaraaja","Ilaiyaraaja",,"Love, Vocal, Male",0,2026-02-11T21:48:41.043851+00:00
88b4db68-ba2b-4374-afd0-e8b0f4053595,"F1 bgm",https://dfcvrisaejumfpjmalui.supabase.co/storage/v1/object/public/ringtone-files/f1-bgm-bgm-f1-instrumental-1770485825634.mp3,https://images.unsplash.com/photo-1574267432644-f610a5e0d4c5?w=600,"F1","Hans zimmer","",,"Instrumental, Violin",0,2026-02-07T17:37:13.358931+00:00
88cfc564-0a3d-41c7-993d-750084a91be6,"Piano - Munbe Vaa",https://dfcvrisaejumfpjmalui.supabase.co/storage/v1/object/public/ringtone-files/piano-munbe-vaa-sillunu-oru-kaadhal-instrumental-1769448383385.mp3,https://image.tmdb.org/t/p/w342/vMReGYKwnxSqmItDRKYiOiqmyku.jpg,"Sillunu Oru Kaadhal","Rejo Abraham Mathew","A.R. Rahman",,"Love, Instrumental, Piano",4,2026-01-26T17:26:33.275006+00:00
891873b6-ae9e-4811-86e2-b71d7d0e76d3,"Jana Nayagan BGM - Mass",https://dfcvrisaejumfpjmalui.supabase.co/storage/v1/object/public/ringtone-files/jana-nayagan-jana-nayagan-bgm-mass-1765502018220.mp3,https://image.tmdb.org/t/p/w500/iSPG1IB7KyP8i3gvXzkhP9cFxQi.jpg,"Jana Nayagan","Sahul Beats","Anirudh Ravichander",,"Mass, BGM, Instrumental",5,2025-12-12T01:13:47.491071+00:00
892a57ac-7e93-48d5-be35-b3138a59c058,"Theekkoluthi",https://res.cloudinary.com/drvs4msnn/video/upload/v1764790152/mkrkd2adj7pjaezyoweh.mp3,https://image.tmdb.org/t/p/w500/5IPFJ2XFbYjdIw4912ZufCMolX.jpg,"Bison Kaalamaadan","Nivas K Prasanna & Mari Selvaraj","",,"Love, Sad, Flute, Male",2,2025-12-03T19:29:13.040226+00:00
89cf0131-95d9-4e61-9e28-b5e41fd948c4,"Baasha - Mass bgm",https://dfcvrisaejumfpjmalui.supabase.co/storage/v1/object/public/ringtone-files/baasha-baasha-mass-bgm-1765496244024.mp3,https://image.tmdb.org/t/p/w500/xPSw9PLzYFKTVphw9ErZcBPKUsd.jpg,"Baasha","sachu madrasi & Atiium","Deva",,"Mass, BGM, Instrumental",3,2025-12-11T23:37:27.8421+00:00
8a91e35b-5c7a-4211-8514-ed00a3b28c36,"Ammadi",https://dfcvrisaejumfpjmalui.supabase.co/storage/v1/object/public/ringtone-files/ammadi-ammadi-ammadi-instrumental-1770885139473.mp3,https://is1-ssl.mzstatic.com/image/thumb/Music113/v4/ab/d9/36/abd93634-62f7-2caa-dd3d-f9f7812ccb2a/886444021173.jpg/600x600bb.jpg,"Ammadi","Pravin Mani","Pravin Mani",,"Love, Male, Instrumental, Drums",0,2026-02-12T08:32:24.451759+00:00
8b1f56bb-f4e5-407e-9a01-b0fce72f5a54,"remix",https://dfcvrisaejumfpjmalui.supabase.co/storage/v1/object/public/ringtone-files/the-good-the-bad-and-the-ugly-the-good-the-bad-and-the-ugly-trumpet-mix-remix-1769341393995.mp3,https://image.tmdb.org/t/p/w342/bX2xnavhMYjWDoZp1VM6VnU1xwe.jpg,"The Good, the Bad and the Ugly","The Original Movies Orchestra","Ennio Morricone",,"Remix",0,2026-01-25T11:43:30.505882+00:00
8bb5739a-5740-4810-aa9c-c23a6676b378,"Alapana",https://dfcvrisaejumfpjmalui.supabase.co/storage/v1/object/public/ringtone-files/alapana-kannappa-vocal-1771068331914.mp3,https://image.tmdb.org/t/p/w342/6LhE7IwhXgaNi33l0ltYahIB91i.jpg,"Kannappa","Aruna Mary George, Stephen Devassy","Stephen Devassy",,"Vocal, Female",0,2026-02-14T11:25:35.961042+00:00
8bfe6a15-877f-4c02-bdb1-a40885b8ab11,"Zara Thehro",https://dfcvrisaejumfpjmalui.supabase.co/storage/v1/object/public/ringtone-files/zara-thehro-zara-thehro-zara-thehro-vocal-1771014567155.mp3,https://is1-ssl.mzstatic.com/image/thumb/Music114/v4/e3/9c/88/e39c88dc-6795-323b-d303-228663097f68/8903431777874_cover.jpg/600x600bb.jpg,"Zara Thehro","Amaal Mallik, Armaan Malik, Tulsi Kumar","Amaal Mallik, Armaan Malik",,"Vocal, Male",0,2026-02-13T20:29:32.376071+00:00
8ddecb17-6316-473b-988d-d641ebde9473,"Akh Kashni",https://dfcvrisaejumfpjmalui.supabase.co/storage/v1/object/public/ringtone-files/akh-kashni-attack-vocal-1771181284026.mp3,https://image.tmdb.org/t/p/w342/A9FjibQFfkPVrfQcM3dlY6fkYpJ.jpg,"Attack","Surbhi Yadav, Nakul Chugh, Shashwat Sachdev","Shashwat Sachdev",,"Vocal, Female",0,2026-02-15T18:48:07.472122+00:00
8e0be704-ed44-48f0-bde0-7402f2bb8ab9,"Agree To Disagree",https://dfcvrisaejumfpjmalui.supabase.co/storage/v1/object/public/ringtone-files/agree-to-disagree-kadhalikka-neramillai-instrumental-1771068744087.mp3,https://image.tmdb.org/t/p/w342/nSgPlMtvKJGyiUivXDRGANUyP5v.jpg,"Kadhalikka Neramillai","A.R.Rahman","A.R. Rahman",,"Instrumental, Keyboard, Guitar",0,2026-02-14T11:32:27.795704+00:00
8eb4b89c-c1b7-43ae-bb9c-e927bd088026,"Celebration Horn",https://dfcvrisaejumfpjmalui.supabase.co/storage/v1/object/public/ringtone-files/celebration-horn-bomb-instrumental-1771066661552.mp3,https://images.unsplash.com/photo-1574267432644-f610a5e0d4c5?w=600,"Bomb","D.Imman","D.Imman",,"Instrumental, Drums",0,2026-02-14T10:57:45.194688+00:00
8f2af3ea-70bf-4bef-899c-549924c227ba,"Chaawat",https://dfcvrisaejumfpjmalui.supabase.co/storage/v1/object/public/ringtone-files/chaawat-chaawat-sarfira-vocal-1771171590704.mp3,https://image.tmdb.org/t/p/w342/5crEOhhGl2ORIQRZPbmZpUBK4rt.jpg,"Sarfira","Manoj Muntashir, G.V. Prakash Kumar, Shreya Ghoshal","G. V. Prakash Kumar, Tanishk Bagchi, Suhit Abhyankar",,"Vocal, Duet",0,2026-02-15T16:06:36.363563+00:00
8f464f2e-d426-462f-8df3-b6fa1eff7268,"Golugappa",https://dfcvrisaejumfpjmalui.supabase.co/storage/v1/object/public/ringtone-files/golugappa-golugappa-sotta-sotta-nanaiyuthu-vocal-1771067568063.mp3,https://image.tmdb.org/t/p/w342/8X43VSgQ1X7ZQUg5EwSVTL60tI.jpg,"Sotta Sotta Nanaiyuthu","Renjith Unni, Javed Ali & Sivaangi Krishnakumar","Ranjith Unni",,"Vocal, Male, Funny",0,2026-02-14T11:12:52.894804+00:00
8f597bcd-23aa-4202-bbbc-a48fcda93add,"Blind Gowtham bgm",https://dfcvrisaejumfpjmalui.supabase.co/storage/v1/object/public/ringtone-files/blind-gowtham-bgm-psycho-interlude-1770985781484.mp3,https://image.tmdb.org/t/p/w342/nMB4uB6n91G3j34i4hyobovU6Ti.jpg,"Psycho","Ilayaraja ","I",,"BGM, Interlude",0,2026-02-13T12:29:46.013542+00:00
8f6f3dc3-c3e6-45cf-be8c-f0ec6ec01e17,"Athiradi",https://dfcvrisaejumfpjmalui.supabase.co/storage/v1/object/public/ringtone-files/athiradi-sivaji-the-boss-1771175738233.mp3,https://image.tmdb.org/t/p/w342/yBvsYnhrrTs1ZgHQNQTSdVA6uo8.jpg,"Sivaji: The Boss","","A.R. Rahman",,"Mass, Intro",0,2026-02-15T17:15:42.726889+00:00
8fb8b4c9-9c5d-4503-aa29-62d2bbf36a70,"Rebel Saab",https://dfcvrisaejumfpjmalui.supabase.co/storage/v1/object/public/ringtone-files/rebel-saab-rebel-saab-the-rajasaab-vocal-1771048430669.mp3,https://image.tmdb.org/t/p/w342/nvK6gYa4diCnQkDVN42uoYXPrdT.jpg,"The Rajasaab","Thaman S., Sanjith Hegde, Blaaze & Ramajogayya Sastry","S. Thaman",,"Vocal, Male, Mass",0,2026-02-14T05:53:55.194532+00:00
904b6a78-e128-453b-9131-933812a37b1e," Glimpse of Garudan",https://dfcvrisaejumfpjmalui.supabase.co/storage/v1/object/public/ringtone-files/glimpse-of-garudan-glimpse-of-garudan-garudan-instrumental-1771050521175.mp3,https://image.tmdb.org/t/p/w342/xLBfXgJAKYqUQmq8HkD9CUFiaMm.jpg,"Garudan","Yuvan Shankar Raja","Yuvan Shankar Raja",,"Instrumental, Drums",0,2026-02-14T06:28:44.805707+00:00
90869a6a-7123-4309-851a-5a405ca5fe3d,"Vocal  - Pookal pookum tharunam",https://dfcvrisaejumfpjmalui.supabase.co/storage/v1/object/public/ringtone-files/madrasapattinam-vocal-pookal-pookum-tharunam-1765572182217.mp3,https://image.tmdb.org/t/p/w500/vmF5Yb9ViIncinpj2wGCS8w6iti.jpg,"Madrasapattinam","","G. V. Prakash Kumar",,"Love, Male, Vocal",19,2025-12-12T20:43:04.773086+00:00
90a6db34-fd71-4919-9bf4-74bcc7b04264,"Yezhundhen Nimirndhen Nadandhen",https://dfcvrisaejumfpjmalui.supabase.co/storage/v1/object/public/ringtone-files/yezhundhen-nimirndhen-nadandhen-yezhundhen-nimirndhen-nadandhen-yezhundhen-nimirndhen-nadandhen-vocal-1770975400606.mp3,https://is1-ssl.mzstatic.com/image/thumb/Music211/v4/ab/19/ba/ab19bad6-e84a-7b68-981b-ac2fc45fb47f/887209451853_cover.jpg/600x600bb.jpg,"Yezhundhen Nimirndhen Nadandhen","Maalavika Sundar","Maalavika Sundar",,"Funny, Vocal, Female",0,2026-02-13T09:36:45.06538+00:00
90e174d0-f7f8-4c91-9cb5-87457e2069a7,"Mayam Seidhayo",https://dfcvrisaejumfpjmalui.supabase.co/storage/v1/object/public/ringtone-files/mayam-seidhayo-mayam-seidhayo-velayudham-vocal-1770825675168.mp3,https://image.tmdb.org/t/p/w342/3AMmKdLbeGr8KxbsOwERzRM3xdy.jpg,"Velayudham","Sangeetha Rajeshwaran & Vijay Antony","Vijay Antony",,"Love, Vocal, Female",0,2026-02-11T16:15:53.084777+00:00
90f51dc6-5dbe-4ad3-b1a8-ae0c42fe9ead,"Runaway ",https://dfcvrisaejumfpjmalui.supabase.co/storage/v1/object/public/ringtone-files/runaway-runaway-all-my-demons-greeting-me-as-a-friend-deluxe-vocal-1770866641399.mp3,https://is1-ssl.mzstatic.com/image/thumb/Music112/v4/4e/a1/4f/4ea14f4f-66d5-f270-d395-f071434f831c/15UMGIM25682.rgb.jpg/600x600bb.jpg,"All My Demons Greeting Me As a Friend Deluxe","AURORA","AURORA",,"Mass, Vocal, Duet",0,2026-02-12T03:24:13.284638+00:00
90f5a45b-82be-4927-bd78-27070b215b87,"Madras to chennai - From Madras to Chennai Background Score",https://dfcvrisaejumfpjmalui.supabase.co/storage/v1/object/public/ringtone-files/madras-to-chennai-from-madras-to-chennai-background-score-comali-instrumental-1771090397964.mp3,https://image.tmdb.org/t/p/w342/a6ruupinOM7HwjcR3Uafx9YfwM8.jpg,"Comali","Hiphop Tamizha","HipHop Tamizha Adhi, HipHop Tamizha Jeeva",,"Mass, Male, Instrumental, Violin, Guitar",0,2026-02-14T17:33:22.844056+00:00
9162bd33-61ed-4271-b5fa-886f11c906c8,"Agalaadhey - Agalaadhey Agalaadhey",https://dfcvrisaejumfpjmalui.supabase.co/storage/v1/object/public/ringtone-files/agalaadhey-agalaadhey-agalaadhey-settai-vocal-1770901586259.mp3,https://image.tmdb.org/t/p/w342/fapd9rqjYtwGnYfwU7F9J28YYu3.jpg,"Settai","Vijay Prakash, Megha & Thaman S.","S. Thaman",,"Love, Vocal, Male",0,2026-02-12T13:09:19.660384+00:00
91bf75d2-2f05-4e17-86ce-784a3ab04321,"Jai Bajrangbali",https://dfcvrisaejumfpjmalui.supabase.co/storage/v1/object/public/ringtone-files/jai-bajrangbali-jai-bajrangbali-singham-again-vocal-1771159418045.mp3,https://image.tmdb.org/t/p/w342/2JbNkHg8m7LaBy61LyrnnlenaxY.jpg,"Singham Again","Srikrishna, Kareemullah, Arun Kaundinya, Chaitu Satsangi, Sri Sai Charan, Sudhanshu, Ritesh G Rao, Saatvik, Prudhvi Chandra, Lakshmi Naidu, Adviteeya, Sruthi Ranjani, Pranati, Aishwarya Daruri, Sahithi Chaganti, Maneesha Pandranki, Shruthika, Lakshmi Meghana, Nadapriya, vagdevi, Thaman S. & Swanand Kirkire","S. Thaman, Ravi Basrur",,"Devotional, Vocal, Male",0,2026-02-15T12:43:41.65258+00:00
92614c97-f804-4e47-ac4a-adec072e8639,"Pirates of the Caribbean ",https://dfcvrisaejumfpjmalui.supabase.co/storage/v1/object/public/ringtone-files/pirates-of-the-caribbean-pirates-of-the-caribbean-let-there-be-cello-bgm-instrumental-1770866315900.mp3,https://is1-ssl.mzstatic.com/image/thumb/Music125/v4/d6/0f/15/d60f159b-bcf0-d803-dea0-8823072ef8df/886447125588.jpg/600x600bb.jpg,"Let There Be Cello","2CELLOS","2CELLOS",,"BGM, Instrumental, Guitar",0,2026-02-12T03:18:42.91361+00:00
9269e367-2cd8-40ea-bd91-45897c102206,"Kadhal Kasakuthaiyya Remix",https://dfcvrisaejumfpjmalui.supabase.co/storage/v1/object/public/ringtone-files/kadhal-kasakuthaiyya-remix-kadhal-kasakuthaiyya-remix-kadhal-kasakuthaiyya-remix-1770961749098.mp3,https://is1-ssl.mzstatic.com/image/thumb/Music211/v4/13/2e/97/132e97f1-8a35-2022-b83b-b2a47cd7052f/196872959505.jpg/600x600bb.jpg,"Kadhal Kasakuthaiyya Remix","Ilaiyaraaja, Santhosh Dhayanidhi, A-Gan, Ranj","Santhosh Dhayanidhi",,"Remix, Funny",0,2026-02-13T05:49:12.977451+00:00
926f7d5d-c6a0-491e-baea-c34f80b81816,"Female Vocal - Naan aval illai",https://dfcvrisaejumfpjmalui.supabase.co/storage/v1/object/public/ringtone-files/female-vocal-naan-aval-illai-massu-engira-maasilamani-1770657229680.mp3,https://image.tmdb.org/t/p/w342/qXJTn2ZMhrbs4TawcZfoI2Ifwws.jpg,"Massu Engira Maasilamani","","Yuvan Shankar Raja",,"Vocal, Love, Female",0,2026-02-09T17:13:57.958357+00:00
9280c2bb-d79d-4395-9795-60d07528be66,"Bad liar",https://dfcvrisaejumfpjmalui.supabase.co/storage/v1/object/public/ringtone-files/bad-liar-bad-liar-origins-vocal-1770829921087.mp3,https://is1-ssl.mzstatic.com/image/thumb/Music112/v4/ae/99/b0/ae99b033-76aa-580c-f6b0-2d374e89763d/18UMGIM65849.rgb.jpg/600x600bb.jpg,"Origins","Imagine Dragons","Imagine Dragons",,"Mass, Vocal, Male",0,2026-02-11T17:12:12.364455+00:00
92f1227c-f9f6-47b8-a6b9-b3dd36d8aa4a,"Suthi Suthi Vandhiga - Love bgm",https://dfcvrisaejumfpjmalui.supabase.co/storage/v1/object/public/ringtone-files/padayappa-suthi-suthi-vandhiga-love-bgm-1765496277071.mp3,https://image.tmdb.org/t/p/w500/8PSYF0AtpLbSlTDneCUo7zP4qL1.jpg,"Padayappa","Harini & S.P. Balasubrahmanyam","A.R. Rahman",,"Mass, Love, BGM, Instrumental",14,2025-12-11T23:38:01.015683+00:00
9307a538-4529-43a6-9210-c818ad9cb7ea,"Thegidi theme ",https://dfcvrisaejumfpjmalui.supabase.co/storage/v1/object/public/ringtone-files/thegidi-theme-thegidi-bgm-1771249298096.mp3,https://image.tmdb.org/t/p/w342/4qgRM6XOk0cNVdeeNAHLbjhKdJ3.jpg,"Thegidi","","Nivas Prasanna",,"BGM, Intro",0,2026-02-16T13:41:43.689606+00:00
935f4f73-9ea9-42ba-a335-ade39b7aedda,"Karthick Theme Fast - Mouna Raagam",https://dfcvrisaejumfpjmalui.supabase.co/storage/v1/object/public/ringtone-files/karthick-theme-fast-mouna-raagam-mouna-raagam-instrumental-1770843404096.mp3,https://image.tmdb.org/t/p/w342/oXy8bx56Fx53sxozHubeLLDItF7.jpg,"Mouna Raagam","Jolly Mukherjee, T K Kala & Anil Kiran.","Ilaiyaraaja",,"Love, Instrumental, Keyboard",2,2026-02-11T20:56:46.697528+00:00
93cdc88e-281d-425e-bbcd-ba4756a7fa94,"Certified Self Made",https://dfcvrisaejumfpjmalui.supabase.co/storage/v1/object/public/ringtone-files/certified-self-made-certified-self-made-certified-self-made-vocal-1770882215729.mp3,https://is1-ssl.mzstatic.com/image/thumb/Music221/v4/c1/b0/3d/c1b03ddd-6415-d57c-5816-4d9cd97aa862/198704304859_Cover.jpg/600x600bb.jpg,"Certified Self Made","Hiphop Tamizha","HipHop Tamizha Adhi",,"Motivational, Vocal, Male",0,2026-02-12T07:43:39.657796+00:00
93e4b381-4b14-40b1-a4c2-9065b5085139,"No batida - NO BATIDÃO (Electronic Remix)",https://dfcvrisaejumfpjmalui.supabase.co/storage/v1/object/public/ringtone-files/no-batida-no-batid-o-electronic-remix-no-batid-o-electronic-remix-instrumental-1770486160242.mp3,https://is1-ssl.mzstatic.com/image/thumb/Music211/v4/7c/92/b4/7c92b4e2-0c58-722a-e707-9e9209044384/artwork.jpg/600x600bb.jpg,"NO BATIDÃO (Electronic Remix)","CyberBedir","CyberBedir",,"Mass, Instrumental, Guitar",0,2026-02-07T17:42:57.286342+00:00
93f6b095-60f9-4214-9822-cb8fecdf3917,"Konji Urakura",https://dfcvrisaejumfpjmalui.supabase.co/storage/v1/object/public/ringtone-files/konji-urakura-konji-urakura-konji-urakura-vocal-1770958591114.mp3,https://is1-ssl.mzstatic.com/image/thumb/Music221/v4/4e/fa/96/4efa96ba-6dd4-2b5a-9718-dbe4f8781703/cover.jpg/600x600bb.jpg,"Konji Urakura","TeeJay, Sublahshini","TeeJay, Sublahshini",,"Love, Vocal, Duet",0,2026-02-13T04:56:35.079133+00:00
94431b27-a3b9-4e81-9277-6025c7fc6855,"Bas Tujhse Pyaar Ho",https://dfcvrisaejumfpjmalui.supabase.co/storage/v1/object/public/ringtone-files/bas-tujhse-pyaar-ho-bas-tujhse-pyaar-ho-bas-tujhse-pyaar-ho-vocal-1771015701423.mp3,https://is1-ssl.mzstatic.com/image/thumb/Music122/v4/ab/28/61/ab28613f-98f9-0622-c20c-3549d59e0bbd/8903431908599_cover.jpg/600x600bb.jpg,"Bas Tujhse Pyaar Ho","Armaan Malik, Rochak Kohli","Rochak Kohli",,"Vocal, Male, Love",0,2026-02-13T20:48:25.751638+00:00
94615ef2-6e0c-44e0-83ab-9637a5548c52,"A Smile",https://dfcvrisaejumfpjmalui.supabase.co/storage/v1/object/public/ringtone-files/a-smile-retro-instrumental-1771067719236.mp3,https://is1-ssl.mzstatic.com/image/thumb/Music221/v4/34/92/4c/34924c06-ec84-8919-2b9e-5408bb2d8cc5/0044003178335_Cover.jpg/600x600bb.jpg,"Retro","Santhosh Narayanan","Santhosh Narayanan",,"Sad, Instrumental, Piano",0,2026-02-14T11:15:23.582735+00:00
94629aaf-2a31-44b6-a402-05c8868c64bc,"Donu Donu - Don'u Don'u Don'u The Don's Romance",https://dfcvrisaejumfpjmalui.supabase.co/storage/v1/object/public/ringtone-files/donu-donu-don-u-don-u-don-u-the-don-s-romance-maari-vocal-1770898084841.mp3,https://image.tmdb.org/t/p/w342/hlZIYvuEl6mIEbtJYM4NM7RXSjw.jpg,"Maari","Anirudh Ravichander & Alisha Thomas","Anirudh Ravichander",,"Love, Vocal, Male",0,2026-02-12T12:10:57.796824+00:00
947877e6-8b43-4a6a-a4ce-9441d0630128,"Kikku Aerudae - Padayappaa whistle bgm",https://dfcvrisaejumfpjmalui.supabase.co/storage/v1/object/public/ringtone-files/padayappa-kikku-aerudae-padayappaa-whistle-bgm-1765496204216.mp3,https://image.tmdb.org/t/p/w500/8PSYF0AtpLbSlTDneCUo7zP4qL1.jpg,"Padayappa","Mano & Febi","A.R. Rahman",,"Mass, Humming, BGM, Instrumental",15,2025-12-11T23:36:48.206658+00:00
94dfd0c0-77ca-48a7-b9e5-c088d217bc9a,"Kadhalikkiren",https://dfcvrisaejumfpjmalui.supabase.co/storage/v1/object/public/ringtone-files/kadhalikkiren-kadhalikkiren-kadhalikkiren-vocal-1770957931789.mp3,https://is1-ssl.mzstatic.com/image/thumb/Music124/v4/c1/91/d5/c191d5a2-f070-248c-72c2-ac11f7d5bf29/cover.jpg/600x600bb.jpg,"Kadhalikkiren","Dhinesh Nagarajan","Dhinesh Nagarajan",,"Love, Vocal, Male",0,2026-02-13T04:45:37.157677+00:00
94e85b3b-a8b1-43ca-b280-8d51eee49da7,"Out of the Equation",https://dfcvrisaejumfpjmalui.supabase.co/storage/v1/object/public/ringtone-files/out-of-the-equation-out-of-the-equation-vada-chennai-instrumental-1770901126627.mp3,https://image.tmdb.org/t/p/w342/4Pa7SriYtq4BdoS2BAPm6w66vLi.jpg,"Vada Chennai","Santhosh Narayanan","Santhosh Narayanan",,"Mass, Instrumental, Violin",0,2026-02-12T13:01:41.062281+00:00
954d2b27-13c8-419c-8de6-da22271bccce,"iruttukul - Kadhalil Vizhunthen - Fom Vol 3",https://dfcvrisaejumfpjmalui.supabase.co/storage/v1/object/public/ringtone-files/iruttukul-kadhalil-vizhunthen-fom-vol-3-kadhalil-vizhunthen-vocal-1770877895822.mp3,https://image.tmdb.org/t/p/w342/t0YVVam2bmaTbez1pGOmIKWopXH.jpg,"Kadhalil Vizhunthen","Praveen Dharmalingam & Prajith Kumar","Vijay Antony",,"Love, Vocal, Male",0,2026-02-12T06:31:39.427355+00:00
95b6847b-53fa-48aa-9550-7363c18f237d,"Kaadhal Alaipayuthey",https://dfcvrisaejumfpjmalui.supabase.co/storage/v1/object/public/ringtone-files/kaadhal-alaipayuthey-kaadhal-alaipayuthey-kaadhal-alaipayuthey-vocal-1770972898529.mp3,https://is1-ssl.mzstatic.com/image/thumb/Music221/v4/d3/fb/a0/d3fba0c4-3e7c-b16e-04d8-016d184d608a/196872592153.jpg/600x600bb.jpg,"Kaadhal Alaipayuthey","Amrit Ramnath","Amrit Ramnath",,"Vocal, Male",0,2026-02-13T08:55:03.298646+00:00
9603cf90-e7c6-4540-9b8d-95b47de57f59,"Unstoppable ",https://dfcvrisaejumfpjmalui.supabase.co/storage/v1/object/public/ringtone-files/unstoppable-unstoppable-this-is-acting-vocal-1770823806774.mp3,https://is1-ssl.mzstatic.com/image/thumb/Music115/v4/bc/13/27/bc13275c-8b26-802d-771b-d15ae00fb530/mzm.hvpwjsvi.jpg/600x600bb.jpg,"This Is Acting","Sia","Sia",,"Mass, Vocal, Female",0,2026-02-11T15:30:11.845573+00:00
9644f667-a1a1-4e89-8b8f-97c6545a5091,"Solla Maatten Po",https://dfcvrisaejumfpjmalui.supabase.co/storage/v1/object/public/ringtone-files/solla-maatten-po-solla-maatten-po-solla-maatten-po-vocal-1770963075097.mp3,https://is1-ssl.mzstatic.com/image/thumb/Music211/v4/a7/41/76/a7417647-c08b-37f2-2d47-f9feed8dab72/8903246030294.jpg/600x600bb.jpg,"Solla Maatten Po","Sam Vishal, Sivangi","Amritesh Vijayan",,"Love, Vocal, Male",0,2026-02-13T06:11:18.707682+00:00
964f091d-fce7-4086-bdcb-e231b1b82753,"Hai Jamalo",https://dfcvrisaejumfpjmalui.supabase.co/storage/v1/object/public/ringtone-files/hai-jamalo-hai-jamalo-munjya-vocal-1771171708084.mp3,https://image.tmdb.org/t/p/w342/31zAzJs8O7dXcE0laUcBoaaNvwu.jpg,"Munjya","Sachin-Jigar, Skeletron, Amitabh Bhattacharya, Nakash Aziz & Jigar Saraiya","Sachin Sanghvi, Jigar Saraiya, Justin Varghese",,"Vocal, Male",0,2026-02-15T16:08:33.907844+00:00
967f2cc9-945b-4c68-a5cf-f013b4610bcb,"Kannamma Kannamma",https://dfcvrisaejumfpjmalui.supabase.co/storage/v1/object/public/ringtone-files/kannamma-kannamma-beauty-vocal-1771330662740.mp3,https://image.tmdb.org/t/p/w342/v71YwA416RIqvEMaQYQmY2tCPBV.jpg,"Beauty","Vijai Bulganin, Adithya RK, Lakshmi Meghana","Vijai Bulganin",,"Vocal, Male",0,2026-02-17T12:17:47.356007+00:00
96876057-a68f-4386-8018-605a7bbde80f,"om sai sairam  ringtone",https://dfcvrisaejumfpjmalui.supabase.co/storage/v1/object/public/ringtone-files/other-om-sai-om-sai-sairam-ringtone-1769354818886.mp3,https://images.unsplash.com/photo-1604608672516-f1b1f1c0b4e1?w=600,"Other","","",,"Devotional",1,2026-01-25T15:27:00.940521+00:00
96c5af29-061d-4d1f-b9fa-baf0465674d0,"Shanmugi ayyar women",https://dfcvrisaejumfpjmalui.supabase.co/storage/v1/object/public/ringtone-files/shanmugi-ayyar-women-avvai-shanmugi-1770985058986.mp3,https://image.tmdb.org/t/p/w342/bBSyJ3UM6pvqswgn6LwkxtIb2PI.jpg,"Avvai Shanmugi","Deva","Deva",,"Mass, Humming",1,2026-02-13T12:17:42.962937+00:00
972f9a21-b8c3-44ed-9b47-f82016ea2c40,"Kaise Waqt Nibhaoge",https://dfcvrisaejumfpjmalui.supabase.co/storage/v1/object/public/ringtone-files/kaise-waqt-nibhaoge-kaise-waqt-nibhaoge-kaise-waqt-nibhaoge-vocal-1771060283297.mp3,https://is1-ssl.mzstatic.com/image/thumb/Music221/v4/d7/f2/c2/d7f2c261-816a-54a6-d245-5e493e083931/199538853247.jpg/600x600bb.jpg,"Kaise Waqt Nibhaoge","	Shahid Ali Khan","",,"Vocal, Male",0,2026-02-14T09:11:27.824528+00:00
9746c568-ad90-415b-b344-394eda986c66,"Bharat",https://dfcvrisaejumfpjmalui.supabase.co/storage/v1/object/public/ringtone-files/bharat-bharat-the-diplomat-vocal-1771158517469.mp3,https://image.tmdb.org/t/p/w342/uwl9Y4px8TTIQK4N19k6gnW1RnX.jpg,"The Diplomat","A.R. Rahman, Hariharan, Manan Bhardwaj & Manoj Muntashir","Ishaan Chhabra, A.R. Rahman, Manan Bhardwaj",,"Vocal, Male",0,2026-02-15T12:28:43.629034+00:00
974e6ca8-f497-48ad-bbf4-9d0476dc94a9,"Nazar Ki Chot Mera Kha Gaya Dil",https://dfcvrisaejumfpjmalui.supabase.co/storage/v1/object/public/ringtone-files/nazar-ki-chot-mera-kha-gaya-dil-nazar-ki-chot-mera-kha-gaya-dil-nazar-ki-chot-mera-kha-gaya-dil-vocal-1771063857317.mp3,https://is1-ssl.mzstatic.com/image/thumb/Music125/v4/f6/70/84/f6708434-0123-ff36-0ac3-7401e8cf0f94/8902894360807_cover.jpg/600x600bb.jpg,"Nazar Ki Chot Mera Kha Gaya Dil","Sridevi","",,"Vocal, Female",0,2026-02-14T10:11:02.295566+00:00
977ea15d-7b92-4c5f-ba06-33d5ce286522,"Adi Athee",https://dfcvrisaejumfpjmalui.supabase.co/storage/v1/object/public/ringtone-files/adi-athee-adi-athee-adi-athee-vocal-1770880783792.mp3,https://is1-ssl.mzstatic.com/image/thumb/Music126/v4/e3/e0/04/e3e0043b-b417-edc8-3d44-9a3900dfa4db/Adi_Athee.jpg/600x600bb.jpg,"Adi Athee","Mugen Rao","Mugen Rao",,"Love, Vocal, Male",0,2026-02-12T07:19:47.561868+00:00
9794ee50-eed1-4215-a2bc-776b3b765af0," Aasai Nayagi Male Vocal",https://dfcvrisaejumfpjmalui.supabase.co/storage/v1/object/public/ringtone-files/aasai-nayagi-male-vocal-aasai-nayagi-gentlewoman-1771331191761.mp3,https://image.tmdb.org/t/p/w342/xbF4NfyaQra7GkGR5OZAWglVhUE.jpg,"Gentlewoman","Govind Vasantha & Yugabharathi","Govindh Vasantha",,"Vocal, Male",0,2026-02-17T12:26:36.12698+00:00
987c763d-246f-464a-a374-04f2e5216a51,"Dil Dum Chhalla",https://dfcvrisaejumfpjmalui.supabase.co/storage/v1/object/public/ringtone-files/dil-dum-chhalla-dil-dum-chhalla-ghoomer-vocal-1771173784147.mp3,https://image.tmdb.org/t/p/w342/6npQ0MxlmCqPPF8H5xK4yGt7ZLL.jpg,"Ghoomer","Amit Trivedi & Varun Jain","Amit Trivedi",,"Vocal, Duet",0,2026-02-15T16:43:07.84092+00:00
98c815e6-712c-4ac6-ac5b-748bcffd391c,"Ya lilli - Ya Lili (feat. Hamouda)",https://dfcvrisaejumfpjmalui.supabase.co/storage/v1/object/public/ringtone-files/ya-lilli-ya-lili-feat-hamouda-ya-lili-feat-hamouda-bgm-vocal-1770572018833.mp3,https://is1-ssl.mzstatic.com/image/thumb/Music221/v4/ba/ce/7f/bace7f85-2439-190a-cfb5-323e15b427d6/3615932032363_Cover.jpg/600x600bb.jpg,"Ya Lili (feat. Hamouda)","Balti","Balti",,"BGM, Vocal, Female",0,2026-02-08T17:33:44.056732+00:00
98dd4d0b-ecc7-40cf-8ad5-faa17f4c2843,"Ethana Saami",https://res.cloudinary.com/drvs4msnn/video/upload/v1764788552/kc41eqvdm6fwv1lw3s7w.mp3,https://image.tmdb.org/t/p/w500/9ViF6UTWMh14gx77RvFALe5R6AL.jpg,"Idli Kadai","Pushpavanam Kuppusamy, Raju Murugan & G.V. Prakash Kumar","",Love,"",14,2025-12-03T19:02:33.774626+00:00
98df96f9-edd5-4734-8547-37198f727334,"The revenge",https://dfcvrisaejumfpjmalui.supabase.co/storage/v1/object/public/ringtone-files/the-revenge-aadukalam-1770987128228.mp3,https://image.tmdb.org/t/p/w342/osU8Egxu2xhS6RwkxDbfOMYjZZ2.jpg,"Aadukalam","G V Prakash","G. V. Prakash Kumar",,"Mass, Chorus",0,2026-02-13T12:52:11.557696+00:00
98f5a38a-098c-4e73-8c2b-c003e9b34a63,"Big Bull",https://dfcvrisaejumfpjmalui.supabase.co/storage/v1/object/public/ringtone-files/big-bull-big-bull-double-ismart-vocal-1771168601441.mp3,https://image.tmdb.org/t/p/w342/kwaitETl1wiQ9kgOMxIuNOawcJP.jpg,"Double iSmart","Prudhvi Chandra, Mani Sharma, Sanjana Kalmanje & Bhaskarabatla Ravi","Mani Sharma",,"Vocal, Male, Mass",0,2026-02-15T15:16:45.726778+00:00
99e5d22b-f149-4b10-b402-0afa1e57a4c7,"Torture me",https://dfcvrisaejumfpjmalui.supabase.co/storage/v1/object/public/ringtone-files/torture-me-torture-me-stadium-arcadium-vocal-1770827435666.mp3,https://is1-ssl.mzstatic.com/image/thumb/Music5/v4/5e/49/35/5e493511-d87b-5aa2-b379-30fffbae902b/093624932154.jpg/600x600bb.jpg,"Stadium Arcadium","Red Hot Chili Peppers","Red Hot Chili Peppers",,"Mass, Vocal, Male",0,2026-02-11T16:30:40.360794+00:00
9a243fe6-1f68-46c7-8a5f-822dbb47aa50," Aaruyire",https://dfcvrisaejumfpjmalui.supabase.co/storage/v1/object/public/ringtone-files/aaruyire-aaruyire-diesel-vocal-1771065876593.mp3,https://image.tmdb.org/t/p/w342/A3jv9cICPkVHx48h2NZXW4c1ZnP.jpg,"Diesel","Ravi G, Mohan Rajan & Dhibu Ninan Thomas","Dhibu Ninan Thomas",,"Love, Vocal, Male",0,2026-02-14T10:44:40.469226+00:00
9a72a5dc-0c88-424c-a49f-f191d2108f2e,"Devil is a lie - The Devil Is a Lie feat. JAY Z",https://dfcvrisaejumfpjmalui.supabase.co/storage/v1/object/public/ringtone-files/devil-is-a-lie-the-devil-is-a-lie-feat-jay-z-mastermind-deluxe-version-vocal-1770827021004.mp3,https://is1-ssl.mzstatic.com/image/thumb/Music122/v4/6b/33/09/6b33099d-eb84-230a-d4da-c32f03e4961d/14UMGIM04890.rgb.jpg/600x600bb.jpg,"Mastermind Deluxe Version","Rick Ross","Rick Ross",,"Love, Vocal, Male",0,2026-02-11T16:23:47.442028+00:00
9a9fc5e7-a848-4c20-ab08-c002e53d4009,"Mayakirriye",https://dfcvrisaejumfpjmalui.supabase.co/storage/v1/object/public/ringtone-files/mayakirriye-mayakirriye-mayakirriye-vocal-1770880258218.mp3,https://is1-ssl.mzstatic.com/image/thumb/Music126/v4/1d/3a/01/1d3a010e-a134-33d9-4b0f-2248ee34e0f8/196626415233.jpg/600x600bb.jpg,"Mayakirriye","Anirudh Ravichander","Anirudh Ravichander",,"Love, Vocal, Male",0,2026-02-12T07:11:02.269889+00:00
9b047c17-d83c-4eb7-bfa9-8c7befddf8ab,"Instrumental - Pachai Nirame",https://dfcvrisaejumfpjmalui.supabase.co/storage/v1/object/public/ringtone-files/instrumental-pachai-nirame-alaipayuthey-1770843648263.mp3,https://image.tmdb.org/t/p/w342/rnN492zNPK5zvXvDQILm0KRLwD4.jpg,"Alaipayuthey","Hariharan & Clinton","A.R. Rahman",,"Instrumental, Love, Keyboard",0,2026-02-11T21:00:50.567717+00:00
9b650e2a-3207-4953-bac7-970d4726d81b,"Inspire Indie Acoustic Distant Skyline",https://dfcvrisaejumfpjmalui.supabase.co/storage/v1/object/public/ringtone-files/inspire-indie-acoustic-distant-skyline-inspire-indie-acoustic-distant-skyline-inspire-indie-acoustic-distant-skyline-bgm-instrumental-1771421963858.mp3,https://is1-ssl.mzstatic.com/image/thumb/Music128/v4/b0/0f/d7/b00fd751-ab3b-61c3-5765-50efd39a7016/00714753013865.rgb.jpg/600x600bb.jpg,"Inspire Indie Acoustic Distant Skyline","","",,"BGM, Instrumental, Keyboard, Guitar",0,2026-02-18T13:39:33.625917+00:00
9b9423c6-0807-4abb-92d6-4e8dcc4144f3,"Chandra's Love",https://dfcvrisaejumfpjmalui.supabase.co/storage/v1/object/public/ringtone-files/chandra-s-love-chandra-s-love-vada-chennai-vocal-1770901203715.mp3,https://image.tmdb.org/t/p/w342/4Pa7SriYtq4BdoS2BAPm6w66vLi.jpg,"Vada Chennai","Santhosh Narayanan","Santhosh Narayanan",,"Love, Vocal, Duet",0,2026-02-12T13:02:58.712921+00:00
9b98961a-76ce-4eac-98cd-cfbc56db41dc,"Kalale Kalale Male Vocal",https://dfcvrisaejumfpjmalui.supabase.co/storage/v1/object/public/ringtone-files/kalale-kalale-male-vocal-kalale-kalale-k-ramp-1771330760244.mp3,https://image.tmdb.org/t/p/w342/36QgJqloM5Ee8VGx0SDiyQR2Pie.jpg,"K-Ramp","Chaitan Bharadwaj, Kapil Kapilan & Bhaskarabhatla","Chaitan Bharadwaj",,"Vocal, Male",0,2026-02-17T12:19:23.630292+00:00
9c15a1d2-f9d8-4359-a080-59b27107483a,"DNA Bhaukali",https://dfcvrisaejumfpjmalui.supabase.co/storage/v1/object/public/ringtone-files/dna-bhaukali-dna-bhaukali-tiku-weds-sheru-vocal-1771174850786.mp3,https://image.tmdb.org/t/p/w342/5mp4KqqVU6uUNwnpYqAtthik1DB.jpg,"Tiku Weds Sheru","Gaurav Chatterji, Nihal Shetty, Debanjali B Joshi & Shellee","Gaurav Chatterji, Sai Kabir",,"Vocal, Duet",0,2026-02-15T17:00:58.740974+00:00
9c2cde58-81e9-48cf-aac7-8c212c39fe07," Kabir Theme Reloaded",https://dfcvrisaejumfpjmalui.supabase.co/storage/v1/object/public/ringtone-files/kabir-theme-reloaded-kabir-theme-reloaded-war-2-instrumental-1771067174229.mp3,https://image.tmdb.org/t/p/w342/fxxVbjhIOl8ZPS69dH8xeeuxvmh.jpg,"War 2","Sanchit Balhara & Ankit Balhara","Sanchit Balhara, Ankit Balhara, Pritam Chakraborty",,"Instrumental, Guitar, Whistle, Drums",0,2026-02-14T11:06:18.2013+00:00
9c67430a-bef6-495b-bb3c-f21d8a292c9e,"Arasan Theme (From ""Arasan"")",https://res.cloudinary.com/drvs4msnn/video/upload/v1764790573/b3hwj1nbomphbjieke6t.mp3,https://image.tmdb.org/t/p/w500/v7rgQyI8WGJf6cf3IvfkdyzV0HN.jpg,"Arasan","Anirudh Ravichander","",,"Instrumental, BGM, Mass",18,2025-12-03T19:36:14.165179+00:00
9c86910c-c128-4709-9a91-fb5d5b1e1b5c,"Baby baby - Baby (feat. Ludacris)",https://dfcvrisaejumfpjmalui.supabase.co/storage/v1/object/public/ringtone-files/baby-baby-baby-feat-ludacris-my-worlds-instrumental-1770487562124.mp3,https://is1-ssl.mzstatic.com/image/thumb/Music126/v4/79/76/c7/7976c73b-ba8e-c97f-2c49-0a7534b8c580/10UMGIM06203.rgb.jpg/600x600bb.jpg,"My Worlds","Justin Bieber","Justin Bieber",,"Mass, Instrumental, Keyboard",2,2026-02-07T18:06:07.604095+00:00
9caab490-025c-494a-ad40-f900a6a839b3,"Sun Zara-Tujhe Bhula Diya",https://dfcvrisaejumfpjmalui.supabase.co/storage/v1/object/public/ringtone-files/sun-zara-tujhe-bhula-diya-sun-zara-tujhe-bhula-diya-sun-zara-tujhe-bhula-diya-vocal-1771337212570.mp3,https://is1-ssl.mzstatic.com/image/thumb/Music118/v4/3c/df/f1/3cdff1a5-ccf9-af08-371d-0694f783c1b0/8903431646873_cover.jpg/600x600bb.jpg,"Sun Zara-Tujhe Bhula Diya","Shaan, Shruti Pathak","",,"Vocal, Duet, Love",0,2026-02-17T14:06:57.111562+00:00
9cacbfd7-47fe-46b2-b4f1-ed0113bf02d6,"Dikila Dikila",https://dfcvrisaejumfpjmalui.supabase.co/storage/v1/object/public/ringtone-files/dikila-dikila-dikila-dikila-leg-piece-vocal-1771333797938.mp3,https://image.tmdb.org/t/p/w342/7Tnbmp7ARfKUQGYMJqkUk9B3c6G.jpg,"Leg Piece","Anirudh Ravichander, Bjorn Surrao & Vignesh Ramakrishna","Bjorn Surrao",,"Vocal, Male, Mass",0,2026-02-17T13:10:01.095718+00:00
9cc80f76-883f-4522-8ff5-edff1701c51e,"Puzhudhi",https://dfcvrisaejumfpjmalui.supabase.co/storage/v1/object/public/ringtone-files/puzhudhi-puzhudhi-puzhudhi-vocal-1770973317178.mp3,https://is1-ssl.mzstatic.com/image/thumb/Music126/v4/66/07/9a/66079ae4-e779-0604-7baa-243cac900e9c/23UMGIM85979.rgb.jpg/600x600bb.jpg,"Puzhudhi","Jhanu, Muthu, Mutthammaal","Jhanu",,"Vocal, Mass, Male",0,2026-02-13T09:02:02.714945+00:00
9cca3b0b-5982-4aa5-ac7a-4dade72a7a0d,"TU HI BOOLUN  - Wajah Tum Ho",https://dfcvrisaejumfpjmalui.supabase.co/storage/v1/object/public/ringtone-files/tu-hi-boolun-wajah-tum-ho-hate-story-3-vocal-1771014949505.mp3,https://image.tmdb.org/t/p/w342/tJVh1ZHZNgR8nqV3j3iSy8fA6Bb.jpg,"Hate Story 3","Armaan Malik","Harmeet Singh, Anjjan Bhattacharya, Meet Bros Anjjan, Amaal Mallik, Manmeet Singh",,"Love, Vocal, Male",0,2026-02-13T20:35:53.3205+00:00
9cd25f9c-58ed-4869-8279-4242cd82d0c9,"Babbar Sherni",https://dfcvrisaejumfpjmalui.supabase.co/storage/v1/object/public/ringtone-files/babbar-sherni-babbar-sherni-mardaani-3-vocal-1771016121128.mp3,https://image.tmdb.org/t/p/w342/jLo8qcDOw9CD1COzMLBouOqHtqX.jpg,"Mardaani 3","Sarthak Kalyani, Dee MC & Shruti Shukla","John Stewart Eduri",,"Vocal, Male",0,2026-02-13T20:55:25.575932+00:00
9d462648-fa2a-4267-be5b-6047a9064cea,"Mangiska Kangiska",https://dfcvrisaejumfpjmalui.supabase.co/storage/v1/object/public/ringtone-files/mangiska-kangiska-mangiska-kangiska-otha-votu-muthaiya-vocal-1771334262897.mp3,https://image.tmdb.org/t/p/w342/a5NiTUXJquU42Poh4BSZJdB6AaJ.jpg,"Otha Votu Muthaiya","Mookuthi Murugan, Roshini JKV","Siddharth Vipin",,"Vocal, Male",0,2026-02-17T13:17:47.837014+00:00
9d4b98f3-f470-49ce-8e4d-acfc820cc30f," Bus Fight x Powerhouse x Disco",https://dfcvrisaejumfpjmalui.supabase.co/storage/v1/object/public/ringtone-files/bus-fight-x-powerhouse-x-disco-bus-fight-x-powerhouse-x-disco-coolie-instrumental-1771066753362.mp3,https://image.tmdb.org/t/p/w342/kr36awqmziEI5mfUElsHB0pj9zP.jpg,"Coolie","Anirudh Ravichander, Rajinikanth, Aamir Khan & Arivu","Anirudh Ravichander",,"Instrumental, Drums",0,2026-02-14T10:59:16.702129+00:00
9d81886c-f8bb-4d22-9b89-1563b0ef497b,"Nee Nee Nee",https://dfcvrisaejumfpjmalui.supabase.co/storage/v1/object/public/ringtone-files/nee-nee-nee-nee-nee-nee-nee-nee-nee-vocal-1770957340028.mp3,https://is1-ssl.mzstatic.com/image/thumb/Music221/v4/01/43/c7/0143c7eb-ddf2-6abe-43d3-70c458496fbf/cover.jpg/600x600bb.jpg,"Nee Nee Nee","Andrea Jeremiah, Abby V, M.S. Jones Rupert","M.S. Jones Rupert",,"Vocal, Duet",0,2026-02-13T04:35:44.833558+00:00
9d8bf3ed-f756-44a8-b338-a75b4ed80b2d,"Theekkoluthi (From ""Bison Kaalamadan"")",https://res.cloudinary.com/drvs4msnn/video/upload/v1764790213/gnir2mxkvxbuhdrkssck.mp3,,"Bison Kaalamaadan","Nivas K Prasanna & Mari Selvaraj","",,"Sad, Interlude, Flute",1,2025-12-03T19:30:14.290883+00:00
9de8a8b1-f80f-4b2f-9755-8d22b91a18a7,"tamil kadavul murugan song ringtone",https://dfcvrisaejumfpjmalui.supabase.co/storage/v1/object/public/ringtone-files/murugan-tamil-kadavul-murugan-tamil-kadavul-murugan-song-ringtone-1769354735224.mp3,https://images.unsplash.com/photo-1604608672516-f1b1f1c0b4e1?w=600,"Murugan","","",,"Devotional",0,2026-01-25T15:25:38.542273+00:00
9df9df75-0d2b-467e-8ca3-adb9ae7443e7,"Lubber pandhu love BGM",https://dfcvrisaejumfpjmalui.supabase.co/storage/v1/object/public/ringtone-files/lubber-pandhu-love-bgm-lubber-pandhu-lubber-pandhu-interlude-1770984666267.mp3,https://image.tmdb.org/t/p/w342/jNyLZjIgaYVkBli2JihHwABlAPY.jpg,"Lubber Pandhu","Sean Roldan","Sean Roldan",,"Love, BGM, Interlude",0,2026-02-13T12:11:09.941522+00:00
9e2269ca-7838-42fd-a520-03847f8797ff,"Yamma yamma bgm",https://dfcvrisaejumfpjmalui.supabase.co/storage/v1/object/public/ringtone-files/yamma-yamma-bgm-yamma-yamma-7aum-arivu-humming-1770654463256.mp3,https://image.tmdb.org/t/p/w342/lsQGGZxIztBnk5HzAu79Ug6TKpu.jpg,"7Aum Arivu","Harris Jayaraj & S.P. Balasubrahmanyam","Harris Jayaraj",,"Sad, Humming",0,2026-02-09T16:27:57.470844+00:00
9e53e8bd-e331-49ac-91be-e0c3dd6fa148,"Love me like you do ",https://dfcvrisaejumfpjmalui.supabase.co/storage/v1/object/public/ringtone-files/love-me-like-you-do-love-me-like-you-do-fifty-shades-of-grey-original-motion-picture-soundtrack-vocal-1770827611392.mp3,https://is1-ssl.mzstatic.com/image/thumb/Music122/v4/fd/7a/13/fd7a1394-5ce1-6da6-93ad-977533762a1f/15UMGIM00463.rgb.jpg/600x600bb.jpg,"Fifty Shades of Grey Original Motion Picture Soundtrack","Ellie Goulding","Ellie Goulding",,"Love, Vocal, Female",0,2026-02-11T16:33:36.658443+00:00
9e8ef3ec-fd41-4a33-bed1-f61be2786e4d,"Kalangaamale Kan Moodadi",https://dfcvrisaejumfpjmalui.supabase.co/storage/v1/object/public/ringtone-files/kalangaamale-kan-moodadi-kalangaamale-gandhi-talks-vocal-1770833920615.mp3,https://image.tmdb.org/t/p/w342/p4iQT3s97T3gQOLhTj0UplzYMOj.jpg,"Gandhi Talks","Sreekanth Hariharan, Khatija Rahman, A.R. Rahman & Madrashe","A.R. Rahman",,"Sad, Vocal, Male",0,2026-02-11T18:33:15.06117+00:00
9f08d6fe-0e92-4399-b696-09da93d90f0a,"Parasakthi - adi alaye - Ponnu dhan thangathey",https://dfcvrisaejumfpjmalui.supabase.co/storage/v1/object/public/ringtone-files/parasakthi-adi-alaye-ponnu-dhan-thangathey-1768144937517.mp3,/cpKJGYU8Z1iSXzkgDl8vhazk5EQ.jpg,"Parasakthi","","G. V. Prakash Kumar",,"Mass, Love, Duet",0,2026-01-11T15:22:19.875486+00:00
9f24ec01-df90-4ead-90d3-64e0284e36b4,"BGM  - Flute interlude",https://dfcvrisaejumfpjmalui.supabase.co/storage/v1/object/public/ringtone-files/madrasapattinam-bgm-flute-interlude-1765571852909.mp3,https://image.tmdb.org/t/p/w500/vmF5Yb9ViIncinpj2wGCS8w6iti.jpg,"Madrasapattinam","","G. V. Prakash Kumar",,"Love, BGM, Instrumental, Interlude, Flute",4,2025-12-12T20:37:35.592452+00:00
9f40eaf6-54bd-4457-b18e-d0b053c5188c,"Kadal Thaandi Vandhaai",https://dfcvrisaejumfpjmalui.supabase.co/storage/v1/object/public/ringtone-files/kadal-thaandi-vandhaai-kadal-thaandi-vandhaai-kadal-thaandi-vandhaai-vocal-1770889906698.mp3,https://is1-ssl.mzstatic.com/image/thumb/Music114/v4/5c/e4/42/5ce442a8-8980-8cd2-d506-462a874b4d0d/cover.jpg/600x600bb.jpg,"Kadal Thaandi Vandhaai","Karthik, Aishwarya Rangarajan","K.C. Balasarangan",,"Love, Vocal, Duet",0,2026-02-12T09:51:50.68071+00:00
9f6c3c60-9d15-42ac-baf8-049d38415502,"Kannil Vanthu Minnalpol",https://dfcvrisaejumfpjmalui.supabase.co/storage/v1/object/public/ringtone-files/kannil-vanthu-minnalpol-kannil-vanthu-minnalpol-nadodi-mannan-vocal-1771051230841.mp3,https://image.tmdb.org/t/p/w342/8iTMWhkUn5c3ulTM7LlwdbgrMhA.jpg,"Nadodi Mannan","T. M. Soundararajan & Jikki","S. M. Subbaiah Naidu, N. S. Balakrishnan",,"Vocal, Duet",0,2026-02-14T06:40:36.458791+00:00
9f89cb2a-6900-4e40-9bd3-bc07273b9017,"Promo",https://res.cloudinary.com/drvs4msnn/video/upload/v1764790478/jpo22u8zpmawzxg5a66t.mp3,https://image.tmdb.org/t/p/w500/v7rgQyI8WGJf6cf3IvfkdyzV0HN.jpg,"Arasan","Anirudh Ravichander Indian composer","",,"BGM, Instrumental",7,2025-12-03T19:34:39.627964+00:00
9fa18b44-c209-431c-b0d0-b98f9c29d062,"Female Humming Sad - Hosanna",https://dfcvrisaejumfpjmalui.supabase.co/storage/v1/object/public/ringtone-files/female-humming-sad-hosanna-vinnaithaandi-varuvaayaa-1770845987161.mp3,https://image.tmdb.org/t/p/w342/icWUNL2GxDgWmI5PQN2RYA2CEbv.jpg,"Vinnaithaandi Varuvaayaa","A.R. Rahman, Vijay Prakash, Blaaze & Suzanne D'Mello","A.R. Rahman",,"Sad, Female, Humming",2,2026-02-11T21:39:50.087971+00:00
9ff90356-d3ab-4aa0-87c7-88691e4ae232,"Roke Na Ruke-Mast Magan",https://dfcvrisaejumfpjmalui.supabase.co/storage/v1/object/public/ringtone-files/roke-na-ruke-mast-magan-roke-na-ruke-mast-magan-roke-na-ruke-mast-magan-vocal-1771337730353.mp3,https://is1-ssl.mzstatic.com/image/thumb/Music118/v4/3c/df/f1/3cdff1a5-ccf9-af08-371d-0694f783c1b0/8903431646873_cover.jpg/600x600bb.jpg,"Roke Na Ruke-Mast Magan","Abhijit Vaghani, Dev Negi, Tulsi Kumar","",,"Love, Vocal, Duet",0,2026-02-17T14:15:34.952769+00:00
a038891a-079e-4324-aecf-e61d77d0a911,"Get on the floor",https://dfcvrisaejumfpjmalui.supabase.co/storage/v1/object/public/ringtone-files/get-on-the-floor-right-vocal-1771066171454.mp3,https://image.tmdb.org/t/p/w342/yA3g7UZeYkku6kfmrbikZ745PTQ.jpg,"Right","Guna Balasubramanian, Yadu Krishnan K, Lavanya","Guna Balasubramanian",,"Mass, Vocal, Duet",0,2026-02-14T10:49:35.666685+00:00
a046bae6-3edf-4745-a8e3-7baf08499734,"Jana Nayagan - Chella Magale - Kanne maniye  - Vocal",https://dfcvrisaejumfpjmalui.supabase.co/storage/v1/object/public/ringtone-files/jana-nayagan-chella-magale-kanne-maniye-vocal-1769092423995.mp3,https://image.tmdb.org/t/p/w342/jt8pfSIdi47YpFMMWVRr8w5u2S0.jpg,"Jana Nayagan","Anirudh Ravichander, Thalapathy Vijay & Vivek","Anirudh Ravichander",,"Mass, Love, Vocal, Male",2,2026-01-22T14:33:43.975377+00:00
a09fb6ef-98a1-4f7a-bfac-39909f026863,"Naan yaar",https://dfcvrisaejumfpjmalui.supabase.co/storage/v1/object/public/ringtone-files/naan-yaar-naan-yaar-pariyerum-perumal-1771008280471.mp3,https://image.tmdb.org/t/p/w342/78YoIO3gzkZPC1jotfDmolNDmgT.jpg,"Pariyerum Perumal","Santhosh Narayanan, Vijaynarain & Ananthu","Santhosh Narayanan",,"Mass, Chorus",0,2026-02-13T18:44:46.154241+00:00
a0a2ab27-d57c-4a24-ad85-b0b8d37edd3d,"Pim Pom",https://dfcvrisaejumfpjmalui.supabase.co/storage/v1/object/public/ringtone-files/pim-pom-pim-pom-pim-pom-vocal-1770975337972.mp3,https://is1-ssl.mzstatic.com/image/thumb/Music221/v4/41/3a/42/413a42c3-bebf-42a9-ddd6-cefe2fc195f2/199538045659.jpg/600x600bb.jpg,"Pim Pom","L.V. Muthuganesh, Adithya RK","L.V. Muthuganesh",,"Love, Vocal, Male",0,2026-02-13T09:35:43.05175+00:00
a0d946c7-6812-4472-9d32-26d82f08df18,"Poyivaa nanba",https://dfcvrisaejumfpjmalui.supabase.co/storage/v1/object/public/ringtone-files/poyivaa-nanba-poyivaa-nanba-kuberaa-vocal-1770986396237.mp3,https://image.tmdb.org/t/p/w342/xjLC5DeA4FQTBv4xe8r3wYqh8lu.jpg,"Kuberaa","Devi Sri Prasad, Dhanush & Viveka","Devi Sri Prasad",,"Mass, Vocal, Male",0,2026-02-13T12:39:59.994499+00:00
a0db39da-1a26-4abe-beae-a3beba4308ad,"Ganor Din",https://dfcvrisaejumfpjmalui.supabase.co/storage/v1/object/public/ringtone-files/ganor-din-ganor-din-ganor-din-vocal-1771056547826.mp3,https://is1-ssl.mzstatic.com/image/thumb/Music122/v4/72/53/ef/7253efe0-032f-8846-1697-55699582c918/cover.jpg/600x600bb.jpg,"Ganor Din","Deeplina Deka, Sudeep Ranjan Medhi, Rajashree Saikia","",,"Vocal, Female",0,2026-02-14T08:09:11.888392+00:00
a0f4bc2b-1678-4598-934c-c83233ef806f,"STR Entry",https://dfcvrisaejumfpjmalui.supabase.co/storage/v1/object/public/ringtone-files/str-entry-maanaadu-1771007581536.mp3,https://image.tmdb.org/t/p/w342/zO4mfRXYwuOYSy4YoXGVxh3oz1p.jpg,"Maanaadu","","Yuvan Shankar Raja",,"Intro, Mass",0,2026-02-13T18:33:08.789956+00:00
a11d3786-a428-496b-8a40-49fc8d720962,"Un kattil - Kadhalil Vizhunthen - Fom Vol 3",https://dfcvrisaejumfpjmalui.supabase.co/storage/v1/object/public/ringtone-files/un-kattil-kadhalil-vizhunthen-fom-vol-3-kadhalil-vizhunthen-vocal-1770878379702.mp3,https://image.tmdb.org/t/p/w342/t0YVVam2bmaTbez1pGOmIKWopXH.jpg,"Kadhalil Vizhunthen","Praveen Dharmalingam & Prajith Kumar","Vijay Antony",,"Love, Vocal, Male",0,2026-02-12T06:39:42.124478+00:00
a168efba-499f-4e73-b1d2-0fca14cbbdf1,"Manathinil Kadhal Konde",https://dfcvrisaejumfpjmalui.supabase.co/storage/v1/object/public/ringtone-files/manathinil-kadhal-konde-aan-vocal-1770876682890.mp3,https://image.tmdb.org/t/p/w342/5eZzBvETRK8uDz3mUK0Feio2T5C.jpg,"Aan","S.M.Sarkar","N",,"Vocal, Male",0,2026-02-12T06:11:26.716396+00:00
a179944e-a748-4742-9dba-ba5a7e70ce7c,"Dusk till dawn - Dusk Till Dawn (feat. Sia)",https://dfcvrisaejumfpjmalui.supabase.co/storage/v1/object/public/ringtone-files/dusk-till-dawn-dusk-till-dawn-feat-sia-dusk-till-dawn-radio-edit-feat-sia-instrumental-1770572176961.mp3,https://is1-ssl.mzstatic.com/image/thumb/Music124/v4/9d/25/4c/9d254c6f-1af8-c3e2-ff1a-f30ca2dbe45b/886446731896.jpg/600x600bb.jpg,"Dusk Till Dawn (Radio Edit) [feat. Sia]","ZAYN","ZAYN",,"Mass, Instrumental, Guitar",0,2026-02-08T17:36:22.288433+00:00
a1859b79-274f-4ca5-bde9-e7db667517bd,"Achha Lag Raha Hai",https://dfcvrisaejumfpjmalui.supabase.co/storage/v1/object/public/ringtone-files/achha-lag-raha-hai-achha-lag-raha-hai-achha-lag-raha-hai-vocal-1771172182164.mp3,https://is1-ssl.mzstatic.com/image/thumb/Music221/v4/ff/8e/90/ff8e9021-b016-b3ff-0d99-91c2a90cbb8b/8903431991201_cover.jpg/600x600bb.jpg,"Achha Lag Raha Hai","Sachet Tandon, Parampara Tandon, Kumaar","",,"Vocal, Male",0,2026-02-15T16:16:31.213529+00:00
a1c9fbe5-548e-42a7-b20c-94fc0fc55521,"Kaamaatchi",https://dfcvrisaejumfpjmalui.supabase.co/storage/v1/object/public/ringtone-files/kaamaatchi-kaamaatchi-kaamaatchi-vocal-1770957466465.mp3,https://is1-ssl.mzstatic.com/image/thumb/Music116/v4/cd/8d/f1/cd8df1b4-c44a-056a-52f7-8d49a5b22efa/cover.jpg/600x600bb.jpg,"Kaamaatchi","Sunder Chandran","Sunder Chandran, Deva Kumar",,"Vocal, Male, Love",0,2026-02-13T04:37:50.835703+00:00
a29b7159-2763-4cb5-b115-796e4dedf950,"Aarirari Rariraro Rari Adivechi",https://dfcvrisaejumfpjmalui.supabase.co/storage/v1/object/public/ringtone-files/aarirari-rariraro-rari-adivechi-kuberaa-vocal-1771068000612.mp3,https://image.tmdb.org/t/p/w342/xjLC5DeA4FQTBv4xe8r3wYqh8lu.jpg,"Kuberaa","Devi Sri Prasad, Narayanan Ravishankar","Devi Sri Prasad",,"Vocal, Male",0,2026-02-14T11:20:04.91643+00:00
a2e33681-2c13-4ace-aca8-b4ec90a78eb1,"Chi Pae Thu",https://dfcvrisaejumfpjmalui.supabase.co/storage/v1/object/public/ringtone-files/chi-pae-thu-chi-pae-thu-chi-pae-thu-vocal-1770961143615.mp3,https://is1-ssl.mzstatic.com/image/thumb/Music221/v4/05/63/8f/05638f88-6976-1f64-c08d-3df10ddf042f/199538290769.jpg/600x600bb.jpg,"Chi Pae Thu","Dharan Kumar, Santhosh Narayanan","",,"Vocal, Male",0,2026-02-13T05:39:08.428808+00:00
a33d4c37-87de-4821-a164-c2452073ba0d,"Inimel",https://dfcvrisaejumfpjmalui.supabase.co/storage/v1/object/public/ringtone-files/inimel-inimel-inimel-vocal-1770886779060.mp3,https://is1-ssl.mzstatic.com/image/thumb/Music211/v4/e0/6c/43/e06c4382-79ac-b9ef-417f-3c39be97b62d/085365620513.jpg/600x600bb.jpg,"Inimel","Shruti Haasan, Kamal Haasan","Shruti Haasan",,"Love, Vocal, Female",0,2026-02-12T08:59:45.361406+00:00
a3925660-81ab-415e-b3a1-9a01771d1fc0,"Maranthaaye",https://dfcvrisaejumfpjmalui.supabase.co/storage/v1/object/public/ringtone-files/maranthaaye-teddy-vocal-1770898190225.mp3,https://image.tmdb.org/t/p/w342/cy9UzsNLgCFcmNdrooO5c4D2eF1.jpg,"Teddy","D Imman","D. Imman",,"Sad, Vocal, Male",0,2026-02-12T12:12:41.370889+00:00
a3cbf4d8-765b-4a45-a978-3e3fc5477d0a,"Pa Sa Ni Sa - Bombay Theme",https://dfcvrisaejumfpjmalui.supabase.co/storage/v1/object/public/ringtone-files/pa-sa-ni-sa-bombay-theme-bombay-humming-1769880438323.mp3,https://image.tmdb.org/t/p/w342/g1FXpdQogl84eztCsLI3h8Kmp69.jpg,"Bombay","A.R. Rahman","A.R. Rahman",,"Love, Humming",2,2026-01-31T17:27:20.029452+00:00
a3dbb692-38dd-41ea-9d93-79f8fefec469,"Asuran",https://dfcvrisaejumfpjmalui.supabase.co/storage/v1/object/public/ringtone-files/asuran-marco-vocal-1771159754536.mp3,https://image.tmdb.org/t/p/w342/mVlxn4GKyPkkILcPmRmEPTRMuMQ.jpg,"(Marco)","Ravi Basrur, V. Nagendra Prasad, Snigdhajit Bhowmik","Ravi Basrur",,"Mass, Vocal, Male",0,2026-02-15T12:49:17.979571+00:00
a4084083-d621-4db5-85a8-265eac96ff60,"Ta Kaun Mera - Chale Aana",https://dfcvrisaejumfpjmalui.supabase.co/storage/v1/object/public/ringtone-files/ta-kaun-mera-chale-aana-de-de-pyaar-de-vocal-1771015369478.mp3,https://image.tmdb.org/t/p/w342/lKxbegRPahPDeOYeaDHhsNJDZU8.jpg,"De De Pyaar De","Armaan Malik & Amaal Mallik","Amaal Mallik, Vipin Patwa, Rochak Kohli, Manj Musik, Tanishk Bagchi",,"Love, Vocal, Male",0,2026-02-13T20:42:52.880728+00:00
a4693b44-293f-4a73-86a3-8c846119373e,"Azhakooril poothavale",https://dfcvrisaejumfpjmalui.supabase.co/storage/v1/object/public/ringtone-files/azhakooril-poothavale-azhakooril-thirumalai-vocal-1770653247829.mp3,https://image.tmdb.org/t/p/w342/kdWYGd1KnfsFuwpslVMLCDtS7EW.jpg,"Thirumalai","S.P. Balasubrahmanyam, Sujatha & Vairamuthu","Vidyasagar",,"Love, Vocal, Duet",1,2026-02-09T16:07:46.851104+00:00
a47aeecf-c6d1-4397-b64e-f28aaec6c1d3,"Galliyan-Dil Mein Ho Tum",https://dfcvrisaejumfpjmalui.supabase.co/storage/v1/object/public/ringtone-files/galliyan-dil-mein-ho-tum-galliyan-dil-mein-ho-tum-t-series-mixtape-season-2-vocal-1771335058866.mp3,https://is1-ssl.mzstatic.com/image/thumb/Music125/v4/5e/67/fb/5e67fb8b-91b5-98e0-3998-854d039370d9/8903431715616_cover.jpg/600x600bb.jpg,"T-Series Mixtape Season 2","Jonita Gandhi, Salim Merchant","",,"Love, Vocal, Duet",0,2026-02-17T13:31:03.100319+00:00
a4bb6b41-5b2a-428b-81b3-e821b5db845e,"Kiya Hua  - Humnava Mere-Baarish From ""T-Series Mixtape Season 2""",https://dfcvrisaejumfpjmalui.supabase.co/storage/v1/object/public/ringtone-files/kiya-hua-humnava-mere-baarish-from-t-series-mixtape-season-2-humnava-mere-baarish-from-t-series-mixtape-season-2-vocal-1771046328566.mp3,https://is1-ssl.mzstatic.com/image/thumb/Music113/v4/62/29/d2/6229d2b8-0c24-87ec-069c-49500bfbdf3e/8903431722386_cover.jpg/600x600bb.jpg,"Humnava Mere-Baarish From ""T-Series Mixtape Season 2""","Aditya Narayan & Dhvani Bhanushali","Aditya Narayan & Dhvani Bhanushali",,"Love, Vocal, Duet",0,2026-02-14T05:18:52.106462+00:00
a50a4fba-d173-45ac-977e-e59ef9182b5d,"Aye Zindagi",https://dfcvrisaejumfpjmalui.supabase.co/storage/v1/object/public/ringtone-files/aye-zindagi-aye-zindagi-1920-horrors-of-the-heart-vocal-1771173430546.mp3,https://image.tmdb.org/t/p/w342/iTe8eTiHocRLjMnx6ArBovQRqbe.jpg,"1920: Horrors of the Heart","Esha Gaur & Farhaan Sabri","Puneet Dixit",,"Vocal, Duet",0,2026-02-15T16:37:15.982315+00:00
a543737e-fd8a-4373-bdef-08cda324501b,"Mankatha Theme Music",https://dfcvrisaejumfpjmalui.supabase.co/storage/v1/object/public/ringtone-files/mankatha-theme-music-mankatha-theme-music-mankatha-bgm-instrumental-1771050679741.mp3,https://image.tmdb.org/t/p/w342/tZnDKJyUYfZKKPfBgVheU9vKlUo.jpg,"Mankatha","Yuvan Shankar Raja","Yuvan Shankar Raja",,"BGM, Instrumental, Drums, Whistle, Keyboard",1,2026-02-14T06:31:23.720007+00:00
a59f11c9-1f35-4d99-b865-5507062899cd,"Naadodi",https://dfcvrisaejumfpjmalui.supabase.co/storage/v1/object/public/ringtone-files/naadodi-naadodi-naadodi-vocal-1771013288267.mp3,https://is1-ssl.mzstatic.com/image/thumb/Music126/v4/ab/75/ce/ab75cefd-b848-7b39-994d-7972cef587a2/cover.jpg/600x600bb.jpg,"Naadodi","Vijay Prakash, Sam Lawrence","Sam Lawrence",,"Vocal, Male",0,2026-02-13T20:08:12.78497+00:00
a68e6f86-1069-461c-8766-6b04537ef013,"Unakaaga Naan Irupen",https://dfcvrisaejumfpjmalui.supabase.co/storage/v1/object/public/ringtone-files/unakaaga-naan-irupen-unakaaga-naan-irupen-unakaaga-naan-irupen-vocal-1770880940408.mp3,https://is1-ssl.mzstatic.com/image/thumb/Music114/v4/4d/2c/5b/4d2c5be0-c00c-6f8b-3194-7148da30e8ba/cover.jpg/600x600bb.jpg,"Unakaaga Naan Irupen","Leon James","Leon James",,"Love, Vocal, Male",0,2026-02-12T07:22:24.248129+00:00
a70fae9a-47a1-421a-a96d-8b08ab45d669,"Naan Kudikka Poren",https://dfcvrisaejumfpjmalui.supabase.co/storage/v1/object/public/ringtone-files/naan-kudikka-poren-naan-kudikka-poren-naan-kudikka-poren-vocal-1770890066203.mp3,https://is1-ssl.mzstatic.com/image/thumb/Music124/v4/e0/23/1a/e0231acc-cbe8-972a-2c79-c6392be63ccb/859735447105_cover.jpg/600x600bb.jpg,"Naan Kudikka Poren","Selojan, Ratty Adhiththan, Sahi Siva","Selojan",,"Vocal, Male",0,2026-02-12T09:54:30.163727+00:00
a7288359-b80f-4438-a32b-45066256b8a9,"X",https://dfcvrisaejumfpjmalui.supabase.co/storage/v1/object/public/ringtone-files/x-x-x-vocal-1770889780228.mp3,https://is1-ssl.mzstatic.com/image/thumb/Music125/v4/89/6b/0c/896b0c76-77d6-00e7-116f-8fcf8df3b6ab/886448082705.jpg/600x600bb.jpg,"X","Paal Dabba, Shiv Paul","Shiv Paul",,"Vocal, Male",0,2026-02-12T09:49:45.639559+00:00
a731d01e-57b1-44a7-a528-e6036c6a3dea,"Nan paartha - Mother Song",https://dfcvrisaejumfpjmalui.supabase.co/storage/v1/object/public/ringtone-files/nan-paartha-mother-song-valimai-vocal-1771008207560.mp3,https://image.tmdb.org/t/p/w342/zlh80l4fmOZy8KL34QVBtVjqYFs.jpg,"Valimai","Yuvan Shankar Raja, Sid Sriram & Vignesh Shivan","Ghibran, Yuvan Shankar Raja",,"Love, Vocal, Male",0,2026-02-13T18:43:32.873312+00:00
a7411fd1-b96a-4fe6-8cc5-ca48ec5dc8b6,"Wrong Way",https://dfcvrisaejumfpjmalui.supabase.co/storage/v1/object/public/ringtone-files/wrong-way-wrong-way-wrong-way-vocal-1770972683331.mp3,https://is1-ssl.mzstatic.com/image/thumb/Music211/v4/47/57/a3/4757a37a-a75e-8ce2-fac5-83583f5d15c8/cover.jpg/600x600bb.jpg,"Wrong Way","808Krshna","Vaisagh, 808Krshna",,"Motivational, Vocal, Male",0,2026-02-13T08:51:27.321949+00:00
a7601022-315f-4ed4-971f-84c6c6ac4889,"Main Rahoon Ya Na Rahoon-Dil Kyun Yeh Mera",https://dfcvrisaejumfpjmalui.supabase.co/storage/v1/object/public/ringtone-files/main-rahoon-ya-na-rahoon-dil-kyun-yeh-mera-main-rahoon-ya-na-rahoon-dil-kyun-yeh-mera-main-rahoon-ya-na-rahoon-dil-kyun-yeh-mera-vocal-1771336391769.mp3,https://is1-ssl.mzstatic.com/image/thumb/Music123/v4/4c/2f/19/4c2f1977-d8b2-c5a8-c7ed-00582d6c372e/8903431721426_cover.jpg/600x600bb.jpg,"Main Rahoon Ya Na Rahoon-Dil Kyun Yeh Mera","Prakriti Kakar, Amaal Mallik","",,"Love, Vocal, Female",0,2026-02-17T13:53:17.301125+00:00
a79c204b-8d22-4e60-869e-c6fa3272f49d,"Al Jihad",https://dfcvrisaejumfpjmalui.supabase.co/storage/v1/object/public/ringtone-files/al-jihad-al-jihad-the-kashmir-files-instrumental-1771182829933.mp3,https://image.tmdb.org/t/p/w342/2VvjJFDBFYkVgr89BjqbUl26QyW.jpg,"The Kashmir Files","Rohit Sharma","Swapnil Bandodkar",,"Instrumental, Keyboard",0,2026-02-15T19:13:53.682802+00:00
a7ae7093-ce64-418e-809d-c68dc34577da,"marudha malai murugan song",https://dfcvrisaejumfpjmalui.supabase.co/storage/v1/object/public/ringtone-files/murugan-marutha-malai-marudha-malai-murugan-song-1769354469034.mp3,https://images.unsplash.com/photo-1604608672516-f1b1f1c0b4e1?w=600,"Murugan","","",,"Devotional",1,2026-01-25T15:21:12.99298+00:00
a81792ef-334f-4bd4-8fbb-891c2fa16651,"Love nwantiti",https://dfcvrisaejumfpjmalui.supabase.co/storage/v1/object/public/ringtone-files/love-nwantiti-love-nwantiti-love-nwantiti-vocal-1770824596290.mp3,https://is1-ssl.mzstatic.com/image/thumb/Music211/v4/fe/55/72/fe5572b2-b204-43c3-d28e-1cf00b0971f6/689690046194_cover.jpg/600x600bb.jpg,"Love Nwantiti","Meric Again & 22angels","Meric Again & 22angels",,"Love, Vocal, Female",0,2026-02-11T15:43:22.190297+00:00
a826362b-0062-4521-a5a4-ec417fd005c3,"Fall in Love",https://dfcvrisaejumfpjmalui.supabase.co/storage/v1/object/public/ringtone-files/fall-in-love-ayan-humming-1771237638968.mp3,https://image.tmdb.org/t/p/w342/49UwEe5U1GuRC6W7difviwCgde2.jpg,"Ayan","","Harris Jayaraj",,"Love, Humming",0,2026-02-16T10:30:20.438574+00:00
a82de44d-a2ef-4827-afe6-6d9054b31202,"Chor Bazari Phir Se",https://dfcvrisaejumfpjmalui.supabase.co/storage/v1/object/public/ringtone-files/chor-bazari-phir-se-chor-bazari-phir-se-bhool-chuk-maaf-vocal-1771149276686.mp3,https://image.tmdb.org/t/p/w342/plWzFq6eVXOm8vpgJG0xUGmifHS.jpg,"Bhool Chuk Maaf","Tanishk Bagchi, Pritam, Irshad Kamil, Sunidhi Chauhan, Neeraj Shridhar & Zahrah S Khan","Tanishk Bagchi, Ketan Sodha",,"Vocal, Male",0,2026-02-15T09:54:40.374518+00:00
a84f7c72-418b-44df-9db7-1ca5cad38932,"I stay up all night ",https://dfcvrisaejumfpjmalui.supabase.co/storage/v1/object/public/ringtone-files/i-stay-up-all-night-i-stay-up-all-night-all-night-all-dayer-vocal-1770829857680.mp3,https://is1-ssl.mzstatic.com/image/thumb/Music71/v4/72/25/c6/7225c641-d5ce-976f-2d1b-cfdbedb07057/191061105831.jpg/600x600bb.jpg,"All Night All Dayer","Bathroom Chemist","Bathroom Chemist",,"Sad, Vocal, Duet",0,2026-02-11T17:11:08.476442+00:00
a8982145-baa5-41ba-a664-3f9771debc54,"Mundhinam",https://dfcvrisaejumfpjmalui.supabase.co/storage/v1/object/public/ringtone-files/mundhinam-mundhinam-vaaranam-aayiram-vocal-1771007240913.mp3,https://image.tmdb.org/t/p/w342/3PxkiDTObsws7pzkdUiHCjOxVA4.jpg,"Vaaranam Aayiram","Harris Jayaraj, Naresh Iyer & Prashanthini","Harris Jayaraj",,"Love, Vocal, Male",2,2026-02-13T18:27:26.88466+00:00
a8a11a36-9b7c-45f7-ae0f-237c3da18616,"ullathilae nee iruka murugan song",https://dfcvrisaejumfpjmalui.supabase.co/storage/v1/object/public/ringtone-files/murugan-ullathilaye-nee-iruka-ullathilae-nee-iruka-murugan-song-1769354920141.mp3,https://images.unsplash.com/photo-1604608672516-f1b1f1c0b4e1?w=600,"Murugan","","",,"Devotional",2,2026-01-25T15:28:44.53856+00:00
a8d0eb2c-b4ef-49a3-9c97-85dc1f5cc0d9,"Yazhisayae",https://dfcvrisaejumfpjmalui.supabase.co/storage/v1/object/public/ringtone-files/yazhisayae-yazhisayae-yazhisayae-vocal-1771013379786.mp3,https://is1-ssl.mzstatic.com/image/thumb/Music221/v4/ac/a8/12/aca8120b-8cde-eefa-ac84-e774c3312a1e/5034644269184.jpg/600x600bb.jpg,"Yazhisayae","Abishek Joe, Keba Jeremiah, Haritha Balakrishnan","Abishek Joe, Keba Jeremiah",,"Vocal, Male",0,2026-02-13T20:09:43.593051+00:00
a906866a-219b-4d99-a323-41f5211a16de,"Baari Barsi",https://dfcvrisaejumfpjmalui.supabase.co/storage/v1/object/public/ringtone-files/baari-barsi-baari-barsi-bloody-daddy-vocal-1771175078849.mp3,https://image.tmdb.org/t/p/w342/gX8k6oKpIsWHpfWNz3Bu4wUuliA.jpg,"Bloody Daddy","Shahid Mallya & Harsimran Singh","Aditya Dev, Anuj Garg, Julius Packiam, Badshah, Julius Packiam",,"Love, Vocal, Duet",0,2026-02-15T17:04:46.850478+00:00
a907c447-55c9-415e-b66d-a76ce4026dbe,"Kaithi BGM",https://dfcvrisaejumfpjmalui.supabase.co/storage/v1/object/public/ringtone-files/kaithi-bgm-kaithi-1771009131554.mp3,https://image.tmdb.org/t/p/w342/mxvOvom5zKRp4WPURKrhjoatt4P.jpg,"Kaithi","","Sam C S",,"BGM, Intro",0,2026-02-13T18:58:55.961711+00:00
a9236dc6-30b3-450d-90a9-3dc2822b0186,"Maruvarthai pesathe - Maruvaarthai",https://dfcvrisaejumfpjmalui.supabase.co/storage/v1/object/public/ringtone-files/maruvarthai-pesathe-maruvaarthai-enai-noki-paayum-thota-instrumental-1770652526645.mp3,https://image.tmdb.org/t/p/w342/tifywnVmCol7XPQWR06tTrygTT4.jpg,"Enai Noki Paayum Thota","Darbuka Siva & Sid Sriram","Darbuka Siva",,"Love, Instrumental, Flute",0,2026-02-09T15:55:51.476715+00:00
a97bd1fd-fa3e-44c4-bfa5-3dd4132dda9b,"Un Azhagil En Idhayam - Aathi",https://dfcvrisaejumfpjmalui.supabase.co/storage/v1/object/public/ringtone-files/un-azhagil-en-idhayam-aathi-kaththi-1770827804427.mp3,https://image.tmdb.org/t/p/w342/3Zp3VCEzDJGHwvMT7pXkPj2vuYm.jpg,"Kaththi","Anirudh Ravichander & Vishal Dadlani","Anirudh Ravichander",,"Love, Chorus",0,2026-02-11T16:51:19.282218+00:00
a9ef0769-e57d-448a-8fed-b4c6b4db2fab,"Mera Mann-Yahin Hoon Main",https://dfcvrisaejumfpjmalui.supabase.co/storage/v1/object/public/ringtone-files/mera-mann-yahin-hoon-main-mera-mann-yahin-hoon-main-mera-mann-yahin-hoon-main-vocal-1771337050845.mp3,https://is1-ssl.mzstatic.com/image/thumb/Music118/v4/3c/df/f1/3cdff1a5-ccf9-af08-371d-0694f783c1b0/8903431646873_cover.jpg/600x600bb.jpg,"Mera Mann-Yahin Hoon Main","","",,"Love, Vocal, Male",0,2026-02-17T14:04:15.198722+00:00
aa7b6c7e-8ee9-4536-8486-9402001b9092,"Badass",https://dfcvrisaejumfpjmalui.supabase.co/storage/v1/object/public/ringtone-files/leo-badass-vocal-instrumental-humming-8d-audio-dialogue-remix-1769378213935.mp3,https://image.tmdb.org/t/p/w342/5l62iL3gJThyauCyzlsKRh8kqGX.jpg,"Leo","","Anirudh Ravichander",,"Love, Sad, Motivational, Funny, Mass, Devotional, Vocal, Instrumental, Humming, 8D Audio, Dialogue, Remix, Male, Female, Duet, Flute, Violin, Guitar, Piano, Saxophone, Whistle, Trumpet, Drums, Keyboard, Veena, Nadaswaram",3,2026-01-25T21:56:58.490783+00:00
ab827349-893a-447d-86e4-7f21ea6e4ca8,"Aziz introduction ",https://dfcvrisaejumfpjmalui.supabase.co/storage/v1/object/public/ringtone-files/animal-aziz-introduction-vocal-instrumental-remix-dialogue-8d-audio-1769378519991.mp3,https://image.tmdb.org/t/p/w342/hr9rjR3J0xBBKmlJ4n3gHId9ccx.jpg,"Animal","","Harshavardhan Rameshwar, Pritam Chakraborty, Manan Bhardwaj, Ashim Kemson, Gurinder Seagal, Vishal Mishra, Shreyas Puranik, Jaani, Bhupinder Babbal",,"Love, Sad, Mass, Motivational, Funny, Devotional, Vocal, Instrumental, Remix, Dialogue, 8D Audio, Male, Female, Duet, Flute, Violin, Whistle, Keyboard, Guitar, Saxophone, Trumpet, Drums, Veena, Nadaswaram, Piano",0,2026-01-25T22:02:03.333276+00:00
aba421bd-73d7-448a-bef5-854ace146547,"Chinna chinna ",https://dfcvrisaejumfpjmalui.supabase.co/storage/v1/object/public/ringtone-files/chinna-chinna-mouna-raagam-vocal-1770982221852.mp3,https://image.tmdb.org/t/p/w342/oXy8bx56Fx53sxozHubeLLDItF7.jpg,"Mouna Raagam","Ilayaraja ","Ilaiyaraaja",,"Love, Vocal, Female",6,2026-02-13T11:30:28.211986+00:00
abca10db-1eb1-499f-bb1b-afdef9244c59,"Armadham",https://dfcvrisaejumfpjmalui.supabase.co/storage/v1/object/public/ringtone-files/armadham-armadham-aavesham-vocal-1771178017072.mp3,https://image.tmdb.org/t/p/w342/k5RWPaNjgRcNvGoawYaQHQwyctI.jpg,"Aavesham","Pranavam Sasi","Sushin Shyam",,"Mass, Vocal, Male",0,2026-02-15T17:53:47.081443+00:00
abddd741-5490-4e10-a84e-6ea74140d4cf,"Yelae vella  - All is Well",https://dfcvrisaejumfpjmalui.supabase.co/storage/v1/object/public/ringtone-files/yelae-vella-all-is-well-nanban-vocal-1770832500326.mp3,https://image.tmdb.org/t/p/w342/dmhPnvYQVtx4xS1dkA9trCpQXvY.jpg,"Nanban","Hemachandra","Harris Jayaraj",,"Motivational, Vocal, Male",0,2026-02-11T18:09:35.97945+00:00
ac22fd37-76f1-4952-a9bc-d0cdbc88528e,"Chellam ILY",https://dfcvrisaejumfpjmalui.supabase.co/storage/v1/object/public/ringtone-files/chellam-ily-chellam-ily-chellam-ily-vocal-1770961961466.mp3,https://is1-ssl.mzstatic.com/image/thumb/Music221/v4/82/c0/af/82c0afa0-bc6c-e0f4-422d-d4127d4f353c/196872960532.jpg/600x600bb.jpg,"Chellam ILY","Inno Genga","",,"Funny, Vocal, Male",0,2026-02-13T05:52:44.50108+00:00
ac7e8b48-7f0c-4d85-9bd7-9f9b56ea4da2,"Dream",https://dfcvrisaejumfpjmalui.supabase.co/storage/v1/object/public/ringtone-files/dream-dream-dream-vocal-1771056445780.mp3,https://is1-ssl.mzstatic.com/image/thumb/Music221/v4/88/f6/7f/88f67fd9-c010-e52a-d10e-f5781116b99a/196872937138.jpg/600x600bb.jpg,"Dream","James","",,"Mass, Vocal, Male",0,2026-02-14T08:07:31.265936+00:00
aca8b393-ac48-4834-8395-5609abaf2d6a,"Thooriga - Thooriga From ""Navarasa""",https://dfcvrisaejumfpjmalui.supabase.co/storage/v1/object/public/ringtone-files/thooriga-thooriga-from-navarasa-thooriga-from-navarasa-vocal-1770920871381.mp3,https://is1-ssl.mzstatic.com/image/thumb/Music125/v4/3d/6b/d1/3d6bd19e-b139-3d4a-e039-57af28bbec92/cover.jpg/600x600bb.jpg,"Thooriga From ""Navarasa""","Karthik","Karthik",,"Love, Vocal, Male",0,2026-02-12T18:28:08.86323+00:00
acc2a557-3f5d-4657-8e7f-55d94cf96e10,"Anbu gethu fight  - The First Faceoff",https://dfcvrisaejumfpjmalui.supabase.co/storage/v1/object/public/ringtone-files/anbu-gethu-fight-the-first-faceoff-lubber-pandhu-instrumental-1770984519455.mp3,https://image.tmdb.org/t/p/w342/jNyLZjIgaYVkBli2JihHwABlAPY.jpg,"Lubber Pandhu","Sean Roldan","Sean Roldan",,"Mass, Instrumental, Guitar",0,2026-02-13T12:08:42.74378+00:00
acfcdf35-146c-498e-ad8a-fbe640459e9d,"Stupid face ",https://dfcvrisaejumfpjmalui.supabase.co/storage/v1/object/public/ringtone-files/stupid-face-stupid-face-butterflies-vocal-1770867064687.mp3,https://is1-ssl.mzstatic.com/image/thumb/Music211/v4/59/97/68/599768cd-e5d1-a09f-740b-52322a22a48d/322646.jpg/600x600bb.jpg,"Butterflies","Abe Parker","Abe Parker",,"Funny, Vocal, Male",0,2026-02-12T03:31:14.911117+00:00
ad0c636b-d336-40e4-85d4-1dabb7f43723,"Kaikku Ettinadhu",https://dfcvrisaejumfpjmalui.supabase.co/storage/v1/object/public/ringtone-files/kaikku-ettinadhu-kaikku-ettinadhu-kaikku-ettinadhu-vocal-1770964428386.mp3,https://is1-ssl.mzstatic.com/image/thumb/Music116/v4/65/54/23/65542365-7ff8-c867-e6a3-1fa682994c2a/cover.jpg/600x600bb.jpg,"Kaikku Ettinadhu","Vijaynarain","Vijaynarain",,"Vocal, Male",0,2026-02-13T06:33:52.057245+00:00
ad582af2-9b19-42e2-a21d-13bbca376ae8,"Namaz-E-Ishq",https://dfcvrisaejumfpjmalui.supabase.co/storage/v1/object/public/ringtone-files/namaz-e-ishq-namaz-e-ishq-namaz-e-ishq-vocal-1771058957800.mp3,https://is1-ssl.mzstatic.com/image/thumb/Music221/v4/80/27/20/80272045-36e9-09d1-ceab-ee8fcfd37570/199538869026.jpg/600x600bb.jpg,"Namaz-E-Ishq","Shahid Ali Khan","",,"Vocal, Male",0,2026-02-14T08:49:22.792969+00:00
ad8354f7-9bdd-4f72-8fd9-ab646aebdabc,"Novala",https://dfcvrisaejumfpjmalui.supabase.co/storage/v1/object/public/ringtone-files/novala-novala-novala-vocal-1770961856254.mp3,https://is1-ssl.mzstatic.com/image/thumb/Music211/v4/42/b5/a6/42b5a610-2bcb-7cdb-8751-500be7b91e20/25UM2IM04029.rgb.jpg/600x600bb.jpg,"Novala","Santhosh Narayanan, Dabzee, Jayamoorthy","Santhosh Narayanan",,"Funny, Vocal, Male",0,2026-02-13T05:51:00.719992+00:00
ad85e28c-f87a-4be7-8765-61a7c860f2c0,"Thoothukudi Chinnaponnu",https://dfcvrisaejumfpjmalui.supabase.co/storage/v1/object/public/ringtone-files/thoothukudi-chinnaponnu-thoothukudi-chinnaponnu-thoothukudi-chinnaponnu-vocal-1770883274086.mp3,https://is1-ssl.mzstatic.com/image/thumb/Music221/v4/60/04/ba/6004ba62-15e1-4061-d8f4-7424aeaf0613/cover.jpg/600x600bb.jpg,"Thoothukudi Chinnaponnu","Samuel Nicholas, A.R.Rahman"," A.R.Rahman",,"Vocal, Male",0,2026-02-12T08:01:16.680253+00:00
ae6e0953-2bc2-4a3b-916b-74e889e0c802,"Jana Nayagan - BGM - first roar - BGM - Instrumental",https://dfcvrisaejumfpjmalui.supabase.co/storage/v1/object/public/ringtone-files/jana-nayagan-bgm-first-roar-bgm-instrumental-1767889460162.mp3,https://image.tmdb.org/t/p/w342/jt8pfSIdi47YpFMMWVRr8w5u2S0.jpg,"Jana Nayagan","","Anirudh Ravichander",,"Mass, BGM, Instrumental",2,2026-01-08T16:24:19.979604+00:00
aea06744-d3ea-4675-b6df-7e96f369573d,"Waqt Ke Jungle",https://dfcvrisaejumfpjmalui.supabase.co/storage/v1/object/public/ringtone-files/waqt-ke-jungle-waqt-ke-jungle-waqt-ke-jungle-vocal-1771015079578.mp3,https://is1-ssl.mzstatic.com/image/thumb/Music126/v4/c1/ef/f8/c1eff8e7-a303-2b8b-7f80-c40df8f0e500/197189173363.jpg/600x600bb.jpg,"Waqt Ke Jungle","Armaan Maalik","Armaan Maalik",,"Vocal, Male",0,2026-02-13T20:38:06.00102+00:00
aea800a4-2455-4685-9994-2e5c517ad2da,"Jil Jil",https://dfcvrisaejumfpjmalui.supabase.co/storage/v1/object/public/ringtone-files/jil-jil-jil-jil-jil-jil-vocal-1770890760090.mp3,https://is1-ssl.mzstatic.com/image/thumb/Music211/v4/19/ea/90/19ea90f1-98a6-f93b-afd2-4f5627a6ae35/cover.jpg/600x600bb.jpg,"Jil Jil","V2 Vijay Vicky, Anthony Daasan","V2 Vijay Vicky, Anthony Daasan",,"Vocal, Male",0,2026-02-12T10:06:03.938364+00:00
aebe809c-7976-4a13-8c59-a9853ecc1040,"Kanmani - Kammani",https://dfcvrisaejumfpjmalui.supabase.co/storage/v1/object/public/ringtone-files/kanmani-kammani-gunaa-instrumental-1771006713035.mp3,https://image.tmdb.org/t/p/w342/ifSabca6z8WY2MnGJ7S4vec6cWt.jpg,"Gunaa","Kamal Hasan & S. Janaki","Ilaiyaraaja",,"Love, Male, Instrumental, Flute",4,2026-02-13T18:18:39.252093+00:00
aed14078-07e2-4b73-80f6-4c7dd2c23238,"Cops and gangs",https://dfcvrisaejumfpjmalui.supabase.co/storage/v1/object/public/ringtone-files/cops-and-gangs-kaithi-instrumental-1771009704572.mp3,https://image.tmdb.org/t/p/w342/mxvOvom5zKRp4WPURKrhjoatt4P.jpg,"Kaithi","","Sam C S",,"Mass, Instrumental, Guitar",0,2026-02-13T19:08:33.906539+00:00
aee9d30e-eded-4c4d-ac71-993fb58ce31b,"gbu teaser bgm",https://dfcvrisaejumfpjmalui.supabase.co/storage/v1/object/public/ringtone-files/good-bad-ugly-teaser-theme-gbu-teaser-bgm-instrumental-1769341128446.mp3,https://image.tmdb.org/t/p/w342/8DbYYluzdiGDAZzsaP7DWGbwfLd.jpg,"Good Bad Ugly","G.V. Prakash Kumar","G. V. Prakash Kumar, G. V. Prakash Kumar",,"BGM, Instrumental, Mass",0,2026-01-25T11:39:03.991728+00:00
aeecd4a3-583c-41c3-b7f0-be7073b67fdd,"loosu pennae keyboard",https://dfcvrisaejumfpjmalui.supabase.co/storage/v1/object/public/ringtone-files/vallavan-loosu-pennae-loosu-pennae-keyboard-instrumental-1769343775894.mp3,https://image.tmdb.org/t/p/w342/6B8pIy9jtiDqweVonX7jdb8hjI3.jpg,"Vallavan","Yuvan Shankar Raja, STR & Blaze","Yuvan Shankar Raja",,"Keyboard, Instrumental, Love",4,2026-01-25T12:22:58.059766+00:00
af85e8d5-9968-4e3f-92b5-2cc1b11fd22d,"Neelothi sirai ",https://dfcvrisaejumfpjmalui.supabase.co/storage/v1/object/public/ringtone-files/neelothi-sirai-neelothi-sirai-vocal-1769983324506.mp3,https://image.tmdb.org/t/p/w342/mltVJD7mBayiw1BubwUL0cx6T1c.jpg,"Sirai","Sooraj Santhosh, Chinmayi Sripada, Justin Prabhakaran & Sarathi","",,"Love, Vocal, Duet",6,2026-02-01T22:02:15.839226+00:00
afcb1ed1-9ee7-47dc-a329-b2edacf6b827,"Dil Ne Tera Naam Liya Har Saans Ne Tera Naam Liya Ringtone ",https://dfcvrisaejumfpjmalui.supabase.co/storage/v1/object/public/ringtone-files/dhum-dhadaka-dil-ne-tera-naam-liya-har-saans-ne-tera-naam-liya-ringtone-1769421839017.mp3,https://image.tmdb.org/t/p/w342/onKRrBuyaPZ1GV4swFyNbn5Gag2.jpg,"Dhum Dhadaka","","",,"",0,2026-01-26T10:03:18.458253+00:00
b050e897-db52-4c8f-bf3e-fb3684d4e2ef,"Dance Intro - Kannukkul Kannai",https://dfcvrisaejumfpjmalui.supabase.co/storage/v1/object/public/ringtone-files/dance-intro-kannukkul-kannai-vinnaithaandi-varuvaayaa-instrumental-1770845678109.mp3,https://image.tmdb.org/t/p/w342/icWUNL2GxDgWmI5PQN2RYA2CEbv.jpg,"Vinnaithaandi Varuvaayaa","A.R. Rahman & Naresh Iyer","A.R. Rahman",,"Instrumental, Drums",0,2026-02-11T21:34:40.778044+00:00
b07722a4-d5d6-4cf8-95d1-6345191e5b70,"Aasa kooda - Aasa Kooda From ""Think Indie""",https://dfcvrisaejumfpjmalui.supabase.co/storage/v1/object/public/ringtone-files/aasa-kooda-aasa-kooda-from-think-indie-aasa-kooda-from-think-indie-vocal-1771038292388.mp3,https://is1-ssl.mzstatic.com/image/thumb/Music221/v4/39/42/ba/3942ba45-40bd-5d0a-d7ad-0595f1336f3f/cover.jpg/600x600bb.jpg,"Aasa Kooda From ""Think Indie""","Sai Abhyankkar & Sai Smriti","Sai Abhyankkar & Sai Smriti",,"Love, Vocal, Duet",0,2026-02-14T03:05:00.487975+00:00
b0ab2eea-8e4d-492a-a59d-db508051d190,"Catchy - Uplifting Inspiring Indie Pop",https://dfcvrisaejumfpjmalui.supabase.co/storage/v1/object/public/ringtone-files/catchy-uplifting-inspiring-indie-pop-catchy-uplifting-inspiring-indie-pop-catchy-uplifting-inspiring-indie-pop-instrumental-1771416997312.mp3,https://is1-ssl.mzstatic.com/image/thumb/Music112/v4/e0/7c/47/e07c4763-a066-5941-d3f1-0cc946c77255/886446319445.jpg/600x600bb.jpg,"Catchy - Uplifting Inspiring Indie Pop","","",,"Instrumental, Motivational, Drums, Keyboard, Guitar",0,2026-02-18T12:16:43.113507+00:00
b1448f38-2745-48f1-995c-a7969d12512b,"Cycle Varuthu Cycle",https://dfcvrisaejumfpjmalui.supabase.co/storage/v1/object/public/ringtone-files/cycle-varuthu-cycle-cycle-varuthu-cycle-neelavukku-neranja-manasu-vocal-1771051145496.mp3,https://images.unsplash.com/photo-1574267432644-f610a5e0d4c5?w=600,"Neelavukku Neranja Manasu","L.R.Easwari, Tri.Loganathan","",,"Vocal, Male",0,2026-02-14T06:39:10.479663+00:00
b183f02f-89fb-4a99-920e-b236d0eed409,"Barsaat",https://dfcvrisaejumfpjmalui.supabase.co/storage/v1/object/public/ringtone-files/barsaat-barsaat-barsaat-vocal-1771015490708.mp3,https://is1-ssl.mzstatic.com/image/thumb/Music115/v4/60/86/0a/60860ad2-6068-bd16-b59c-8a593aceb601/886444021074.jpg/600x600bb.jpg,"Barsaat","Armaan Malik","Armaan Malik",,"Vocal, Male",0,2026-02-13T20:44:55.957241+00:00
b26ab7f6-1d36-4972-abe1-ec371d9db347,"Bathukamma",https://dfcvrisaejumfpjmalui.supabase.co/storage/v1/object/public/ringtone-files/bathukamma-bathukamma-kisi-ka-bhai-kisi-ki-jaan-vocal-1771179133035.mp3,https://image.tmdb.org/t/p/w342/yJ2JqgfWniQLnXPM5WkM7f1rqaY.jpg,"Kisi Ka Bhai... Kisi Ki Jaan","Santhosh Venky, Airaa Udupi, Harini Ivaturi, Suchetha Basrur & Vijayalaxmi Mettinahole","Devi Sri Prasad, Amaal Mallik, Payal Dev, Sajid Ali Khan, Ravi Basrur, Himesh Reshammiya, Sukhbir",,"Vocal, Male",0,2026-02-15T18:12:21.372476+00:00
b2d98310-6c09-4b72-9c88-0b652444422d,"Nepolian - Nepolian Theme",https://dfcvrisaejumfpjmalui.supabase.co/storage/v1/object/public/ringtone-files/nepolian-nepolian-theme-kaithi-1771009813943.mp3,https://image.tmdb.org/t/p/w342/mxvOvom5zKRp4WPURKrhjoatt4P.jpg,"Kaithi","Sam C S","Sam C S",,"Mass, Intro",0,2026-02-13T19:10:20.164546+00:00
b30a7974-eb41-425e-8907-3e37153076fa,"Akhiyaan De Kol",https://dfcvrisaejumfpjmalui.supabase.co/storage/v1/object/public/ringtone-files/akhiyaan-de-kol-akhiyaan-de-kol-do-patti-vocal-1771168075457.mp3,https://image.tmdb.org/t/p/w342/wbXSE68cDwqUPsHJcpdu7I5kSLK.jpg,"Do Patti","Tanishk Bagchi, Shilpa Rao, Kausar Munir","Anurag Saikia, Sachet Tandon, Parampara Thakur",,"Vocal, Female",0,2026-02-15T15:08:01.29426+00:00
b31df1bf-dce7-4e21-8271-4b6f1dfaa855,"Into your arms - Into Your Arms feat. Ava Max",https://dfcvrisaejumfpjmalui.supabase.co/storage/v1/object/public/ringtone-files/into-your-arms-into-your-arms-feat-ava-max-into-your-arms-feat-ava-max-instrumental-1770830371987.mp3,https://is1-ssl.mzstatic.com/image/thumb/Music115/v4/b6/b9/21/b6b921bd-5941-19b6-d640-33960d95dc1f/075679872302.jpg/600x600bb.jpg,"Into Your Arms feat. Ava Max","Witt Lowry","Witt Lowry",,"Mass, Instrumental, Guitar",0,2026-02-11T17:19:37.913085+00:00
b3283ad0-222f-4fc0-a870-4d46a854f031,"Nammaaley",https://dfcvrisaejumfpjmalui.supabase.co/storage/v1/object/public/ringtone-files/nammaaley-nammaaley-nammaaley-vocal-1770882318662.mp3,https://is1-ssl.mzstatic.com/image/thumb/Music221/v4/7f/2e/ca/7f2eca2d-1f0f-facd-d750-525411f20b79/24UMGIM77283.rgb.jpg/600x600bb.jpg,"Nammaaley","Girishh G, Asal Kolaar, Yanchan Produced","Girishh G",,"Vocal, Male",0,2026-02-12T07:45:21.967185+00:00
b3850017-d3ef-4235-b667-e6edbdd8559e,"En Aasai - Ratnamala",https://dfcvrisaejumfpjmalui.supabase.co/storage/v1/object/public/ringtone-files/en-aasai-ratnamala-parasakthi-vocal-1771048789952.mp3,https://image.tmdb.org/t/p/w342/cpKJGYU8Z1iSXzkgDl8vhazk5EQ.jpg,"Parasakthi","G.V. Prakash Kumar & Jayashree Mathimaran","G. V. Prakash Kumar",,"Love, Vocal, Male",0,2026-02-14T05:59:54.441758+00:00
b38bc7fb-01dc-4260-b088-faaaee14359a,"Ennai thedi",https://dfcvrisaejumfpjmalui.supabase.co/storage/v1/object/public/ringtone-files/ennai-thedi-ennai-thedi-kasdhalika-neramillai-vocal-1771006372785.mp3,https://images.unsplash.com/photo-1574267432644-f610a5e0d4c5?w=600,"Kasdhalika neramillai","Vijay Antony ","",,"Love, Vocal, Female",0,2026-02-13T18:12:58.516526+00:00
b38f371e-6d0f-4fdf-bb25-215652a31b22,"hukkum jailer mass bgm",https://dfcvrisaejumfpjmalui.supabase.co/storage/v1/object/public/ringtone-files/jailer-hukum-thalaivar-alappara-hukkum-jailer-mass-bgm-instrumental-vocal-1769341707301.mp3,https://image.tmdb.org/t/p/w342/pTmMxAHqX4vsIDE6HPPxOR0Q6TN.jpg,"Jailer","Anirudh Ravichander & Super Subu","Anirudh Ravichander",,"Mass, BGM, Instrumental, Vocal, Male",3,2026-01-25T11:48:43.335456+00:00
b390916e-da86-4cc2-aec7-8dbff6d3281e,"Chadachu Mujphe Surur Hai - Dilbar/Ishare Tere/Tere Te",https://dfcvrisaejumfpjmalui.supabase.co/storage/v1/object/public/ringtone-files/chadachu-mujphe-surur-hai-dilbar-ishare-tere-tere-te-t-series-mixtape-season-2-vocal-1771046932658.mp3,https://is1-ssl.mzstatic.com/image/thumb/Music125/v4/5e/67/fb/5e67fb8b-91b5-98e0-3998-854d039370d9/8903431715616_cover.jpg/600x600bb.jpg,"T-SERIES MIXTAPE SEASON 2","Neha Kakkar Guru Randhawa ","",,"Vocal, Love, Duet",0,2026-02-14T05:28:56.197108+00:00
b3bd520d-7d1b-4442-83cf-0802143b70ef,"Oru Naal - Chinna Paiyan",https://dfcvrisaejumfpjmalui.supabase.co/storage/v1/object/public/ringtone-files/oru-naal-chinna-paiyan-chinna-paiyan-vocal-1770879375751.mp3,https://is1-ssl.mzstatic.com/image/thumb/Music113/v4/91/ef/37/91ef371d-8293-bea0-52b1-ce054a581949/886443580091.jpg/600x600bb.jpg,"Chinna Paiyan","Hiphop Tamizha, Vaisagh","HipHop Tamizha Adhi",,"Motivational, Vocal, Male",0,2026-02-12T06:56:20.3917+00:00
b4062fff-a54f-47bf-81e6-efee4a7104f0,"Azhagiya  - Azhagiya Laila",https://dfcvrisaejumfpjmalui.supabase.co/storage/v1/object/public/ringtone-files/azhagiya-azhagiya-laila-ullathai-allitha-vocal-1771177800544.mp3,https://image.tmdb.org/t/p/w342/zwSeljBqowO9PqjMb7KyyWUmGub.jpg,"Ullathai Allitha","Sirpy, Pazhani Bharathi & Mano","Sirpi",,"Mass, Vocal, Male",1,2026-02-15T17:50:31.195449+00:00
b463ece7-b279-4228-bcad-401b0c7860f7,"Strawberries & Cigarettes",https://dfcvrisaejumfpjmalui.supabase.co/storage/v1/object/public/ringtone-files/strawberries-cigarettes-strawberries-cigarettes-strawberries-cigarettes-vocal-1770866948999.mp3,https://is1-ssl.mzstatic.com/image/thumb/Music124/v4/04/1a/ba/041aba05-d572-9d95-47d5-4ef8851ff38d/19UMGIM15690.rgb.jpg/600x600bb.jpg,"Strawberries & Cigarettes","Troye Sivan","Troye Sivan",,"Funny, Vocal, Female",0,2026-02-12T03:29:17.622619+00:00
b4696650-f0e3-43d0-8be6-0a842df6779e,"Die for you",https://dfcvrisaejumfpjmalui.supabase.co/storage/v1/object/public/ringtone-files/die-for-you-die-for-you-starboy-vocal-1770827824031.mp3,https://is1-ssl.mzstatic.com/image/thumb/Music115/v4/b5/92/bb/b592bb72-52e3-e756-9b26-9f56d08f47ab/16UMGIM67864.rgb.jpg/600x600bb.jpg,"Starboy","The Weeknd","The Weeknd",,"Love, Vocal, Female",0,2026-02-11T16:37:09.583721+00:00
b4795424-a0df-4034-ab91-ce3a6d1c3b43,"Make Me Go Wild",https://dfcvrisaejumfpjmalui.supabase.co/storage/v1/object/public/ringtone-files/make-me-go-wild-make-me-go-wild-make-me-go-wild-vocal-1770890515458.mp3,https://is1-ssl.mzstatic.com/image/thumb/Music221/v4/f2/9b/44/f29b44c3-b5f8-a247-2ce5-3bbc83487519/24UMGIM94138.rgb.jpg/600x600bb.jpg,"Make Me Go Wild","Hiphop Tamizha, Rajan Chelliah","",,"Love, Vocal, Male",0,2026-02-12T10:01:59.520122+00:00
b486663f-49aa-4548-8e46-e048d90c097a,"jailer jujubee flute bgm",https://dfcvrisaejumfpjmalui.supabase.co/storage/v1/object/public/ringtone-files/jailer-jujubee-jailer-jujubee-flute-bgm-instrumental-1769341861852.mp3,https://image.tmdb.org/t/p/w342/pTmMxAHqX4vsIDE6HPPxOR0Q6TN.jpg,"Jailer","Anirudh Ravichander, Dhee, Anantha Krishnan & Super Subu","Anirudh Ravichander",,"Flute, Instrumental, BGM",1,2026-01-25T11:51:17.433822+00:00
b49b95d3-6298-40ef-952d-5361841c3ac5,"Break up",https://dfcvrisaejumfpjmalui.supabase.co/storage/v1/object/public/ringtone-files/break-up-ayan-instrumental-1771237751704.mp3,https://image.tmdb.org/t/p/w342/49UwEe5U1GuRC6W7difviwCgde2.jpg,"Ayan","","Harris Jayaraj",,"Sad, Instrumental, Violin",0,2026-02-16T10:32:11.456994+00:00
b5e2a41c-d370-4c57-ad89-1a4c91d0560f,"Poikkaari",https://dfcvrisaejumfpjmalui.supabase.co/storage/v1/object/public/ringtone-files/poikkaari-poikkaari-poikkaari-vocal-1770974940052.mp3,https://is1-ssl.mzstatic.com/image/thumb/Music221/v4/69/47/55/69475598-2b32-ebf1-c06a-cc14394dcef7/198704430862_Cover.jpg/600x600bb.jpg,"Poikkaari","Anthony Daasan, KSR","Anthony Daasan, KSR",,"Vocal, Male, Funny",0,2026-02-13T09:29:04.912756+00:00
b5f02171-5337-4e7e-853b-c2d49734d50a,"Flute - Snehidhane, Pt. 1",https://dfcvrisaejumfpjmalui.supabase.co/storage/v1/object/public/ringtone-files/flute-snehidhane-pt-1-alaipayuthey-instrumental-1770843788196.mp3,https://image.tmdb.org/t/p/w342/rnN492zNPK5zvXvDQILm0KRLwD4.jpg,"Alaipayuthey","Sadhana Sargam & Srinivas","A.R. Rahman",,"Flute, Instrumental, Love",1,2026-02-11T21:03:10.987973+00:00
b5fe9039-7196-4c7c-b683-32966b89f987,"aagaasam - Cheenikkallu",https://dfcvrisaejumfpjmalui.supabase.co/storage/v1/object/public/ringtone-files/aagaasam-cheenikkallu-bison-vocal-1770835062396.mp3,https://image.tmdb.org/t/p/w342/dIYUWlycbbxSt2tIkYQeQG9OTCg.jpg,"Bison","Chinmayi Sripada and Vijay Yesudas","Nivas K Prasanna",,"Motivational, Vocal, Duet",0,2026-02-11T18:52:17.21438+00:00
b618207a-8bdd-4c81-b7fd-0f71e1d66712,"Darkhaast-Aankhon Mein Teri",https://dfcvrisaejumfpjmalui.supabase.co/storage/v1/object/public/ringtone-files/darkhaast-aankhon-mein-teri-darkhaast-aankhon-mein-teri-darkhaast-aankhon-mein-teri-vocal-1771335671012.mp3,https://is1-ssl.mzstatic.com/image/thumb/Music125/v4/5e/67/fb/5e67fb8b-91b5-98e0-3998-854d039370d9/8903431715616_cover.jpg/600x600bb.jpg,"Darkhaast-Aankhon Mein Teri","Sukriti Kakar, Armaan Malik","",,"Love, Vocal, Duet",0,2026-02-17T13:41:16.480073+00:00
b65c3aa4-0a51-4244-a773-e3e1d5596116,"Dance monkey ",https://dfcvrisaejumfpjmalui.supabase.co/storage/v1/object/public/ringtone-files/dance-monkey-dance-monkey-dance-monkey-instrumental-1770486252137.mp3,https://is1-ssl.mzstatic.com/image/thumb/Music125/v4/d2/3a/b8/d23ab839-660d-ef93-2ccb-d0825fc3e8f5/075679838872.jpg/600x600bb.jpg,"Dance Monkey","Tones And I","Tones And I",,"Mass, Instrumental, Harmonica",0,2026-02-07T17:44:24.273742+00:00
b6b542cf-560a-4b36-adf9-e946650d6690,"Nee Paartha Vizhigal (The Touch of Love) - Music",https://dfcvrisaejumfpjmalui.supabase.co/storage/v1/object/public/ringtone-files/3-nee-paartha-vizhigal-the-touch-of-love-music-1765408742208.mp3,https://image.tmdb.org/t/p/w500/ccHYoV76o9ZFSnPUr0yPSab0oma.jpg,"3","Vijay Yesudas & Swetha Mohan","Anirudh Ravichander",,"Love, Instrumental",34,2025-12-10T23:19:06.436656+00:00
b6d3495c-e525-4882-b1ca-ee9f417c1bd8,"Usura Oruthi",https://dfcvrisaejumfpjmalui.supabase.co/storage/v1/object/public/ringtone-files/usura-oruthi-usura-oruthi-usura-oruthi-vocal-1770973769485.mp3,https://is1-ssl.mzstatic.com/image/thumb/Music221/v4/b6/f7/40/b6f7404c-52a9-e2de-fe07-6f2401bd444e/199066888148.jpg/600x600bb.jpg,"Usura Oruthi","Sam Bilgates, Naresh Iyer","Sam Bilgates",,"Vocal, Male, Love",0,2026-02-13T09:09:34.468162+00:00
b6e8215c-08c3-49b4-af8a-509e7992b94b,"Kaala (Tamil) Teaser Theme - Mass",https://dfcvrisaejumfpjmalui.supabase.co/storage/v1/object/public/ringtone-files/kaala-kaala-tamil-teaser-theme-mass-1765564737413.mp3,https://image.tmdb.org/t/p/w500/xVAZZN4Av3e6YxwLgUWTYDNtta1.jpg,"Kaala","Yogi B","Santhosh Narayanan",,"Mass, BGM, Instrumental",5,2025-12-12T18:39:03.190448+00:00
b75e9533-ef7a-489a-9cb0-d23faad0ab6a,"Ik Baat Kahoon",https://dfcvrisaejumfpjmalui.supabase.co/storage/v1/object/public/ringtone-files/ik-baat-kahoon-ik-baat-kahoon-the-sabarmati-report-vocal-1771168199953.mp3,https://image.tmdb.org/t/p/w342/ahOWjoqGkpxpmJVPmEBkSyvLPfi.jpg,"The Sabarmati Report","Arko","Kartik Kush, Akhil Sachdeva, Anu Malik, Arko",,"Love, Vocal, Male",0,2026-02-15T15:10:06.733537+00:00
b7a45808-738e-44fc-9e8a-b6bd8f6dd6b3,"Chillanjirukkiye",https://dfcvrisaejumfpjmalui.supabase.co/storage/v1/object/public/ringtone-files/chillanjirukkiye-chillanjirukkiye-lubber-pandhu-vocal-1770984705378.mp3,https://image.tmdb.org/t/p/w342/jNyLZjIgaYVkBli2JihHwABlAPY.jpg,"Lubber Pandhu","Sean Roldan, Pradeep Kumar & K. Sivaangi","Sean Roldan",,"Love, Vocal, Duet",3,2026-02-13T12:11:49.532101+00:00
b7c7c628-ed3d-47d3-9a74-97af39cae5e6,"Urudhi",https://dfcvrisaejumfpjmalui.supabase.co/storage/v1/object/public/ringtone-files/urudhi-urudhi-urudhi-vocal-1770973001059.mp3,https://is1-ssl.mzstatic.com/image/thumb/Music116/v4/0e/57/16/0e571694-c653-09f1-cad2-1b67eae4d684/23UMGIM58348.rgb.jpg/600x600bb.jpg,"Urudhi","Sanjay Subrahmanyan, Arifullah Shah Rafaee","Sean Roldan",,"Vocal, Male",0,2026-02-13T08:56:45.644626+00:00
b819b1d2-6475-4f07-9a84-d6bdd24998e6,"Female - Kaathalae Kaathalae",https://dfcvrisaejumfpjmalui.supabase.co/storage/v1/object/public/ringtone-files/female-kaathalae-kaathalae-96-vocal-1770844627337.mp3,https://image.tmdb.org/t/p/w342/nrVloCa2hCFOztRF1DZU2jnWIiQ.jpg,"96","Govind Vasantha & Chinmayi Sripada","Govindh Vasantha",,"Love, Vocal, Female",0,2026-02-11T21:17:09.690628+00:00
b86a2f61-234d-41ad-a87f-ee056ec200eb,"Jana Nayagan - Chella Magale - en kai kulla malarnthavale - Vocal",https://dfcvrisaejumfpjmalui.supabase.co/storage/v1/object/public/ringtone-files/jana-nayagan-chella-magale-en-kai-kulla-malarnthavale-vocal-1769094935498.mp3,https://image.tmdb.org/t/p/w342/jt8pfSIdi47YpFMMWVRr8w5u2S0.jpg,"Jana Nayagan","Anirudh Ravichander, Thalapathy Vijay & Vivek","Anirudh Ravichander",,"Mass, Vocal, Male",0,2026-01-22T15:15:38.405545+00:00
b86f0ab8-9947-4260-a2c4-e24b8c4930fb,"Aasamy",https://dfcvrisaejumfpjmalui.supabase.co/storage/v1/object/public/ringtone-files/aasamy-aasamy-aasamy-vocal-1771012758422.mp3,https://is1-ssl.mzstatic.com/image/thumb/Music221/v4/7c/f0/97/7cf097f4-34f3-8e50-5ebc-c4132326171c/24UM1IM27424.rgb.jpg/600x600bb.jpg,"Aasamy"," Aasamy, Urban Thozha"," Aasamy, Urban Thozha",,"Vocal, Male",0,2026-02-13T19:59:21.284533+00:00
b8a3db82-6bd0-4cc2-a9af-6e51f6ecb6fd,"Shiva thandav",https://dfcvrisaejumfpjmalui.supabase.co/storage/v1/object/public/ringtone-files/shiva-thandav-siva-instrumental-1770918368378.mp3,https://dfcvrisaejumfpjmalui.supabase.co/storage/v1/object/public/deities/auto_siva.png,"Siva","","",,"Devotional, Male, Instrumental, Guitar",0,2026-02-12T17:46:19.602701+00:00
b8fcba32-1da8-4e81-9364-27c030babc31,"Yengureney",https://dfcvrisaejumfpjmalui.supabase.co/storage/v1/object/public/ringtone-files/yengureney-yengureney-yengureney-vocal-1770974834490.mp3,https://is1-ssl.mzstatic.com/image/thumb/Music221/v4/06/9e/c4/069ec43a-be07-8589-15e6-32257d1c3ff9/cover.jpg/600x600bb.jpg,"Yengureney","Srinisha Jayaseelan, Sam Vishal","Sam Vishal",,"Vocal, Male",0,2026-02-13T09:27:18.770753+00:00
b94a512c-5611-4d2b-ae8b-a52834a3eccc,"Everyday normal guy - Everyday Normal Guy 2 House Remix",https://dfcvrisaejumfpjmalui.supabase.co/storage/v1/object/public/ringtone-files/everyday-normal-guy-everyday-normal-guy-2-house-remix-everyday-normal-guy-2-house-remix-vocal-1770829513432.mp3,https://is1-ssl.mzstatic.com/image/thumb/Music211/v4/af/7c/2c/af7c2cdf-8947-5d16-b64c-25ec3b354f11/artwork.jpg/600x600bb.jpg,"Everyday Normal Guy 2 House Remix","MachiChunky & Ales","MachiChunky & Ales",,"Mass, Vocal, Male",0,2026-02-11T17:05:20.625417+00:00
b96ce6c3-7b8c-4955-b036-8e7308f1f477,"Sigma bgm",https://dfcvrisaejumfpjmalui.supabase.co/storage/v1/object/public/ringtone-files/sigma-bgm-sigma-bgm-sigama-bgm-instrumental-1771400960499.mp3,https://is1-ssl.mzstatic.com/image/thumb/Music124/v4/5b/f5/b1/5bf5b1ec-d8e6-e800-6740-67654cb88bf8/00050087311827.rgb.jpg/600x600bb.jpg,"Sigama bgm","","",,"BGM, Instrumental, Keyboard, Guitar",0,2026-02-18T07:53:02.243785+00:00
b970fab2-8501-4511-aed3-ee1c0438a178,"Ghar Kab Aaoge - Diljit Dosanjh - Border 2",https://dfcvrisaejumfpjmalui.supabase.co/storage/v1/object/public/ringtone-files/border-2-main-wapas-aaunga-main-wapas-aaunga-ghar-kab-aaoge-diljit-dosanjh-border-2-1769414977867.mp3,https://image.tmdb.org/t/p/w342/hju9XncHxUxUS1GAJ4YqpdFCa5t.jpg,"Border 2","","John Stewart Eduri",,"",0,2026-01-26T08:09:41.803157+00:00
b9a17151-e7e8-4461-85ca-f3c930a37272,"Amma amma - Amma Sentiment",https://dfcvrisaejumfpjmalui.supabase.co/storage/v1/object/public/ringtone-files/amma-amma-amma-sentiment-velaiyilla-pattathari-vocal-1771007988192.mp3,https://image.tmdb.org/t/p/w342/fQ8JzXRf68xlzyquLn7TEe3S2Nh.jpg,"Velaiyilla Pattathari","Anirudh Ravichander","Anirudh Ravichander",,"Sad, Vocal, Duet",0,2026-02-13T18:39:52.878327+00:00
ba7919a3-572b-4073-a3c3-27cbd4aee2f0,"God Mode",https://dfcvrisaejumfpjmalui.supabase.co/storage/v1/object/public/ringtone-files/god-mode-god-mode-karuppu-vocal-1771052077193.mp3,https://is1-ssl.mzstatic.com/image/thumb/Music221/v4/ca/af/6b/caaf6be8-425c-acf5-b3e0-c4f097e2432d/cover.jpg/600x600bb.jpg,"Karuppu","Sai Abhyankkar, Gana Muthu","",,"Mass, Vocal, Male",0,2026-02-14T06:54:41.739306+00:00
ba91fc54-efbb-4b69-a976-861c47eba71b,"A man without love ",https://dfcvrisaejumfpjmalui.supabase.co/storage/v1/object/public/ringtone-files/a-man-without-love-a-man-without-love-classics-and-collectibles-engelbert-humperdinck-vocal-1770828694275.mp3,https://is1-ssl.mzstatic.com/image/thumb/Music124/v4/09/f8/67/09f86726-d433-7ac2-a8ad-b04528f69310/00602498497326.rgb.jpg/600x600bb.jpg,"Classics and Collectibles: Engelbert Humperdinck","Engelbert Humperdinck","Engelbert Humperdinck",,"Love, Vocal, Male",0,2026-02-11T16:51:48.726356+00:00
bb3d769d-e617-4b0b-9707-8c5c4ef64ff8,"Train fight ",https://dfcvrisaejumfpjmalui.supabase.co/storage/v1/object/public/ringtone-files/train-fight-master-bgm-instrumental-1770915516713.mp3,https://image.tmdb.org/t/p/w342/82H644oNrbxOlclJqa033HOgcVR.jpg,"Master","Anirudh ","A",,"BGM, Instrumental, Guitar",0,2026-02-12T16:58:42.732602+00:00
bb853fb1-21a6-414c-bd8e-a4a4264d58a0,"Raavana Mavandaa",https://dfcvrisaejumfpjmalui.supabase.co/storage/v1/object/public/ringtone-files/raavana-mavandaa-raavana-mavandaa-jana-nayagan-vocal-1771048595589.mp3,https://image.tmdb.org/t/p/w342/jt8pfSIdi47YpFMMWVRr8w5u2S0.jpg,"Jana Nayagan","Anirudh Ravichander & Vivek","Anirudh Ravichander",,"Mass, Vocal, Male",2,2026-02-14T05:56:39.136381+00:00
bbc693b1-0425-4c14-8c30-c58784ac5808,"Channa Tu Bemisal",https://dfcvrisaejumfpjmalui.supabase.co/storage/v1/object/public/ringtone-files/channa-tu-bemisal-channa-tu-bemisal-mere-husband-ki-biwi-vocal-1771158414346.mp3,https://image.tmdb.org/t/p/w342/fQMBYG4JOD6WN8QzViPYqxuIsru.jpg,"Mere Husband Ki Biwi","Jubin Nautiyal, Bhoomi Trivedi, Tanishk Bagchi","John Stewart Eduri, Dr. Zeus, Akshay, IP Singh, Vishal Mishra, Sohail Sen, Tanishk Bagchi",,"Vocal, Male, Love",0,2026-02-15T12:26:58.518351+00:00
bbda1f67-e95c-4d07-b6eb-2314202fcfeb,"Sithira Puthiri ",https://dfcvrisaejumfpjmalui.supabase.co/storage/v1/object/public/ringtone-files/sithira-puthiri-sithira-puthiri-sithira-puthiri-vocal-1771052235787.mp3,https://is1-ssl.mzstatic.com/image/thumb/Music221/v4/c1/aa/dc/c1aadcff-783a-3809-057d-11ff93ddae53/cover.jpg/600x600bb.jpg,"Sithira Puthiri ","Sai Abhyankkar, Vivek","Sai Abhyankkar",,"Vocal, Male",0,2026-02-14T06:57:19.559672+00:00
bc87cc46-70e4-4443-bd0e-f52e2301ea89,"Konja naal",https://dfcvrisaejumfpjmalui.supabase.co/storage/v1/object/public/ringtone-files/konja-naal-konja-naal-aasai-vocal-1771007115765.mp3,https://image.tmdb.org/t/p/w342/baIB9Ufp9xsn8Op6mWt47XMw9vh.jpg,"Aasai","Hariharan & Chandralekha Annupamma","Deva",,"Love, Vocal, Male",1,2026-02-13T18:25:21.921767+00:00
bcb657c1-4dab-4485-aa8d-db6d881ec1b6,"Humming - Neethanae",https://dfcvrisaejumfpjmalui.supabase.co/storage/v1/object/public/ringtone-files/humming-neethanae-mersal-1770827967547.mp3,https://image.tmdb.org/t/p/w342/65Q1wpRPZ5E3UVUv2V5JBbJQCcj.jpg,"Mersal","A.R. Rahman & Shreya Ghoshal","A.R. Rahman",,"Humming, Love",2,2026-02-11T16:54:02.191821+00:00
bcb97823-9dcb-4b3c-9068-d851b9477629,"Male  - Saayndhu Saayndhu",https://dfcvrisaejumfpjmalui.supabase.co/storage/v1/object/public/ringtone-files/male-saayndhu-saayndhu-neethaane-en-ponvasantham-vocal-1770846213438.mp3,https://image.tmdb.org/t/p/w342/w8iOOYjUioL4zSFmnQl9BuYGePC.jpg,"Neethaane En Ponvasantham","Ramya NSK, Ilaiyaraaja & Yuvan Shankar Raja","Ilaiyaraaja",,"Love, Vocal, Male",0,2026-02-11T21:43:36.354236+00:00
bce6b416-3060-4d8e-ab6a-db6e464a1873,"Inspiring Acoustic Indie Folk",https://dfcvrisaejumfpjmalui.supabase.co/storage/v1/object/public/ringtone-files/inspiring-acoustic-indie-folk-inspiring-acoustic-indie-folk-inspiring-acoustic-indie-folk-bgm-instrumental-1771399859214.mp3,https://is1-ssl.mzstatic.com/image/thumb/Music116/v4/69/ce/6a/69ce6a06-a402-6e9c-604f-36f3c67799e7/859779912249_cover.jpg/600x600bb.jpg,"Inspiring Acoustic Indie Folk","","",,"BGM, Instrumental, Guitar, Keyboard, Piano",0,2026-02-18T07:31:03.580952+00:00
bcf2aeb0-0156-4aef-97bd-9e1b01988960,"Come & get my love - Come & Get My Love Radio Edit",https://dfcvrisaejumfpjmalui.supabase.co/storage/v1/object/public/ringtone-files/come-get-my-love-come-get-my-love-radio-edit-dance-hits-romanian-style-vocal-1770826858045.mp3,https://is1-ssl.mzstatic.com/image/thumb/Music/v4/76/d5/95/76d5953b-0d1d-dbe4-ff9d-3e703e486999/cover.jpg/600x600bb.jpg,"Dance Hits Romanian Style","Reea","Reea",,"Love, Vocal, Female",0,2026-02-11T16:21:03.304774+00:00
bd5540b8-0359-494a-b8a3-5bf081c75a60,"Mundhinam (Instrumental)",https://dfcvrisaejumfpjmalui.supabase.co/storage/v1/object/public/ringtone-files/mundhinam-instrumental-vaaranam-aayiram-ringtone-1764900077844.mp3,https://image.tmdb.org/t/p/w500/3PxkiDTObsws7pzkdUiHCjOxVA4.jpg,"Vaaranam Aayiram","Shyam Benjamin & Harris Jayaraj","Harris Jayaraj",,"Love, Instrumental, Guitar",25,2025-12-05T02:01:18.224691+00:00
bd630663-cbf2-45c2-bfcf-ddccfeae7492,"Yamuna Approaches",https://dfcvrisaejumfpjmalui.supabase.co/storage/v1/object/public/ringtone-files/yamuna-approaches-ayan-instrumental-1771237298697.mp3,https://image.tmdb.org/t/p/w342/49UwEe5U1GuRC6W7difviwCgde2.jpg,"Ayan","","Harris Jayaraj",,"Love, Instrumental, Violin",0,2026-02-16T10:24:36.99361+00:00
bd693ee7-e3c6-4d19-a293-ca40f3cf0a6e,"Pyar Karke Na Tod Nibhana",https://dfcvrisaejumfpjmalui.supabase.co/storage/v1/object/public/ringtone-files/pyar-karke-na-tod-nibhana-pyar-karke-na-tod-nibhana-pyar-karke-na-tod-nibhana-vocal-1771058182353.mp3,https://is1-ssl.mzstatic.com/image/thumb/Music221/v4/fb/fa/22/fbfa22bc-20ef-e560-1ca0-e04c5bfa3547/199538868456.jpg/600x600bb.jpg,"Pyar Karke Na Tod Nibhana","	Shahid Ali Khan","",,"Vocal, Male",0,2026-02-14T08:36:26.021952+00:00
be30c8b2-4a24-4815-9ab3-4f4d429075ef,"Kali Ainak",https://dfcvrisaejumfpjmalui.supabase.co/storage/v1/object/public/ringtone-files/kali-ainak-kali-ainak-son-of-sardaar-2-vocal-1771148610986.mp3,https://image.tmdb.org/t/p/w342/k47tmhqiUsmD6UoyoimHVQAjHx9.jpg,"Son of Sardaar 2","Lijo George-Dj Chetas, Romy, Lijo George","Amar Mohile, Salil Amrute, Jaani, Harsh Upadhyay, Sunny Vik",,"Vocal, Male",0,2026-02-15T09:43:34.587236+00:00
be3e481d-f44f-4646-8596-9d46d2a8100c,"Jamoore",https://dfcvrisaejumfpjmalui.supabase.co/storage/v1/object/public/ringtone-files/jamoore-jamoore-chandu-champion-vocal-1771169029807.mp3,https://image.tmdb.org/t/p/w342/AprEYzaWgMuSQtJXMxz1P5Z3e3P.jpg,"Chandu Champion","Pritam, Amitabh Bhattacharya, Mame Khan & Kailash Waghmare","Pritam Chakraborty, Julius Packiam",,"Mass, Vocal, Male",0,2026-02-15T15:23:55.885555+00:00
be4bc3ea-94e9-48fd-8f17-7972d1011063,"Akhiyon Se Khoon Barsa",https://dfcvrisaejumfpjmalui.supabase.co/storage/v1/object/public/ringtone-files/akhiyon-se-khoon-barsa-akhiyon-se-khoon-barsa-akhiyon-se-khoon-barsa-vocal-1771058270124.mp3,https://is1-ssl.mzstatic.com/image/thumb/Music211/v4/a6/db/ef/a6dbef98-1615-3d92-8678-c289eddc01f8/199538869149.jpg/600x600bb.jpg,"Akhiyon Se Khoon Barsa","	Shahid Ali Khan","",,"Vocal, Male",0,2026-02-14T08:37:54.59378+00:00
be6c21a8-656f-4f8a-adcd-96e683b45b31,"Mathew Theme Ringtone ",https://dfcvrisaejumfpjmalui.supabase.co/storage/v1/object/public/ringtone-files/jailer-mathew-theme-mathew-theme-ringtone-bgm-instrumental-vocal-dialogue-remix-humming-8d-audio-1769379340121.mp3,https://image.tmdb.org/t/p/w342/pTmMxAHqX4vsIDE6HPPxOR0Q6TN.jpg,"Jailer","Anirudh Ravichander","Anirudh Ravichander",,"BGM, Instrumental, Sad, Mass, Motivational, Funny, Devotional, Love, Vocal, Dialogue, Remix, Humming, 8D Audio, Male, Female, Duet, Flute, Violin, Guitar, Piano, Trumpet, Saxophone, Whistle, Drums, Keyboard, Veena, Nadaswaram",3,2026-01-25T22:15:44.776056+00:00
becca0b1-e8e6-4a0b-aaf9-a90820c660a2,"Mere Maula",https://dfcvrisaejumfpjmalui.supabase.co/storage/v1/object/public/ringtone-files/mere-maula-lost-vocal-1771176440052.mp3,https://image.tmdb.org/t/p/w342/fQWjCBfKqGJXnK7AzAC3BvZPXvD.jpg,"LOST","Raja Hassan, Swanand Kirkire","Shantanu Moitra",,"Vocal, Duet",0,2026-02-15T17:27:26.666344+00:00
becd8350-0dd5-4327-a80a-29a5662acb68,"Amudha waiting ",https://dfcvrisaejumfpjmalui.supabase.co/storage/v1/object/public/ringtone-files/amudha-waiting-kaithi-instrumental-1771009643820.mp3,https://image.tmdb.org/t/p/w342/mxvOvom5zKRp4WPURKrhjoatt4P.jpg,"Kaithi","","Sam C S",,"Love, Instrumental, Flute",0,2026-02-13T19:07:38.435494+00:00
bf144a6c-6396-4831-88c0-54f750ae5aaf,"Karthik Sees Salim's Certificates",https://dfcvrisaejumfpjmalui.supabase.co/storage/v1/object/public/ringtone-files/karthik-sees-salim-s-certificates-naan-instrumental-1771420142476.mp3,https://image.tmdb.org/t/p/w342/aAh6G5KR3SsyvCQUML6bsLL9YqG.jpg,"Naan","","Vijay Antony",,"Mass, Instrumental, Guitar",0,2026-02-18T13:12:01.649523+00:00
bf4c0a7a-d1e4-48d9-870f-d723bc02ef73,"Aasa Kooda",https://dfcvrisaejumfpjmalui.supabase.co/storage/v1/object/public/ringtone-files/aasa-kooda-aasa-kooda-aasa-kooda-vocal-1771051898710.mp3,https://is1-ssl.mzstatic.com/image/thumb/Music221/v4/39/42/ba/3942ba45-40bd-5d0a-d7ad-0595f1336f3f/cover.jpg/600x600bb.jpg,"Aasa Kooda","Sai Abhyankkar, Sai Smriti","",,"Love, Vocal, Duet",0,2026-02-14T06:51:43.598528+00:00
bfaeebe3-9694-4d96-8d6b-71be1cce7edf,"Laut Ke Mai Na Aaungi",https://dfcvrisaejumfpjmalui.supabase.co/storage/v1/object/public/ringtone-files/laut-ke-mai-na-aaungi-laut-ke-mai-na-aaungi-laut-ke-mai-na-aaungi-vocal-1771056912877.mp3,https://is1-ssl.mzstatic.com/image/thumb/Music122/v4/03/22/59/03225964-a995-c5a2-6378-59c1ed66f3be/cover.jpg/600x600bb.jpg,"Laut Ke Mai Na Aaungi","Pooja Sharma","",,"Vocal, Female",0,2026-02-14T08:15:17.605435+00:00
bfd2edc2-e66f-4ef5-a2ce-6a87118731fd,"Makka Makka",https://dfcvrisaejumfpjmalui.supabase.co/storage/v1/object/public/ringtone-files/makka-makka-makka-makka-makka-makka-vocal-1770881279869.mp3,https://is1-ssl.mzstatic.com/image/thumb/Music221/v4/40/44/af/4044afc8-425b-5633-f81c-7bd2b34bfc04/cover.jpg/600x600bb.jpg,"Makka Makka","Harris Jayaraj, Sathyaprakash D, Bamba Bakya, Pa. Vijay","Harris Jayaraj",,"Vocal, Male",0,2026-02-12T07:28:04.037183+00:00
bff3f4c2-134b-4d2e-b952-8eec25467da7,"Mozhiyile Mozhiyai",https://dfcvrisaejumfpjmalui.supabase.co/storage/v1/object/public/ringtone-files/mozhiyile-mozhiyai-oh-my-kadavule-vocal-1770898287170.mp3,https://image.tmdb.org/t/p/w342/wuQwtFEm4DlzK3EnZ5VWefVXZvG.jpg,"Oh My Kadavule","Leon James","Leon James",,"Love, Vocal, Male",0,2026-02-12T12:14:18.620602+00:00
bff52760-7d68-4e3b-84eb-526e704ef5cd,"Aakasamele",https://dfcvrisaejumfpjmalui.supabase.co/storage/v1/object/public/ringtone-files/aakasamele-thalaivan-thalaivii-vocal-1771330882733.mp3,https://image.tmdb.org/t/p/w342/jfN2iQLfhvziz9YlR9WbB4VVQvk.jpg,"Thalaivan Thalaivii","Santhosh Narayanan, Pavithra Chari, Sarath Santhosh","Santhosh Narayanan",,"Vocal, Female",0,2026-02-17T12:21:26.462957+00:00
c04945d7-88e7-423a-acce-2f727968cc84,"Kan Imaikayil",https://dfcvrisaejumfpjmalui.supabase.co/storage/v1/object/public/ringtone-files/kan-imaikayil-kan-imaikayil-kan-imaikayil-vocal-1770964320938.mp3,https://is1-ssl.mzstatic.com/image/thumb/Music211/v4/f4/0b/b7/f40bb741-8302-3a5c-83cb-e4387c225373/8905992903242.jpg/600x600bb.jpg,"Kan Imaikayil","Nikhil Mathew, Sri Krish, Saindhavi","Sri Krish",,"Love, Vocal, Duet",0,2026-02-13T06:32:09.186155+00:00
c0809084-e808-4ca6-a4f9-d9a30548c357,"Marappadhilai Nenje - Marappadhilai Nenje Additional Song",https://dfcvrisaejumfpjmalui.supabase.co/storage/v1/object/public/ringtone-files/marappadhilai-nenje-marappadhilai-nenje-additional-song-oh-my-kadavule-humming-1770826485433.mp3,https://image.tmdb.org/t/p/w342/wuQwtFEm4DlzK3EnZ5VWefVXZvG.jpg,"Oh My Kadavule","Leon James & Sudharshan Ashok","Leon James",,"Love, Humming",0,2026-02-11T16:29:25.699254+00:00
c110e57e-463b-4745-9f15-57e86f56a001,"Adangatha - Adangaatha Asuran",https://dfcvrisaejumfpjmalui.supabase.co/storage/v1/object/public/ringtone-files/adangatha-adangaatha-asuran-raayan-1771177891925.mp3,https://image.tmdb.org/t/p/w342/dHMbqpG7vZk1iEJaEkCCyixFbos.jpg,"Raayan","A.R. Rahman & Dhanush","A.R. Rahman",,"Mass, Intro",0,2026-02-15T17:52:19.973155+00:00
c1622c9d-71c5-41b9-9e3a-888f726bcdb0,"Vaanuthula velli",https://dfcvrisaejumfpjmalui.supabase.co/storage/v1/object/public/ringtone-files/vaanuthula-velli-enga-ooru-maappilai-vocal-1770982408822.mp3,https://image.tmdb.org/t/p/w342/4Q1ZFfticq1hgVstEdBWLUamhv8.jpg,"Enga Ooru Maappilai","Ilayaraja ","Ilaiyaraaja",,"Love, Vocal, Male",1,2026-02-13T11:33:32.015684+00:00
c1819577-c9b0-45ef-bc8e-d281b3bc861c,"Vizhi Veekura",https://dfcvrisaejumfpjmalui.supabase.co/storage/v1/object/public/ringtone-files/vizhi-veekura-vizhi-veekura-vizhi-veekura-vocal-1771051777473.mp3,https://is1-ssl.mzstatic.com/image/thumb/Music221/v4/e5/ec/54/e5ec5483-6091-f226-4293-09a8dbe950a3/cover.jpg/600x600bb.jpg,"Vizhi Veekura","Sai Abhyankkar, Sai Smriti","",,"Love, Vocal, Male",0,2026-02-14T06:49:42.046946+00:00
c1d4e9f2-dae6-4157-9655-a5261bebbf8a,"Matta",https://dfcvrisaejumfpjmalui.supabase.co/storage/v1/object/public/ringtone-files/matta-matta-g-o-a-t-greatest-of-all-time-vocal-1771050410378.mp3,https://image.tmdb.org/t/p/w342/8Wqr7Aiu8MouNjA90s51AAPN7D0.jpg,"G.O.A.T ~Greatest Of All Time~","Yuvan Shankar Raja","Yuvan Shankar Raja",,"Mass, Vocal, Male",3,2026-02-14T06:26:54.282274+00:00
c1e81a97-733f-4c9a-892d-e6862278c248,"yedhukku - Chikitu Tamil",https://dfcvrisaejumfpjmalui.supabase.co/storage/v1/object/public/ringtone-files/yedhukku-chikitu-tamil-coolie-vocal-1770835178343.mp3,https://image.tmdb.org/t/p/w342/kr36awqmziEI5mfUElsHB0pj9zP.jpg,"Coolie","Anirudh Ravichander, T. Rajendar & Arivu","Anirudh Ravichander",,"Mass, Vocal, Male",0,2026-02-11T18:54:12.756387+00:00
c1ebb414-ca34-4a98-a14d-5d8d6c339929,"Annaachi",https://dfcvrisaejumfpjmalui.supabase.co/storage/v1/object/public/ringtone-files/annaachi-annaachi-kooran-vocal-1771334479959.mp3,https://image.tmdb.org/t/p/w342/k20svCrYZqC71hVYypQmm9S8SL4.jpg,"Kooran","Siddharth Vipin & Muthamil","Siddharth Vipin",,"Vocal, Male",0,2026-02-17T13:21:23.786934+00:00
c2c61308-9bc8-428e-b622-85ab3e0fbc85,"Enemy tommee profitt",https://dfcvrisaejumfpjmalui.supabase.co/storage/v1/object/public/ringtone-files/enemy-tommee-profitt-enemy-cinematic-songs-vol-6-vocal-1770827166382.mp3,https://is1-ssl.mzstatic.com/image/thumb/Music115/v4/b4/05/97/b405973d-1520-17f8-772b-49d50e8e8f06/19UMGIM73355.rgb.jpg/600x600bb.jpg,"Cinematic Songs Vol. 6","Tommee Profitt, Beacon Light & Sam Tinnesz","Tommee Profitt, Beacon Light & Sam Tinnesz",,"Sad, Vocal, Male",0,2026-02-11T16:26:11.10169+00:00
c2dfd341-2d02-4e87-9b6f-66c5b4478bee,"Tholai dhooram - Naani Koni",https://dfcvrisaejumfpjmalui.supabase.co/storage/v1/object/public/ringtone-files/tholai-dhooram-naani-koni-maattrraan-vocal-1770830869313.mp3,https://image.tmdb.org/t/p/w342/q2RdAKjrGI1ibjetUff7wJtp0g7.jpg,"Maattrraan","Vijay Prakash, Karthik, Shreya Ghoshal, Shekhinah Shawn Jazeel & Harris Jayaraj","Harris Jayaraj",,"Love, Vocal, Male",0,2026-02-11T17:42:26.512923+00:00
c2fb8d94-4c9f-42ab-a4c7-ae0f305c8a42,"Infinity ",https://dfcvrisaejumfpjmalui.supabase.co/storage/v1/object/public/ringtone-files/infinity-infinity-feel-something-1770830303252.mp3,https://is1-ssl.mzstatic.com/image/thumb/Music114/v4/fb/bf/6d/fbbf6d06-9a6c-9c49-c313-aed403613252/075679900180.jpg/600x600bb.jpg,"Feel Something","Jaymes Young","Jaymes Young",,"Motivational, Slowed + Reverb",0,2026-02-11T17:18:29.079022+00:00
c31c8073-0a85-4f4a-9d65-ac76c857bde9,"thalaivar 173",https://dfcvrisaejumfpjmalui.supabase.co/storage/v1/object/public/ringtone-files/thalaivar-173-thalaivar-173-vocal-dialogue-remix-instrumental-humming-8d-audio-1769377729050.mp3,https://image.tmdb.org/t/p/w342/4rBZWMZFe77kZCI7nnVSMakb9yy.jpg,"Thalaivar 173","","Anirudh Ravichander",,"Love, Sad, Mass, Motivational, Funny, Devotional, Vocal, Dialogue, Remix, Instrumental, Humming, 8D Audio, Male, Female, Duet, Flute, Violin, Guitar, Piano, Saxophone, Trumpet, Whistle, Drums, Nadaswaram, Veena, Keyboard",1,2026-01-25T21:48:52.777928+00:00
c4033ea6-efdd-4fb7-9623-9e4036740d56,"Male  - Kaathalae Kaathalae",https://dfcvrisaejumfpjmalui.supabase.co/storage/v1/object/public/ringtone-files/male-kaathalae-kaathalae-96-vocal-1770844515846.mp3,https://image.tmdb.org/t/p/w342/nrVloCa2hCFOztRF1DZU2jnWIiQ.jpg,"96","Govind Vasantha & Chinmayi Sripada","Govindh Vasantha",,"Love, Vocal, Male",0,2026-02-11T21:15:18.609248+00:00
c4880dda-cddd-4420-bf1b-51af6aeccb51,"Kannile Eeram",https://dfcvrisaejumfpjmalui.supabase.co/storage/v1/object/public/ringtone-files/kannile-eeram-kannile-eeram-marutham-vocal-1771066306508.mp3,https://image.tmdb.org/t/p/w342/aYecxi22s9gDVFfjojhdyZiWUcp.jpg,"Marutham","Sai Vignesh, Neethi & N. R. Raghunanthan","N. R. Raghunanthan",,"Vocal, Male",0,2026-02-14T10:51:49.923453+00:00
c50511c8-b82a-4bfb-b38b-d43e6d18ed5e,"Veera Dheera Sooran Title Teaser Theme",https://dfcvrisaejumfpjmalui.supabase.co/storage/v1/object/public/ringtone-files/veera-dheera-sooran-title-teaser-theme-veera-dheera-sooran-part-2-instrumental-1771332263166.mp3,https://image.tmdb.org/t/p/w342/6iiWsXJ31BVbypWwzvoPKx24NFQ.jpg,"Veera Dheera Sooran: Part 2","G. V. Prakash Kumar","G. V. Prakash Kumar",,"Mass, Instrumental, Drums",0,2026-02-17T12:44:26.012342+00:00
c560e78a-d27a-48a0-b867-26a38c34e54e,"Chal Tere Ishq Mein",https://dfcvrisaejumfpjmalui.supabase.co/storage/v1/object/public/ringtone-files/chal-tere-ishq-mein-chal-tere-ishq-mein-gadar-2-vocal-1771173344518.mp3,https://image.tmdb.org/t/p/w342/brCBYKGQaxZZcwmFF6OIxZLdKVU.jpg,"Gadar 2","Mithoon, Neeti Mohan, Vishal Mishra, Shehnaz Akhtar & Sahil Akhtar","Mithoon Sharma, Uttam Singh, Monty Sharma",,"Love, Vocal, Duet",0,2026-02-15T16:35:53.605024+00:00
c56c2748-9d28-45ae-8061-2731f3cddf36,"Soul of irugapatru",https://dfcvrisaejumfpjmalui.supabase.co/storage/v1/object/public/ringtone-files/soul-of-irugapatru-irugapatru-1771010523930.mp3,https://image.tmdb.org/t/p/w342/bnxW2Pb0k2n7G7atvBs7wnwaCdE.jpg,"Irugapatru","","Justin Prabhakaran",,"Sad, Chorus",0,2026-02-13T19:22:12.581737+00:00
c630a882-65d1-48ab-b5a7-463d3ce6c348,"anbae anbae (male) - Kadhal Kan Kattudhe",https://dfcvrisaejumfpjmalui.supabase.co/storage/v1/object/public/ringtone-files/anbae-anbae-male-kadhal-kan-kattudhe-kaaki-sattai-vocal-1770656920766.mp3,https://image.tmdb.org/t/p/w342/A8h5JQpCETjUedYiSk4blar2c3.jpg,"Kaaki Sattai","Anirudh Ravichander, Yuvabharathi & Shakthishree Gopalan","Anirudh Ravichander",,"Love, Vocal, Duet",1,2026-02-09T17:08:48.661218+00:00
c69f5748-e630-4154-997c-7ddac31e7f14,"Sirikkiren",https://dfcvrisaejumfpjmalui.supabase.co/storage/v1/object/public/ringtone-files/sirikkiren-sirikkiren-sirikkiren-vocal-1770973419398.mp3,https://is1-ssl.mzstatic.com/image/thumb/Music211/v4/18/30/bf/1830bf45-951d-d251-3b74-87290d97368a/25UMGIM92046.rgb.jpg/600x600bb.jpg,"Sirikkiren","Kapil Kapilan, Sreejith Edavana","Sreejith Edavana",,"Vocal, Female, Love",0,2026-02-13T09:03:43.775743+00:00
c6a77781-4e59-425d-994b-ee7ae754bf63,"Unn Thalai - Kadhalil Vizhunthen - Fom Vol 3",https://dfcvrisaejumfpjmalui.supabase.co/storage/v1/object/public/ringtone-files/unn-thalai-kadhalil-vizhunthen-fom-vol-3-kadhalil-vizhunthen-vocal-1770878685870.mp3,https://image.tmdb.org/t/p/w342/t0YVVam2bmaTbez1pGOmIKWopXH.jpg,"Kadhalil Vizhunthen","Praveen Dharmalingam & Prajith Kumar","Vijay Antony",,"Love, Vocal, Duet",0,2026-02-12T06:44:48.958898+00:00
c6a9862e-34c0-4c43-b1f2-7eb0b0415c19,"Indie Happy Indie",https://dfcvrisaejumfpjmalui.supabase.co/storage/v1/object/public/ringtone-files/indie-happy-indie-indie-happy-indie-indie-happy-indie-bgm-instrumental-1771399285331.mp3,https://is1-ssl.mzstatic.com/image/thumb/Music114/v4/97/ca/db/97cadb6a-980b-d7c4-1b49-81a8f951f348/191773074944.jpg/600x600bb.jpg,"Indie Happy Indie","","",,"BGM, Instrumental, Drums, Piano, Keyboard",0,2026-02-18T07:21:29.707285+00:00
c773144b-5210-4091-9f9d-436fe4f44508,"Dilkash",https://dfcvrisaejumfpjmalui.supabase.co/storage/v1/object/public/ringtone-files/dilkash-dilkash-gulmohar-vocal-1771174179636.mp3,https://image.tmdb.org/t/p/w342/9ovEm6ush0W19f1lV8Q3XN6l8uJ.jpg,"Gulmohar","Talat Aziz","Siddhartha Khosla",,"Vocal, Male",0,2026-02-15T16:49:44.362611+00:00
c7be600d-1f34-4cf1-ae25-8e4638a86100,"Flute  - Pudhu Vellai Mazhai",https://dfcvrisaejumfpjmalui.supabase.co/storage/v1/object/public/ringtone-files/flute-pudhu-vellai-mazhai-roja-instrumental-1769877798365.mp3,https://image.tmdb.org/t/p/w342/1ZHr93dgcJ6jSAYpKISemBmYoIy.jpg,"Roja","","A.R. Rahman",,"Flute, Instrumental, Love",12,2026-01-31T16:43:20.360932+00:00
c7c4ad68-3d31-464b-9485-68dc1f09f378,"Kingston Title Track",https://dfcvrisaejumfpjmalui.supabase.co/storage/v1/object/public/ringtone-files/kingston-title-track-kingston-instrumental-1771333333327.mp3,https://image.tmdb.org/t/p/w342/tvSLcd9p8mB1z6EMFDzZP691JGz.jpg,"Kingston","G. V. Prakash Kumar, Smith Asher","G. V. Prakash Kumar",,"Mass, Instrumental, Guitar, Drums",0,2026-02-17T13:02:17.055494+00:00
c7e28df0-57d9-4b19-8d83-365db33ebef3,"Zulfon Se Chehra Chhupake",https://dfcvrisaejumfpjmalui.supabase.co/storage/v1/object/public/ringtone-files/zulfon-se-chehra-chhupake-zulfon-se-chehra-chhupake-zulfon-se-chehra-chhupake-vocal-1771058781862.mp3,https://is1-ssl.mzstatic.com/image/thumb/Music221/v4/07/bf/f2/07bff2cd-378c-1b32-4240-9ef4243c4fc6/199538847857.jpg/600x600bb.jpg,"Zulfon Se Chehra Chhupake","Shahid Ali Khan","Shahid Ali Khan",,"Vocal, Male",0,2026-02-14T08:46:26.540802+00:00
c8631ef7-c115-4f46-99e4-2c3c9e2e9f32,"Oorum blood ",https://dfcvrisaejumfpjmalui.supabase.co/storage/v1/object/public/ringtone-files/dude-oorum-blood-oorum-blood-vocal-instrumental-humming-remix-dialogue-8d-audio-1769377905650.mp3,https://image.tmdb.org/t/p/w342/6DoLxt1LLXcBuNeByHsSGLiAB0L.jpg,"Dude","Sai Abhyankkar, Paal Dabba, bebhumika & Deepthi Suresh","Sai Abhyankkar",,"Love, Sad, Mass, Motivational, Funny, Devotional, Vocal, Instrumental, Humming, Remix, Dialogue, 8D Audio, Male, Female, Duet, Flute, Violin, Piano, Saxophone, Guitar, Whistle, Trumpet, Drums, Keyboard, Veena, Nadaswaram",0,2026-01-25T21:51:48.339288+00:00
c8a2e89b-e7fa-4451-b89a-0724b8471087,"Chocalate Vennila",https://dfcvrisaejumfpjmalui.supabase.co/storage/v1/object/public/ringtone-files/chocalate-vennila-chocalate-vennila-konjam-kadhal-konjam-modhal-vocal-1771332536059.mp3,https://image.tmdb.org/t/p/w342/4Krf4LofZhh6naXxqTczXmQsDic.jpg,"Konjam Kadhal Konjam Modhal","Madhu Balakrishnan","R.K. Sundar",,"Vocal, Male, Love",0,2026-02-17T12:49:00.561146+00:00
c9549c3c-c740-4fa5-86b7-b7da37f80a9c,"Swipe Swipe",https://dfcvrisaejumfpjmalui.supabase.co/storage/v1/object/public/ringtone-files/swipe-swipe-swipe-swipe-swipe-swipe-vocal-1770974729338.mp3,https://is1-ssl.mzstatic.com/image/thumb/Music221/v4/80/18/9b/80189b0e-e7d6-5b2a-6ca6-cd95f81a38fb/24UMGIM99201.rgb.jpg/600x600bb.jpg,"Swipe Swipe","Harsha Vardhan","Harsha Vardhan",,"Vocal, Male",0,2026-02-13T09:25:39.137127+00:00
c992b6c7-b230-475e-9654-610d5ffff35f,"BGM - Interlude flute",https://dfcvrisaejumfpjmalui.supabase.co/storage/v1/object/public/ringtone-files/madrasapattinam-bgm-interlude-flute-1765572296350.mp3,https://image.tmdb.org/t/p/w500/vmF5Yb9ViIncinpj2wGCS8w6iti.jpg,"Madrasapattinam","","G. V. Prakash Kumar",,"Love, BGM, Instrumental, Interlude, Flute",15,2025-12-12T20:44:59.812882+00:00
c9a2fddf-a84b-4fb5-85ce-f5a05fb279c3,"Bgm - Thangame Thangame",https://dfcvrisaejumfpjmalui.supabase.co/storage/v1/object/public/ringtone-files/bgm-thangame-thangame-idhayam-murali-instrumental-1771326578059.mp3,https://image.tmdb.org/t/p/w342/iZzR7fYiJ3bGew8liRPxipPDEfj.jpg,"Idhayam Murali","Thaman S., D Dheeraj & Vivek","S. Thaman",,"BGM, Instrumental, Piano",0,2026-02-17T11:09:42.816333+00:00
ca86b68d-1a23-4dc0-b564-1d05880e4d0e,"Kahin Toh Hogi Woh-Teri Aahatein Duet outro",https://dfcvrisaejumfpjmalui.supabase.co/storage/v1/object/public/ringtone-files/kahin-toh-hogi-woh-teri-aahatein-duet-outro-kahin-toh-hogi-woh-teri-aahatein-kahin-toh-hogi-woh-teri-aahatein-vocal-1771336266950.mp3,https://is1-ssl.mzstatic.com/image/thumb/Music125/v4/5e/67/fb/5e67fb8b-91b5-98e0-3998-854d039370d9/8903431715616_cover.jpg/600x600bb.jpg,"Kahin Toh Hogi Woh-Teri Aahatein","	Neeti Mohan, Shekhar Ravjiani, Abhijit Vaghani","",,"Vocal, Duet, Love",0,2026-02-17T13:51:11.690008+00:00
cab48cd7-cca3-4753-885b-d4a7bfb42981,"Buddy",https://dfcvrisaejumfpjmalui.supabase.co/storage/v1/object/public/ringtone-files/buddy-buddy-buddy-vocal-1770963444661.mp3,https://is1-ssl.mzstatic.com/image/thumb/Music4/v4/84/49/cc/8449cc13-bb9f-a7e7-70d1-5c6999c8e4ce/dj.vhzsmrfm.jpg/600x600bb.jpg,"Buddy","Priya Mali","Priya Mali",,"Vocal, Female",0,2026-02-13T06:17:28.328659+00:00
caf21810-6eac-4c2e-8d6e-d778664c318f,"Kan Moodudho",https://dfcvrisaejumfpjmalui.supabase.co/storage/v1/object/public/ringtone-files/kan-moodudho-kan-moodudho-kan-moodudho-vocal-1770961071803.mp3,https://is1-ssl.mzstatic.com/image/thumb/Music116/v4/81/9a/6b/819a6bc4-1c7d-33fa-de3e-d57a3c99aaaa/23UMGIM46616.rgb.jpg/600x600bb.jpg,"Kan Moodudho","Chinmayi Sripada, John Pradeep JL","Sean Roldan",,"Vocal, Female",0,2026-02-13T05:37:55.842544+00:00
cb0277db-b826-4a68-974c-b4337c93d365,"blue",https://dfcvrisaejumfpjmalui.supabase.co/storage/v1/object/public/ringtone-files/blue-blue-blue-vocal-1770874849813.mp3,https://is1-ssl.mzstatic.com/image/thumb/Music221/v4/33/62/62/33626226-0cf3-ff64-3296-b2355de71fac/0748777703419.jpg/600x600bb.jpg,"blue","yung kai","yung kai",,"Love, Vocal, Male",0,2026-02-12T05:43:42.992579+00:00
cb091cfe-db0c-4725-b4d5-756abd650fba,"Senorita - Señorita",https://dfcvrisaejumfpjmalui.supabase.co/storage/v1/object/public/ringtone-files/senorita-se-orita-shawn-mendes-deluxe-vocal-1770820505748.mp3,https://is1-ssl.mzstatic.com/image/thumb/Music115/v4/73/1d/95/731d9575-4dc2-23f9-baad-d3f624022020/18UMGIM23926.rgb.jpg/600x600bb.jpg,"Shawn Mendes Deluxe","Shawn Mendes & Camila Cabello","Shawn Mendes & Camila Cabello",,"Mass, Vocal, Female",0,2026-02-11T14:37:56.287276+00:00
cb331056-218b-4238-b594-8e0a5debe5ca,"Vikram entry",https://dfcvrisaejumfpjmalui.supabase.co/storage/v1/object/public/ringtone-files/vikram-entry-veera-dheera-sooran-part-2-bgm-interlude-1771006108285.mp3,https://image.tmdb.org/t/p/w342/6iiWsXJ31BVbypWwzvoPKx24NFQ.jpg,"Veera Dheera Sooran: Part 2","","G. V. Prakash Kumar",,"BGM, Interlude",0,2026-02-13T18:08:41.675146+00:00
cba1db35-5ce2-4adb-a662-d0b72a45796f,"Tujhe Kaise Bhulayenge",https://dfcvrisaejumfpjmalui.supabase.co/storage/v1/object/public/ringtone-files/tujhe-kaise-bhulayenge-tujhe-kaise-bhulayenge-tujhe-kaise-bhulayenge-vocal-1771063511219.mp3,https://is1-ssl.mzstatic.com/image/thumb/Music211/v4/b8/d7/9b/b8d79b92-2543-3619-36c8-514a2ab616ca/199538848526.jpg/600x600bb.jpg,"Tujhe Kaise Bhulayenge","	Sapna Awasthi","",,"Vocal, Female",0,2026-02-14T10:05:15.374244+00:00
cbe7fd16-f973-4718-ab39-177f0ece58f1,"Binge and Cringe",https://dfcvrisaejumfpjmalui.supabase.co/storage/v1/object/public/ringtone-files/binge-and-cringe-binge-and-cringe-binge-and-cringe-vocal-1770890244164.mp3,https://is1-ssl.mzstatic.com/image/thumb/Music116/v4/82/a8/a4/82a8a48c-c29f-6993-e7ee-f1882e33e982/196871803311.jpg/600x600bb.jpg,"Binge and Cringe","Darbuka Siva, Paal Dabba","Darbuka Siva",,"Vocal, Male",0,2026-02-12T09:57:27.966614+00:00
cbf2a858-4c7e-4295-ba1b-c29b64e515b9,"Dusk till dawn - Dusk Till Dawn feat. Sia",https://dfcvrisaejumfpjmalui.supabase.co/storage/v1/object/public/ringtone-files/dusk-till-dawn-dusk-till-dawn-feat-sia-dusk-till-dawn-radio-edit-feat-sia-vocal-1770829374039.mp3,https://is1-ssl.mzstatic.com/image/thumb/Music124/v4/9d/25/4c/9d254c6f-1af8-c3e2-ff1a-f30ca2dbe45b/886446731896.jpg/600x600bb.jpg,"Dusk Till Dawn Radio Edit [feat. Sia]","ZAYN","ZAYN",,"Funny, Vocal, Female",0,2026-02-11T17:03:02.529416+00:00
cc41e2cb-252e-4591-8ef0-6c95b7978473,"Ghar Kab Aaoge - Diljit Dosanjh - Border 2",https://dfcvrisaejumfpjmalui.supabase.co/storage/v1/object/public/ringtone-files/border-2-phir-apne-gaon-mein-pyar-ki-chaon-mein-ghar-kab-aaoge-diljit-dosanjh-border-2-1769415126028.mp3,https://image.tmdb.org/t/p/w342/hju9XncHxUxUS1GAJ4YqpdFCa5t.jpg,"Border 2","","John Stewart Eduri",,"",0,2026-01-26T08:12:10.043945+00:00
ccbfd235-bcb3-44a4-ae09-56730fe0e871,"The rajasabhab ",https://dfcvrisaejumfpjmalui.supabase.co/storage/v1/object/public/ringtone-files/the-rajasabhab-the-rajasaab-1769603502272.mp3,https://image.tmdb.org/t/p/w342/nvK6gYa4diCnQkDVN42uoYXPrdT.jpg,"The Rajasaab","Rebal","S. Thaman",,"Love, Lo-fi",0,2026-01-28T12:31:50.221148+00:00
cd00bfb3-0160-4f8e-bad6-3cdb1ed4fff1,"nenjil nenjil (male vocal)",https://dfcvrisaejumfpjmalui.supabase.co/storage/v1/object/public/ringtone-files/nenjil-nenjil-male-vocal-engeyum-kadhal-1770655530953.mp3,https://image.tmdb.org/t/p/w342/z5pwxRWdViCo9dLmvH9ejku7eyZ.jpg,"Engeyum Kadhal","Chinmayi and Harish Raghavendra","Harris Jayaraj",,"Vocal, Love, Male",0,2026-02-09T16:45:38.356496+00:00
cd39ff8e-272b-42a2-bdca-6a5ea8c5d1a6,"Ashqon Se Naata Mera",https://dfcvrisaejumfpjmalui.supabase.co/storage/v1/object/public/ringtone-files/ashqon-se-naata-mera-ashqon-se-naata-mera-ashqon-se-naata-mera-vocal-1771058616660.mp3,https://is1-ssl.mzstatic.com/image/thumb/Music221/v4/1a/c6/e9/1ac6e904-20a6-c8ed-c008-fa439c1c9c92/199538825701.jpg/600x600bb.jpg,"Ashqon Se Naata Mera","	Shahid Ali Khan","",,"Vocal, Male",0,2026-02-14T08:43:40.867709+00:00
cd774254-9d1d-4f3c-9800-8951e32045ef,"Arivu ED win",https://dfcvrisaejumfpjmalui.supabase.co/storage/v1/object/public/ringtone-files/arivu-ed-win-taanakkaran-bgm-interlude-1770984311750.mp3,https://image.tmdb.org/t/p/w342/mkRp4QOvwLw6jI50Wi9eZvOhtU7.jpg,"Taanakkaran","Ghibran","Ghibran",,"BGM, Interlude",0,2026-02-13T12:05:16.057375+00:00
cd84c066-54be-43d2-8856-cbf80be238ea,"Leaves his hometown",https://dfcvrisaejumfpjmalui.supabase.co/storage/v1/object/public/ringtone-files/leaves-his-hometown-thirupaachi-instrumental-1770986535003.mp3,https://image.tmdb.org/t/p/w342/2DLhmWDkJiAMKS2VDtjNVrYXm2F.jpg,"Thirupaachi","Dhina","Dhina",,"Mass, Instrumental, Guitar",0,2026-02-13T12:42:18.55055+00:00
cdee162f-867a-4dd8-9ec9-d6ac7d29a1f9,"Sanam Re-Phir Mohabbat",https://dfcvrisaejumfpjmalui.supabase.co/storage/v1/object/public/ringtone-files/sanam-re-phir-mohabbat-sanam-re-phir-mohabbat-sanam-re-phir-mohabbat-vocal-1771335377174.mp3,https://is1-ssl.mzstatic.com/image/thumb/Music113/v4/d5/88/c9/d588c9bb-1e72-b1e2-b1be-8a8989f323b4/8903431744654_cover.jpg/600x600bb.jpg,"Sanam Re-Phir Mohabbat","Tulsi Kumar, Benny Dayal","",,"Love, Vocal, Duet",0,2026-02-17T13:36:22.242708+00:00
cdef9241-9554-4835-945c-480addf9bc13,"Oru Naal - Enna Nadanthalum",https://dfcvrisaejumfpjmalui.supabase.co/storage/v1/object/public/ringtone-files/oru-naal-enna-nadanthalum-meesaya-murukku-vocal-1770828937113.mp3,https://image.tmdb.org/t/p/w342/51YxNae9DC5BG39IgCjsKkTIOdV.jpg,"Meesaya Murukku","Hiphop Tamizha & Kaushik Krish","HipHop Tamizha Jeeva, HipHop Tamizha Adhi",,"Love, Vocal, Male",0,2026-02-11T17:10:11.542005+00:00
ce60d961-7e07-4e6b-88a5-40b49c24a589,"om mangalam shiva song ringtone",https://dfcvrisaejumfpjmalui.supabase.co/storage/v1/object/public/ringtone-files/siva-om-mangalam-om-mangalam-shiva-song-ringtone-1769354676326.mp3,https://images.unsplash.com/photo-1582552938357-32b906df40cb?w=600,"Siva","","",,"Devotional",1,2026-01-25T15:24:39.634084+00:00
ce6c7fd1-8311-4b83-9079-a62f8049866b,"Evano oruvan",https://dfcvrisaejumfpjmalui.supabase.co/storage/v1/object/public/ringtone-files/evano-oruvan-evano-oruvan-alaipayuthey-vocal-1771122145077.mp3,https://image.tmdb.org/t/p/w342/rnN492zNPK5zvXvDQILm0KRLwD4.jpg,"Alaipayuthey","Swarnalatha","A.R. Rahman",,"Sad, Vocal, Female",1,2026-02-15T02:22:28.421348+00:00
ce7d507a-481d-4b11-92b1-5380597da8fc,"Avvai shanmugi theme",https://dfcvrisaejumfpjmalui.supabase.co/storage/v1/object/public/ringtone-files/avvai-shanmugi-theme-avvai-shanmugi-bgm-interlude-1770984979603.mp3,https://image.tmdb.org/t/p/w342/bBSyJ3UM6pvqswgn6LwkxtIb2PI.jpg,"Avvai Shanmugi","Deva","Deva",,"BGM, Interlude",0,2026-02-13T12:16:22.490016+00:00
ceb782f6-75a0-4527-a7b4-651a1cc52151,"Vaanam Mella",https://res.cloudinary.com/drvs4msnn/video/upload/v1764787959/mtgitxsqskj0pl2j8xyl.mp3,https://image.tmdb.org/t/p/w500/w8iOOYjUioL4zSFmnQl9BuYGePC.jpg,"Neethaane En Ponvasantham","Ilaiyaraaja & Bela Shende","",Love,"",12,2025-12-03T18:52:41.083816+00:00
cec9a326-0ed3-4652-a35c-e23d90b50227,"Megam karukkaiyile",https://dfcvrisaejumfpjmalui.supabase.co/storage/v1/object/public/ringtone-files/megam-karukkaiyile-vaidehi-kathirunthal-vocal-1770981873318.mp3,https://images.unsplash.com/photo-1574267432644-f610a5e0d4c5?w=600,"Vaidehi Kathirunthal","Ilayaraja ","Ilaiyaraaja",,"Love, Vocal, Male",0,2026-02-13T11:24:37.849103+00:00
cef559ef-8ef6-4d86-86da-9d05fc3c8ace,"Frozen - Frozen feat. 070 Shake",https://dfcvrisaejumfpjmalui.supabase.co/storage/v1/object/public/ringtone-files/frozen-frozen-feat-070-shake-frozen-feat-070-shake-vocal-1770830479091.mp3,https://is1-ssl.mzstatic.com/image/thumb/Music122/v4/f2/97/f9/f297f9d5-0b2e-215d-9b7d-c4f40acb5ca4/054391905680.jpg/600x600bb.jpg,"Frozen feat. 070 Shake","Madonna & Sickick","Madonna & Sickick",,"Love, Vocal, Female",0,2026-02-11T17:21:24.787764+00:00
d08d89f2-d372-4480-b8d3-40f196e1ee47,"Chot Dil Pe Lagi",https://dfcvrisaejumfpjmalui.supabase.co/storage/v1/object/public/ringtone-files/chot-dil-pe-lagi-chot-dil-pe-lagi-ishq-vishk-rebound-vocal-1771169152862.mp3,https://image.tmdb.org/t/p/w342/bJ9fGn0t9XO2Mjz1P05OQh76AaI.jpg,"Ishq Vishk Rebound","Asees Kaur, Varun Jain, Rochak Kohli, Gurpreet Saini, Anu Malik & Sameer Anjaan","Rochak Kohli",,"Love, Vocal, Duet",0,2026-02-15T15:25:57.778666+00:00
d09b63e2-36e4-4eb5-8758-7548f9dee8c1,"Sirani Silalika",https://dfcvrisaejumfpjmalui.supabase.co/storage/v1/object/public/ringtone-files/sirani-silalika-sirani-silalika-vattakhanal-vocal-1771065410258.mp3,https://image.tmdb.org/t/p/w342/kU7x4Ki24zE6i8sFluM6Xf9mcg3.jpg,"Vattakhanal","Shankar Mahadevan, Mano, Gana Bala, Diwakar, Maris Vijay, Kirti Killedar, Yutika Verma & Mohan Rajan","Maris Vijay",,"Vocal, Male",0,2026-02-14T10:36:54.18192+00:00
d0b9627a-827c-4102-b381-0dbfd4df0443,"Ahhaa adada penne - Omana Penne",https://dfcvrisaejumfpjmalui.supabase.co/storage/v1/object/public/ringtone-files/ahhaa-adada-penne-omana-penne-vinnaithaandi-varuvaayaa-vocal-1770845805920.mp3,https://image.tmdb.org/t/p/w342/icWUNL2GxDgWmI5PQN2RYA2CEbv.jpg,"Vinnaithaandi Varuvaayaa","A.R. Rahman, Benny Dayal & Kalyani Menon","A.R. Rahman",,"Love, Vocal, Male",0,2026-02-11T21:36:49.153776+00:00
d11ffbcc-0d7e-400e-b843-f3ac53186dd7,"theri love whistle bgm",https://dfcvrisaejumfpjmalui.supabase.co/storage/v1/object/public/ringtone-files/theri-theri-whistle-bgm-theri-love-whistle-bgm-instrumental-humming-1769343781587.mp3,https://image.tmdb.org/t/p/w342/f6BhexotEqO3GejXa3FopBNGL6M.jpg,"Theri","","G. V. Prakash Kumar",,"BGM, Instrumental, Humming, Love",1,2026-01-25T12:23:15.86598+00:00
d167ba18-d9e7-4b98-8d55-b2f337141b62,"Idhazhin Oram (The Innocence of Love) - )Moonu bgm (ram follows janani",https://dfcvrisaejumfpjmalui.supabase.co/storage/v1/object/public/ringtone-files/3-idhazhin-oram-the-innocence-of-love-moonu-bgm-ram-follows-janani-1765399682151.mp3,https://image.tmdb.org/t/p/w500/ccHYoV76o9ZFSnPUr0yPSab0oma.jpg,"3","Ajesh Ashok & Anirudh Ravichander","Anirudh Ravichander",,"Love, Instrumental, Flute, BGM",23,2025-12-10T20:48:06.389269+00:00
d16d95f5-f5e0-409c-ad56-1c31288dc5d3,"Badnaamiyan Male",https://dfcvrisaejumfpjmalui.supabase.co/storage/v1/object/public/ringtone-files/badnaamiyan-male-badnaamiyan-male-hate-story-iv-vocal-1771014183164.mp3,https://image.tmdb.org/t/p/w342/7mI6YgCVFfKDSlSDN8MuSY8oCFJ.jpg,"Hate Story IV","Armaan Malik","Arko Pravo Mukherjee, Baman Chand, Inder Bawra, Mithoon Sharma, Sunny Bawra, Tony Kakkar, Tanishk Bagchi",,"Love, Vocal, Male",0,2026-02-13T20:23:09.396512+00:00
d179f69a-c0bc-432d-8775-87dda311d429,"Har Wakthu Dil - Humnava Mere-Baarish From ""T-Series Mixtape Season 2""",https://dfcvrisaejumfpjmalui.supabase.co/storage/v1/object/public/ringtone-files/har-wakthu-dil-humnava-mere-baarish-from-t-series-mixtape-season-2-humnava-mere-baarish-from-t-series-mixtape-season-2-vocal-1771046473213.mp3,https://is1-ssl.mzstatic.com/image/thumb/Music113/v4/62/29/d2/6229d2b8-0c24-87ec-069c-49500bfbdf3e/8903431722386_cover.jpg/600x600bb.jpg,"Humnava Mere-Baarish From ""T-Series Mixtape Season 2""","Aditya Narayan & Dhvani Bhanushali","Aditya Narayan & Dhvani Bhanushali",,"Love, Vocal, Duet",0,2026-02-14T05:21:18.737195+00:00
d18ff7b8-903c-4c3d-b909-35bbf55843b7,"Teer Bewafai Wale",https://dfcvrisaejumfpjmalui.supabase.co/storage/v1/object/public/ringtone-files/teer-bewafai-wale-teer-bewafai-wale-teer-bewafai-wale-vocal-1771056711744.mp3,https://is1-ssl.mzstatic.com/image/thumb/Music211/v4/47/ef/3a/47ef3a5f-c103-aa3d-6896-6ed359d6453d/199538847680.jpg/600x600bb.jpg,"Teer Bewafai Wale","	Shahid Ali Khan","",,"Vocal, Male",0,2026-02-14T08:11:55.605075+00:00
d1b8e80a-6dcf-4a3d-8dec-c40f2111ffa9,"SOL",https://dfcvrisaejumfpjmalui.supabase.co/storage/v1/object/public/ringtone-files/sol-sol-sol-vocal-1770890398713.mp3,https://is1-ssl.mzstatic.com/image/thumb/Music221/v4/03/e3/d8/03e3d8da-f7f5-c505-1e4a-f24256a62cb8/5021732946515.jpg/600x600bb.jpg,"SOL","Sid Sriram","Sid Sriram",,"Love, Vocal, Male",0,2026-02-12T10:00:03.291972+00:00
d207367e-717f-49f8-aceb-fd8cceaee41e,"Poraale ponnuthayi ",https://dfcvrisaejumfpjmalui.supabase.co/storage/v1/object/public/ringtone-files/poraale-ponnuthayi-karuththamma-vocal-1770890389724.mp3,https://image.tmdb.org/t/p/w342/z1twvvC0OWPIwZfL4M9qmUrE8zP.jpg,"Karuththamma","Swarnalatha","A.R. Rahman",,"Sad, Vocal, Female",1,2026-02-12T09:59:55.022516+00:00
d22ae396-1952-41b7-a16a-bffe95752c6f,"Apologies",https://dfcvrisaejumfpjmalui.supabase.co/storage/v1/object/public/ringtone-files/apologies-ayan-1771237423403.mp3,https://image.tmdb.org/t/p/w342/49UwEe5U1GuRC6W7difviwCgde2.jpg,"Ayan","","Harris Jayaraj",,"Sad, Slowed + Reverb",0,2026-02-16T10:26:42.012011+00:00
d246571e-d6e2-4cc8-9bba-84292b3a28f4,"Veesum Velichathile - Nene Naani Ne",https://dfcvrisaejumfpjmalui.supabase.co/storage/v1/object/public/ringtone-files/veesum-velichathile-nene-naani-ne-eega-vocal-1770831988753.mp3,https://image.tmdb.org/t/p/w342/etHmdDnlfZv1dBilHhZ5zSuJnem.jpg,"Eega","Karthik and G. Sahithi","M.M. Keeravaani",,"Love, Vocal, Male",0,2026-02-11T18:01:05.760779+00:00
d2bfa662-a641-4b02-b2f4-783796179fae,"Cheenti Step",https://dfcvrisaejumfpjmalui.supabase.co/storage/v1/object/public/ringtone-files/cheenti-step-cheenti-step-tumse-na-ho-payega-vocal-1771173258246.mp3,https://image.tmdb.org/t/p/w342/ziz7A8NgRExxeCxmTYGE6VGuMKs.jpg,"Tumse Na Ho Payega","Abhishek Nailwal & Puneet Sharma","Abhishek Arora, Ananya Purkayastha",,"Vocal, Male",0,2026-02-15T16:34:26.625372+00:00
d2dfbe9f-e4f9-4ab7-94f6-060be16bbdf9,"A Legend Reborn",https://dfcvrisaejumfpjmalui.supabase.co/storage/v1/object/public/ringtone-files/a-legend-reborn-a-legend-reborn-barroz-guardian-of-treasures-vocal-1771168503281.mp3,https://image.tmdb.org/t/p/w342/uv0MQn1EYH9qK7bO8jZG0Cu8R4P.jpg,"Barroz: Guardian of Treasures","Fernando Boto De Jesus Guerreiro, Helena Filipa Da Rosa Candeias","Lydian Nadhaswaram, Mark Kilian",,"Vocal, Duet",0,2026-02-15T15:15:06.483417+00:00
d3589a1c-8a3c-4b3d-820a-cdc8e8535942,"Yaar Bna Apradhi",https://dfcvrisaejumfpjmalui.supabase.co/storage/v1/object/public/ringtone-files/yaar-bna-apradhi-yaar-bna-apradhi-yaar-bna-apradhi-vocal-1771057044042.mp3,https://images.unsplash.com/photo-1574267432644-f610a5e0d4c5?w=600,"Yaar Bna Apradhi","Ravi Buteri","",,"Vocal, Male",0,2026-02-14T08:17:28.472659+00:00
d3663921-4b1c-498f-97dd-2e20ebe34d13,"Bana Sharabi",https://dfcvrisaejumfpjmalui.supabase.co/storage/v1/object/public/ringtone-files/bana-sharabi-bana-sharabi-govinda-naam-mera-vocal-1771182945210.mp3,https://image.tmdb.org/t/p/w342/c93pb87QTyMIdzV6ufUZSQfVMFi.jpg,"Govinda Naam Mera","Tanishk Bagchi & Jubin Nautiyal","John Stewart Eduri, Meet Bros Anjjan, B Praak, Rochak Kohli, Sachin Sanghvi, Jigar Saraiya, Tanishk Bagchi",,"Vocal, Male",0,2026-02-15T19:15:51.657684+00:00
d3bf21cb-a88e-4de6-b85b-89a40664e473,"Janib-Sajde Kiye Hain",https://dfcvrisaejumfpjmalui.supabase.co/storage/v1/object/public/ringtone-files/janib-sajde-kiye-hain-janib-sajde-kiye-hain-janib-sajde-kiye-hain-vocal-1771336852714.mp3,https://is1-ssl.mzstatic.com/image/thumb/Music113/v4/84/df/dd/84dfdd2b-975b-580e-5a7c-dc9cbaa46188/8903431726605_cover.jpg/600x600bb.jpg,"Janib-Sajde Kiye Hain","Harshdeep Kaur, Javed Ali","",,"Love, Vocal, Duet",0,2026-02-17T14:00:58.115793+00:00
d46cab1e-f95e-4d7d-9db2-ab8cde1bd2d9,"The boss",https://dfcvrisaejumfpjmalui.supabase.co/storage/v1/object/public/ringtone-files/the-boss-the-boss-sivaji-the-boss-bgm-1771175647179.mp3,https://image.tmdb.org/t/p/w342/yBvsYnhrrTs1ZgHQNQTSdVA6uo8.jpg,"Sivaji: The Boss","A.R. Rahman, Blaaze, Naresh & Raqueeb Aalam","A.R. Rahman",,"BGM, Intro",0,2026-02-15T17:14:25.202044+00:00
d4e49391-4b19-40a8-b7f6-3847a0d2c4a8,"Eyy Nanbaa",https://dfcvrisaejumfpjmalui.supabase.co/storage/v1/object/public/ringtone-files/eyy-nanbaa-eyy-nanbaa-eyy-nanbaa-vocal-1771013056817.mp3,https://is1-ssl.mzstatic.com/image/thumb/Music221/v4/f0/b0/03/f0b0032f-b967-33c6-9474-9b19f79cb070/5034644441474.jpg/600x600bb.jpg,"Eyy Nanbaa","Shankar, Jagadeesh, Vallavan Annadurai","Bharath Shankar",,"Vocal, Male, Mass",0,2026-02-13T20:04:20.787518+00:00
d52b511d-af73-4d4a-8b8c-a66749081667,"Thalaivar Theme (Darbar Animation) - Darbar railway station fight",https://dfcvrisaejumfpjmalui.supabase.co/storage/v1/object/public/ringtone-files/darbar-thalaivar-theme-darbar-animation-darbar-railway-station-fight-1765408822161.mp3,https://image.tmdb.org/t/p/w500/39kVh9CWrY8cE6rIzRqwo6Dn1cZ.jpg,"Darbar","KBS Kasyap","Anirudh Ravichander",,"Mass, BGM, Instrumental",3,2025-12-10T23:20:26.268362+00:00
d54534bd-ab61-40f6-afa3-c8f2d9d034a0,"Indie Lofi Music",https://dfcvrisaejumfpjmalui.supabase.co/storage/v1/object/public/ringtone-files/indie-lofi-music-indie-lofi-music-indie-lofi-music-bgm-1771417367484.mp3,https://is1-ssl.mzstatic.com/image/thumb/Music116/v4/d3/08/bc/d308bc6a-20e1-6532-d933-35d1b429210e/5054197755538.jpg/600x600bb.jpg,"Indie Lofi Music","","",,"Lo-fi, BGM",0,2026-02-18T12:22:52.61442+00:00
d56a6512-9398-452e-8f88-1432ecc65b50,"Money in the Bank ",https://dfcvrisaejumfpjmalui.supabase.co/storage/v1/object/public/ringtone-files/money-in-the-bank-money-in-the-bank-money-in-the-bank-vocal-1770890880138.mp3,https://is1-ssl.mzstatic.com/image/thumb/Music118/v4/46/2d/a9/462da975-1957-f94a-9025-3e10c7afa9b4/00602517375765.rgb.jpg/600x600bb.jpg,"Money in the Bank ","Yuvan Shankar Raja, IC 9nerz, Bankrollsyoung, S Ghost","Yuvan Shankar Raja, IC 9nerz",,"Vocal, Male",0,2026-02-12T10:08:03.862795+00:00
d57d5050-4799-48d4-90a3-e272b829b52d,"Aashiqon Ki Colony",https://dfcvrisaejumfpjmalui.supabase.co/storage/v1/object/public/ringtone-files/aashiqon-ki-colony-aashiqon-ki-colony-o-romeo-vocal-1771016240091.mp3,https://image.tmdb.org/t/p/w342/Apqc5JSXQtUJPcBGm6tBO6wQaoq.jpg,"O'Romeo","Vishal Bhardwaj, Madhubanti Bagchi, Javed Ali & Gulzar","Vishal Bhardwaj",,"Vocal, Female",0,2026-02-13T20:57:23.470655+00:00
d592e1dc-5a6a-4d4e-98dd-0cc6ff98e36a,"Bejaara Aanen",https://dfcvrisaejumfpjmalui.supabase.co/storage/v1/object/public/ringtone-files/bejaara-aanen-bejaara-aanen-love-marriage-vocal-1771068666273.mp3,https://image.tmdb.org/t/p/w342/tLYMcBROkhdvUTjrA7Cgi8GlWI3.jpg,"Love Marriage","Sean Roldan, Sivaangi Krishnakumar, Mohan Rajan","Sean Roldan",,"Vocal, Female",0,2026-02-14T11:31:11.478264+00:00
d5aa854a-a0db-4181-ad87-c31707fb30aa,"Thaai Kizhavi - Thaai Kizhavi Vaaraa",https://dfcvrisaejumfpjmalui.supabase.co/storage/v1/object/public/ringtone-files/thaai-kizhavi-thaai-kizhavi-vaaraa-thaai-kizhavi-vocal-1770834756900.mp3,https://image.tmdb.org/t/p/w342/21dLAnBhu3dMjQ89UIHGEtkoQ02.jpg,"Thaai Kizhavi","Sivakarthikeyan, Nivas K Prasanna & Karumathur Manimaran","Nivas Prasanna",,"Mass, Vocal, Male",0,2026-02-11T18:47:11.104432+00:00
d5b14cab-2a1f-4c4f-90a0-35963d0239f4,"Stuck with you  - Stuck with U",https://dfcvrisaejumfpjmalui.supabase.co/storage/v1/object/public/ringtone-files/stuck-with-you-stuck-with-u-stuck-with-u-vocal-1770867013487.mp3,https://is1-ssl.mzstatic.com/image/thumb/Music115/v4/56/ee/ec/56eeecfb-a5f3-ced0-fa69-4eda0e474aec/20UMGIM34924.rgb.jpg/600x600bb.jpg,"Stuck with U","Ariana Grande & Justin Bieber","Ariana Grande & Justin Bieber",,"Love, Vocal, Duet",0,2026-02-12T03:30:23.217011+00:00
d61706f1-ffbe-4b59-b40a-8bba4ad4d7d6,"Manga love",https://dfcvrisaejumfpjmalui.supabase.co/storage/v1/object/public/ringtone-files/manga-love-nedunchaalai-vocal-1771010908098.mp3,https://image.tmdb.org/t/p/w342/vWL5KYpW2tn5jJkhhQKVfC1vBBq.jpg,"Nedunchaalai","","C. Sathya",,"Love, Vocal, Female",0,2026-02-13T19:28:29.803652+00:00
d61de503-dbe7-4e1f-9c1e-4a7355c3f0ed,"Kokarako",https://dfcvrisaejumfpjmalui.supabase.co/storage/v1/object/public/ringtone-files/kokarako-ghilli-1771006898737.mp3,https://image.tmdb.org/t/p/w342/aUvUohnBgX5sbuMKNyKDAPAoVNc.jpg,"Ghilli","","Vidyasagar",,"Love, Chorus",0,2026-02-13T18:21:45.87058+00:00
d7297533-0858-470c-954e-6c552473cb46,"Everyday  - Everyday feat. Future",https://dfcvrisaejumfpjmalui.supabase.co/storage/v1/object/public/ringtone-files/everyday-everyday-feat-future-dangerous-woman-vocal-1770829452132.mp3,https://is1-ssl.mzstatic.com/image/thumb/Music124/v4/12/5d/63/125d6389-2205-c77c-702c-8128e9020bd6/16UMGIM12432.rgb.jpg/600x600bb.jpg,"Dangerous Woman","Ariana Grande","Ariana Grande",,"Funny, Vocal, Female",0,2026-02-11T17:04:19.533597+00:00
d76638ae-d65e-4f5c-ba84-ff6cf893eb87,"Tie me down ",https://dfcvrisaejumfpjmalui.supabase.co/storage/v1/object/public/ringtone-files/tie-me-down-tie-me-down-tie-me-down-vocal-1770867158750.mp3,https://is1-ssl.mzstatic.com/image/thumb/Music125/v4/e4/d6/95/e4d695a3-8e01-4cd5-9b63-67d2abbffa38/00602567380719.rgb.jpg/600x600bb.jpg,"Tie Me Down","Gryffin & Elley Duhé","Gryffin & Elley Duhé",,"Love, Vocal, Duet",0,2026-02-12T03:32:45.003481+00:00
d798a099-bc65-4e0e-93bb-d41c8866cbdd,"Rasuthay - Besabriyaan",https://dfcvrisaejumfpjmalui.supabase.co/storage/v1/object/public/ringtone-files/rasuthay-besabriyaan-m-s-dhoni-the-untold-story-vocal-1771015860994.mp3,https://image.tmdb.org/t/p/w342/lUpMckVHaB55YJ3SMK0arwxKmCt.jpg,"M.S. Dhoni: The Untold Story","Armaan Malik","Amaal Mallik, Rochak Kohli",,"Love, Vocal, Male",0,2026-02-13T20:51:04.353674+00:00
d7eb921f-35dc-4d70-bfb2-f7d7c0383e78,"Ente Omane",https://dfcvrisaejumfpjmalui.supabase.co/storage/v1/object/public/ringtone-files/ente-omane-ente-omane-ente-omane-vocal-1770973985554.mp3,https://is1-ssl.mzstatic.com/image/thumb/Music211/v4/02/51/f9/0251f9d2-66eb-ba90-e38a-82d1ae2f766d/198391834943.jpg/600x600bb.jpg,"Ente Omane","Shakthisree Gopalan, Harsha Vardhan","Ganesan. S",,"Vocal, Duet",0,2026-02-13T09:13:09.830361+00:00
d8129f47-61e0-45ba-9007-2038b255b378,"Money heist",https://dfcvrisaejumfpjmalui.supabase.co/storage/v1/object/public/ringtone-files/money-heist-money-heist-money-heist-riddim-instrumental-1770572467789.mp3,https://is1-ssl.mzstatic.com/image/thumb/Music113/v4/c0/cf/3a/c0cf3aa7-8f5d-96e2-9a13-38c205734ecf/840042854212.png/600x600bb.jpg,"Money Heist Riddim","Popcaan","Popcaan",,"Mass, Instrumental, Guitar",0,2026-02-08T17:41:14.36977+00:00
d852fab7-c618-4312-b194-2f491334d683,"Sisters financial ",https://dfcvrisaejumfpjmalui.supabase.co/storage/v1/object/public/ringtone-files/sisters-financial-comali-bgm-instrumental-1771074916017.mp3,https://image.tmdb.org/t/p/w342/a6ruupinOM7HwjcR3Uafx9YfwM8.jpg,"Comali","","HipHop Tamizha Jeeva, HipHop Tamizha Adhi",,"BGM, Instrumental, Violin",0,2026-02-14T13:15:24.95476+00:00
d89f7d68-41ff-4992-8daa-63d8b77fbd07,"Neeye - Neeye Neeye II",https://dfcvrisaejumfpjmalui.supabase.co/storage/v1/object/public/ringtone-files/neeye-neeye-neeye-ii-m-kumaran-s-o-mahalakshmi-vocal-1771007864803.mp3,https://image.tmdb.org/t/p/w342/ArVe9XK7XyGtG8lP6o0n7TUP0FC.jpg,"M. Kumaran S/O Mahalakshmi","Srikanth Deva","Srikanth Deva",,"Motivational, Vocal, Male",0,2026-02-13T18:37:50.019855+00:00
d8a68ac1-47cf-4c6c-aaac-e07a6af71a7b,"Mary go round",https://dfcvrisaejumfpjmalui.supabase.co/storage/v1/object/public/ringtone-files/mary-go-round-mary-go-round-contrast-deluxe-version-vocal-1770829029728.mp3,https://is1-ssl.mzstatic.com/image/thumb/Music124/v4/03/b9/df/03b9dfb1-add5-bdac-fc5c-dbfd386f93e2/5099995818559.jpg/600x600bb.jpg,"Contrast Deluxe Version","Conor Maynard","Conor Maynard",,"Love, Vocal, Male",0,2026-02-11T16:57:14.504262+00:00
d8ef0977-c26e-4107-b969-d4d08dc57565,"Neel iravu",https://dfcvrisaejumfpjmalui.supabase.co/storage/v1/object/public/ringtone-files/neel-iravu-neel-iravu-kaithi-instrumental-1771009762960.mp3,https://image.tmdb.org/t/p/w342/mxvOvom5zKRp4WPURKrhjoatt4P.jpg,"Kaithi","Sam C S","Sam C S",,"Mass, Instrumental, Violin",0,2026-02-13T19:09:29.142277+00:00
d95f85fa-89d2-44ca-96f1-532bba05d8cf,"Hora",https://dfcvrisaejumfpjmalui.supabase.co/storage/v1/object/public/ringtone-files/hora-hora-hora-vocal-1770956094385.mp3,https://is1-ssl.mzstatic.com/image/thumb/Music211/v4/13/f2/18/13f21850-fe4a-c1bb-42d0-d070d23eff26/cover.jpg/600x600bb.jpg,"Hora","Karthik, Sruthi Sankaran, LOKESH CHANDRASEKAR","Lokesh Chandrasekar",,"Love, Vocal, Male",0,2026-02-13T04:15:05.194998+00:00
da6d5db0-4fba-4238-9180-0da3afaf8056,"Parotta Varatta",https://dfcvrisaejumfpjmalui.supabase.co/storage/v1/object/public/ringtone-files/parotta-varatta-parotta-varatta-parotta-varatta-vocal-1770962731454.mp3,https://is1-ssl.mzstatic.com/image/thumb/Music116/v4/30/26/40/3026408f-4f30-9d12-9031-c308720e3a0b/cover.jpg/600x600bb.jpg,"Parotta Varatta","808Krshna, B.S.Roshan","808Krshna",,"Vocal, Male",0,2026-02-13T06:05:37.237047+00:00
daf8b6a6-6c0d-4b8a-b57e-712864d4cddc,"Aagayam Ambuttayum",https://dfcvrisaejumfpjmalui.supabase.co/storage/v1/object/public/ringtone-files/aagayam-ambuttayum-freedom-vocal-1771068226909.mp3,https://image.tmdb.org/t/p/w342/eNmc6O7g6vLfOwTvLUgiaKP8PuT.jpg,"Freedom","Pradeep Kumar","Arjan Brentjes",,"Vocal, Male",0,2026-02-14T11:23:50.281254+00:00
db4763b0-6435-46f0-a159-293244675630,"Romance in Bazzar",https://dfcvrisaejumfpjmalui.supabase.co/storage/v1/object/public/ringtone-files/romance-in-bazzar-ayan-humming-1771237523289.mp3,https://image.tmdb.org/t/p/w342/49UwEe5U1GuRC6W7difviwCgde2.jpg,"Ayan","","Harris Jayaraj",,"Love, Humming",0,2026-02-16T10:28:22.427051+00:00
db65b570-f524-493e-addf-369498d12861,"bgm ",https://dfcvrisaejumfpjmalui.supabase.co/storage/v1/object/public/ringtone-files/murugan-chinna-chinna-murugaiyyaaa-bgm-instrumental-1769354402409.mp3,https://images.unsplash.com/photo-1604608672516-f1b1f1c0b4e1?w=600,"Murugan","","",,"Devotional, BGM, Instrumental",3,2026-01-25T15:20:06.395464+00:00
dbc2d4a4-33e1-4ef6-9854-c3cc57f5960c,"Aadaamal Aadukiren",https://dfcvrisaejumfpjmalui.supabase.co/storage/v1/object/public/ringtone-files/aadaamal-aadukiren-aadaamal-aadukiren-aayirathil-oruvan-vocal-1771051361240.mp3,https://image.tmdb.org/t/p/w342/3f5YD7ea4NWO0FBDH8sdintJ0Jn.jpg,"Aayirathil Oruvan"," P. Susheela, Viswanathan-Ramamoorthy","M. S. Viswanathan, T. K. Ramamoorthy",,"Vocal, Female",0,2026-02-14T06:42:45.797611+00:00
dbd90f8f-8a3e-4dbd-8dbc-d16cdad7defd,"Wakthu bhi - Sunn Raha Hai",https://dfcvrisaejumfpjmalui.supabase.co/storage/v1/object/public/ringtone-files/wakthu-bhi-sunn-raha-hai-aashiqui-2-vocal-1770830050816.mp3,https://image.tmdb.org/t/p/w342/lMblq8xcQIRRIVdaMg1XC283gU0.jpg,"Aashiqui 2","Shreya Ghoshal","Jeet Gannguli, Ankit Tiwari, Mithoon Sharma",,"Love, Vocal, Female",0,2026-02-11T17:28:44.594831+00:00
dbe9051a-bd80-4bab-a8dc-c10126d5d1ff,"Akele Toh Nahi Ho",https://dfcvrisaejumfpjmalui.supabase.co/storage/v1/object/public/ringtone-files/akele-toh-nahi-ho-akele-toh-nahi-ho-8-a-m-metro-vocal-1771178238864.mp3,https://image.tmdb.org/t/p/w342/2KdV70HDpz3qamEqKD9fMj00d1h.jpg,"8 A.M. Metro","Gulzar, Saiyami Kher & Mark K Robin","Mark K. Robin",,"Vocal, Female",0,2026-02-15T17:57:26.701628+00:00
dbeade4a-9035-4f2a-aa94-513f004682bf,"Aadiye humming ",https://dfcvrisaejumfpjmalui.supabase.co/storage/v1/object/public/ringtone-files/aadiye-humming-bachelor-ringtone-1765257165617.mp3,https://image.tmdb.org/t/p/w500/569NxKoT8wFcDOiRokFsbpqfiPR.jpg,"Bachelor","","Siddhu Kumar",,"Love, Humming, Male",3,2025-12-09T05:12:50.232187+00:00
dc3386cc-a86a-4b4b-8bf5-3cfef714aac6,"Indie Pop Reverb",https://dfcvrisaejumfpjmalui.supabase.co/storage/v1/object/public/ringtone-files/indie-pop-reverb-indie-pop-reverb-indie-pop-reverb-bgm-remix-1771417538607.mp3,https://is1-ssl.mzstatic.com/image/thumb/Music211/v4/b3/5e/0f/b35e0fbe-2370-fc48-0f0c-977525e93bf2/720841214601_Cover.jpg/600x600bb.jpg,"Indie Pop Reverb","","",,"BGM, Remix",0,2026-02-18T12:25:43.329572+00:00
dc39170e-5348-447a-adf9-f75b99b77508,"Jeena Sikha De",https://dfcvrisaejumfpjmalui.supabase.co/storage/v1/object/public/ringtone-files/jeena-sikha-de-srikanth-vocal-1771168940269.mp3,https://image.tmdb.org/t/p/w342/nkWF1jIMQqWZSShNTAdBUqrdFsZ.jpg,"Srikanth","Arijit Singh, Ved Sharma, Kunaal Vermaa","Sachet Tandon, Parampara Thakur, Tanishk Bagchi, Ved Sharma, Aanand Milind, Aditya Dev, Ishaan Chhabra",,"Vocal, Male",0,2026-02-15T15:22:23.462767+00:00
dc4badef-e2ad-4410-a49e-03f3065f6289,"Karuppu won",https://dfcvrisaejumfpjmalui.supabase.co/storage/v1/object/public/ringtone-files/karuppu-won-aadukalam-instrumental-1770987317753.mp3,https://image.tmdb.org/t/p/w342/osU8Egxu2xhS6RwkxDbfOMYjZZ2.jpg,"Aadukalam","G V Prakash ","G. V. Prakash Kumar",,"Mass, Instrumental, Guitar",0,2026-02-13T12:55:21.19861+00:00
dc50b436-95cc-413b-b7a5-ac51c054d604,"Azhiyilae",https://dfcvrisaejumfpjmalui.supabase.co/storage/v1/object/public/ringtone-files/azhiyilae-azhiyilae-dhaam-dhoom-vocal-1770877195654.mp3,https://image.tmdb.org/t/p/w342/xmuDcgC97Tf3P1XxHMHRPC2JO8A.jpg,"Dhaam Dhoom","Harris Jayaraj & Haricharan","Harris Jayaraj",,"Love, Vocal, Male",0,2026-02-12T06:19:58.352186+00:00
dc77f05c-24dd-44d8-a385-834097a57c97,"Maathai meets gopan",https://dfcvrisaejumfpjmalui.supabase.co/storage/v1/object/public/ringtone-files/maathai-meets-gopan-aaraattu-1771176709575.mp3,https://image.tmdb.org/t/p/w342/qt5zIVjW1ThRhJkSetOFlnySsoW.jpg,"Aaraattu","","Rahul Raj",,"Mass, Cover",0,2026-02-15T17:31:58.18928+00:00
dca192fd-766e-4543-a830-b13bc92fd7a8,"Flute ",https://dfcvrisaejumfpjmalui.supabase.co/storage/v1/object/public/ringtone-files/kaatru-veliyidai-nallai-allai-flute-instrumental-1769330849054.mp3,https://image.tmdb.org/t/p/w342/eAhi75mHLylj5J0ZsjhaVTtHhQD.jpg,"Kaatru Veliyidai","A.R. Rahman, Sathya Prakash & Chinmayi Sripada","A.R. Rahman",,"Love, Flute, Instrumental",0,2026-01-25T08:47:30.832854+00:00
dcf65c46-9d08-4c89-bcd1-6ce6d6eb4748,"Pudhalva - Rathamaarey",https://dfcvrisaejumfpjmalui.supabase.co/storage/v1/object/public/ringtone-files/pudhalva-rathamaarey-jailer-vocal-1771008588943.mp3,https://image.tmdb.org/t/p/w342/pTmMxAHqX4vsIDE6HPPxOR0Q6TN.jpg,"Jailer","Vishal Mishra, Anirudh Ravichander & Vignesh Shivan","Anirudh Ravichander",,"Love, Vocal, Male",0,2026-02-13T18:49:57.481835+00:00
dd2d3a09-7d41-4381-a667-cbe06d56ff5c,"Janiye",https://dfcvrisaejumfpjmalui.supabase.co/storage/v1/object/public/ringtone-files/janiye-chor-nikal-ke-bhaga-vocal-1771176101261.mp3,https://image.tmdb.org/t/p/w342/1MIDERaEUMw1rYDM99tGZPY80Ap.jpg,"Chor Nikal Ke Bhaga","Noor Chahal","Ketan Sodha",,"Love, Vocal, Male",0,2026-02-15T17:21:49.704398+00:00
dd2daeff-7ee1-4e19-983d-0629fe608b7c,"Bun Butter Jam - Give me Some Bun Butter Jam",https://dfcvrisaejumfpjmalui.supabase.co/storage/v1/object/public/ringtone-files/bun-butter-jam-give-me-some-bun-butter-jam-bun-butter-jam-vocal-1771067896472.mp3,https://image.tmdb.org/t/p/w342/bCnVJU1HrQVpk0R68aOw93iIeKJ.jpg,"Bun Butter Jam","Nivas K. Prasanna & Saras menon","Nivas K. Prasanna",,"Mass, Vocal, Duet",0,2026-02-14T11:18:20.137305+00:00
dd39be6a-261b-4a82-afff-9f76a57ac0e6,"Nedunchalai BGM ",https://dfcvrisaejumfpjmalui.supabase.co/storage/v1/object/public/ringtone-files/nedunchalai-bgm-nedunchaalai-humming-1771010871796.mp3,https://image.tmdb.org/t/p/w342/vWL5KYpW2tn5jJkhhQKVfC1vBBq.jpg,"Nedunchaalai","","C. Sathya",,"BGM, Humming",0,2026-02-13T19:27:59.029691+00:00
dda764c2-d440-4d74-97f9-fc3f1b701395,"Vaanaambaa",https://dfcvrisaejumfpjmalui.supabase.co/storage/v1/object/public/ringtone-files/vaanaambaa-vaanaambaa-vaanaambaa-instrumental-1770964767792.mp3,https://is1-ssl.mzstatic.com/image/thumb/Music124/v4/99/6c/d5/996cd584-1d1b-112e-c81f-bc211b30b455/cover.jpg/600x600bb.jpg,"Vaanaambaa","Asal Kolaar, OfRO","Rohith Abraham",,"Instrumental, Drums",0,2026-02-13T06:39:30.331873+00:00
ddbfc760-9121-462b-81f9-97743d711f8f,"Jeete Jee Yaar Gya Mujhe Maar",https://dfcvrisaejumfpjmalui.supabase.co/storage/v1/object/public/ringtone-files/jeete-jee-yaar-gya-mujhe-maar-jeete-jee-yaar-gya-mujhe-maar-jeete-jee-yaar-gya-mujhe-maar-vocal-1771056853084.mp3,https://is1-ssl.mzstatic.com/image/thumb/Music211/v4/de/f6/ae/def6ae99-863e-6f31-5b76-ff431ece62e6/199538852943.jpg/600x600bb.jpg,"Jeete Jee Yaar Gya Mujhe Maar","	Shahid Ali Khan","",,"Vocal, Male",0,2026-02-14T08:14:18.783932+00:00
decfaafe-b516-4d2f-a3e7-081572ac81ac,"Heavy rain shadow ",https://dfcvrisaejumfpjmalui.supabase.co/storage/v1/object/public/ringtone-files/heavy-rain-shadow-thudarum-bgm-instrumental-1771175115617.mp3,https://image.tmdb.org/t/p/w342/uOTDBabtxHA6szYKQNQe9Y7rFlv.jpg,"Thudarum","","Jakes Bejoy",,"BGM, Instrumental, Guitar",0,2026-02-15T17:05:43.879462+00:00
df47683d-c21d-46dc-8a7e-590f03e7b3a3,"Mere Sang Tu Bhi Badnaam Ho Gayi",https://dfcvrisaejumfpjmalui.supabase.co/storage/v1/object/public/ringtone-files/mere-sang-tu-bhi-badnaam-ho-gayi-mere-sang-tu-bhi-badnaam-ho-gayi-mere-sang-tu-bhi-badnaam-ho-gayi-vocal-1771058066251.mp3,https://is1-ssl.mzstatic.com/image/thumb/Music221/v4/91/c7/c3/91c7c3d4-9b46-2439-b1a0-e8d293d6963d/199538848090.jpg/600x600bb.jpg,"Mere Sang Tu Bhi Badnaam Ho Gayi","Shahid Ali Khan","Shahid Ali Khan",,"Vocal, Male",0,2026-02-14T08:34:35.666974+00:00
df4b3a0b-3712-40e6-9840-af3073885e86,"Pain of one side love ",https://dfcvrisaejumfpjmalui.supabase.co/storage/v1/object/public/ringtone-files/pain-of-one-side-love-ethir-neechal-instrumental-1770965706445.mp3,https://image.tmdb.org/t/p/w342/i8ZM9Z8EOFb6sQknTuhsvklDXe6.jpg,"Ethir Neechal","","Anirudh Ravichander",,"Sad, Instrumental, Violin",0,2026-02-13T06:55:10.79898+00:00
df5e6663-6404-4255-b2a4-8ea5101008a1,"Kaanamale",https://dfcvrisaejumfpjmalui.supabase.co/storage/v1/object/public/ringtone-files/kaanamale-kaanamale-usurae-vocal-1771067838755.mp3,https://image.tmdb.org/t/p/w342/80CaCVFGuM9f9yJzw5SripdLlAq.jpg,"Usurae","K.S. Chithra, L.A.L & Kiran Joze","Kiran Jose",,"Vocal, Female",0,2026-02-14T11:17:22.512798+00:00
dfb8758e-89b1-4e48-a95a-203b2242d6d1,"Darr Ke Aage Dance",https://dfcvrisaejumfpjmalui.supabase.co/storage/v1/object/public/ringtone-files/darr-ke-aage-dance-darr-ke-aage-dance-ufff-yeh-siyapaa-vocal-1771148529665.mp3,https://image.tmdb.org/t/p/w342/6ntsWm5J9S45ItTBjQvNRy3wWfY.jpg,"Ufff Yeh Siyapaa","A.R. Rahman, Kumaar & Benny Dayal","A.R. Rahman",,"Vocal, Male",0,2026-02-15T09:42:12.395716+00:00
e00cdbab-de12-4ba1-ae9f-5a3d5b64774e," Chillana Sirukki",https://dfcvrisaejumfpjmalui.supabase.co/storage/v1/object/public/ringtone-files/chillana-sirukki-blackmail-vocal-1771066938040.mp3,https://image.tmdb.org/t/p/w342/apt3peZIUjd56Rkt0HGxp6EaxKe.jpg,"Blackmail","Kapil Kapilan, Sam C.S.","Sam C.S",,"Vocal, Male",0,2026-02-14T11:02:21.86867+00:00
e0569378-32cf-4556-9410-2238dac6e4ad,"Nenjame",https://dfcvrisaejumfpjmalui.supabase.co/storage/v1/object/public/ringtone-files/nenjame-nenjame-nenjame-vocal-1770959398662.mp3,https://is1-ssl.mzstatic.com/image/thumb/Music116/v4/0c/09/8a/0c098a98-b6d0-0358-d8d2-06f5118c3ae1/196871203265.jpg/600x600bb.jpg,"Nenjame","Pranav Giridharan, Haritha Shri Varshini","Pranav Giridharan",,"Love, Vocal, Duet",0,2026-02-13T05:10:03.885753+00:00
e05cbad5-0693-4812-9e80-9fba20025350,"Varriya - Varriyaa - Night Life",https://dfcvrisaejumfpjmalui.supabase.co/storage/v1/object/public/ringtone-files/varriya-varriyaa-night-life-pudhupettai-bgm-vocal-1770895490018.mp3,https://image.tmdb.org/t/p/w342/tDHgRk7Q0YjpXennMPUXpZrB1gQ.jpg,"Pudhupettai","Yuvan Shankar Raja, Narayan, Naveen Mathav & Ranjith","Yuvan Shankar Raja",,"BGM, Vocal, Male",1,2026-02-12T11:24:54.840701+00:00
e0b0838e-86b4-4bec-aa7c-10633e9974df,"Arakkiye",https://dfcvrisaejumfpjmalui.supabase.co/storage/v1/object/public/ringtone-files/arakkiye-arakkiye-arakkiye-vocal-1770888258616.mp3,https://is1-ssl.mzstatic.com/image/thumb/Music124/v4/6d/9d/54/6d9d5452-31b2-01a2-338a-618149c0b298/886449095285.jpg/600x600bb.jpg,"Arakkiye","Anivee, Amitash, Jonita Gandhi","AniVee",,"Love, Vocal, Female",0,2026-02-12T09:24:21.40639+00:00
e0c6bd8d-73d7-4f65-a23e-e23b219cd32f,"Yesodhai & poomaalai love",https://dfcvrisaejumfpjmalui.supabase.co/storage/v1/object/public/ringtone-files/yesodhai-poomaalai-love-yesodhai-poomaalai-lubber-pandhu-vocal-1770984459865.mp3,https://image.tmdb.org/t/p/w342/jNyLZjIgaYVkBli2JihHwABlAPY.jpg,"Lubber Pandhu","Sean Roldan","Sean Roldan",,"Love, Vocal, Duet",1,2026-02-13T12:07:44.281376+00:00
e0d6ddb0-a900-4416-b728-e0377c1a6c73,"Mood - Mood feat. iann dior",https://dfcvrisaejumfpjmalui.supabase.co/storage/v1/object/public/ringtone-files/mood-mood-feat-iann-dior-el-dorado-vocal-1770825211234.mp3,https://is1-ssl.mzstatic.com/image/thumb/Music125/v4/ac/fe/35/acfe3571-3872-92c6-e208-072fe362d7c3/886449095070.jpg/600x600bb.jpg,"El Dorado","24kGoldn","24kGoldn",,"Love, Vocal, Male",0,2026-02-11T15:53:42.689367+00:00
e0ee319c-9d3f-4d71-b967-ce44ef962d52,"Teri Yaad Satati Hai Mujhko",https://dfcvrisaejumfpjmalui.supabase.co/storage/v1/object/public/ringtone-files/teri-yaad-satati-hai-mujhko-teri-yaad-satati-hai-mujhko-teri-yaad-satati-hai-mujhko-vocal-1771056780216.mp3,https://is1-ssl.mzstatic.com/image/thumb/Music211/v4/31/a1/5f/31a15f64-ae01-7810-78e7-b86a3dbea1eb/199538847536.jpg/600x600bb.jpg,"Teri Yaad Satati Hai Mujhko","Shahid Ali Khan","",,"Vocal, Female",0,2026-02-14T08:13:05.949337+00:00
e167364b-c547-4917-bde3-eaf0316c84b7,"Manam Manam - Yaaro Manathile",https://dfcvrisaejumfpjmalui.supabase.co/storage/v1/object/public/ringtone-files/manam-manam-yaaro-manathile-dhaam-dhoom-vocal-1770877705870.mp3,https://image.tmdb.org/t/p/w342/xmuDcgC97Tf3P1XxHMHRPC2JO8A.jpg,"Dhaam Dhoom","Harris Jayaraj, Bombay Jayashri & Krish","Harris Jayaraj",,"Love, Vocal, Female",0,2026-02-12T06:28:28.185013+00:00
e19e5434-9f84-40a0-9b52-b6470e327181,"The phase of death call  - The Phase Of Deathcall",https://dfcvrisaejumfpjmalui.supabase.co/storage/v1/object/public/ringtone-files/the-phase-of-death-call-the-phase-of-deathcall-kaithi-interlude-1771009028642.mp3,https://image.tmdb.org/t/p/w342/mxvOvom5zKRp4WPURKrhjoatt4P.jpg,"Kaithi","Sam C S","Sam C S",,"Mass, Interlude",0,2026-02-13T18:57:15.13792+00:00
e1d3f5aa-becf-438a-b369-5ee3dff595a6,"Squid game theme  - Squid Game - The Original",https://dfcvrisaejumfpjmalui.supabase.co/storage/v1/object/public/ringtone-files/squid-game-theme-squid-game-the-original-squid-game-the-original-bgm-instrumental-1770827311816.mp3,https://is1-ssl.mzstatic.com/image/thumb/Music125/v4/f9/a4/70/f9a47056-f53a-22ff-bb1b-1884a7bf1800/886449668434.jpg/600x600bb.jpg,"Squid Game - The Original","Nicolas Julian & Paratone","Nicolas Julian & Paratone",,"BGM, Instrumental, Guitar",0,2026-02-11T16:28:36.187633+00:00
e1dbf69a-d33b-4146-b432-e63db75c7bb3,"Mugam Kaatu Nee - Nee Kavithaigala [Piano Cover]",https://dfcvrisaejumfpjmalui.supabase.co/storage/v1/object/public/ringtone-files/mugam-kaatu-nee-nee-kavithaigala-piano-cover-maragadha-naanayam-1770827281500.mp3,https://image.tmdb.org/t/p/w342/tJmCAonJK2nhnlnqzM0WXgjyiqz.jpg,"Maragadha Naanayam","Pradeep Kumar","Dhibu Ninan Thomas",,"Love, Chorus",0,2026-02-11T16:42:39.130881+00:00
e28b9dbe-3e0d-4ddd-9d32-357206cfc996,"Jana Nayagan - Chella Magale - endhan nenjil kidi irukum - Vocal",https://dfcvrisaejumfpjmalui.supabase.co/storage/v1/object/public/ringtone-files/jana-nayagan-chella-magale-endhan-nenjil-kidi-irukum-vocal-1769094883472.mp3,https://image.tmdb.org/t/p/w342/jt8pfSIdi47YpFMMWVRr8w5u2S0.jpg,"Jana Nayagan","Anirudh Ravichander, Thalapathy Vijay & Vivek","Anirudh Ravichander",,"Mass, Vocal, Male",2,2026-01-22T15:14:46.97581+00:00
e2b72454-8fce-4b32-8830-c9081c217c93,"Avalum Naanum - Kadhalikathey",https://dfcvrisaejumfpjmalui.supabase.co/storage/v1/object/public/ringtone-files/avalum-naanum-kadhalikathey-imaikkaa-nodigal-vocal-1770830469979.mp3,https://image.tmdb.org/t/p/w342/mHkeMrAqW4TnRkeI1Xl8qwuGyPg.jpg,"Imaikkaa Nodigal","Hiphop Tamizha & Kaushik Krish","HipHop Tamizha Adhi, HipHop Tamizha Jeeva",,"Sad, Vocal, Male",0,2026-02-11T17:35:49.449828+00:00
e2d818f1-838c-48c3-a173-a82ebd1d0dff,"Enjaami Thandhaane",https://dfcvrisaejumfpjmalui.supabase.co/storage/v1/object/public/ringtone-files/enjaami-thandhaane-enjaami-thandhaane-idli-kadai-vocal-1771066425627.mp3,https://image.tmdb.org/t/p/w342/9ViF6UTWMh14gx77RvFALe5R6AL.jpg,"Idli Kadai","Dhanush, Arivu & G.V. Prakash Kumar","G. V. Prakash Kumar",,"Vocal, Male",1,2026-02-14T10:53:49.854565+00:00
e3cb62cf-ff3c-4e83-a798-4db9cb24e91c,"Jee Machi",https://dfcvrisaejumfpjmalui.supabase.co/storage/v1/object/public/ringtone-files/jee-machi-jee-machi-jee-machi-vocal-1770964696171.mp3,https://is1-ssl.mzstatic.com/image/thumb/Music221/v4/62/b5/68/62b56846-d93e-7a8b-189c-0bc9b7ef2542/25UMGIM73377.rgb.jpg/600x600bb.jpg,"Jee Machi","Naveed Rehman","Naveed Rehman",,"Vocal, Love, Male",0,2026-02-13T06:38:18.68276+00:00
e45a66e5-bc55-4f62-83f2-5ab0d6d8fc8c,"Beqaaboo",https://dfcvrisaejumfpjmalui.supabase.co/storage/v1/object/public/ringtone-files/beqaaboo-beqaaboo-gehraiyaan-vocal-1771182513020.mp3,https://image.tmdb.org/t/p/w342/AqqMoV3o83oiPZSUrBBeujKnk1n.jpg,"Gehraiyaan","OAFF, Savera, Shalmali Kholgade & Kausar Munir","Kabeer Kathpalia, Savera Mehta",,"Vocal, Duet",0,2026-02-15T19:08:38.459049+00:00
e484bb4f-b092-4c46-b92b-14899a20bd34,"Jalsa Theme Instrumental",https://dfcvrisaejumfpjmalui.supabase.co/storage/v1/object/public/ringtone-files/jalsa-theme-instrumental-jalsa-jalsa-1771182027693.mp3,https://image.tmdb.org/t/p/w342/lVSngJ58iGZ0CEo9AmUuvpEXa2K.jpg,"Jalsa","Gaurav Chatterji","Gaurav Chatterji, Salvage Audio Collective",,"Instrumental, Piano",0,2026-02-15T19:00:31.829079+00:00
e48f5912-d14b-430a-9c1d-ddbe91ca8334,"Jana Nayagan BGM - Tvk bgm",https://dfcvrisaejumfpjmalui.supabase.co/storage/v1/object/public/ringtone-files/jana-nayagan-jana-nayagan-bgm-tvk-bgm-1765443549996.mp3,https://image.tmdb.org/t/p/w500/iSPG1IB7KyP8i3gvXzkhP9cFxQi.jpg,"Jana Nayagan","Sahul Beats","Anirudh Ravichander",,"Mass, BGM, Instrumental",15,2025-12-11T08:59:14.358632+00:00
e4d266a2-36c9-4d4f-8b4e-60593efbf8c4,"Billa 2 Theme Music",https://dfcvrisaejumfpjmalui.supabase.co/storage/v1/object/public/ringtone-files/billa-2-theme-music-billa-2-theme-music-billa-ii-instrumental-1771050222966.mp3,https://image.tmdb.org/t/p/w342/gADzX6C4pGHneBoU148LXFMDyMr.jpg,"Billa II","Yuvan Shankar Raja","Yuvan Shankar Raja",,"Instrumental, Mass, Guitar, Drums, Harmonica, Whistle",0,2026-02-14T06:23:45.620536+00:00
e4ecd736-9e5d-4e77-84af-c2df6e57cb07,"Akkhan Beqadra Naal Laaiyan",https://dfcvrisaejumfpjmalui.supabase.co/storage/v1/object/public/ringtone-files/akkhan-beqadra-naal-laaiyan-akkhan-beqadra-naal-laaiyan-akkhan-beqadra-naal-laaiyan-vocal-1771063576474.mp3,https://is1-ssl.mzstatic.com/image/thumb/Music211/v4/0c/59/c2/0c59c2e6-fe42-863d-90f5-c797d1b2653c/199538825473.jpg/600x600bb.jpg,"Akkhan Beqadra Naal Laaiyan","Shahid Ali Khan","",,"Vocal, Male",0,2026-02-14T10:06:23.722748+00:00
e52bd22c-61ce-4578-85aa-813d03684e86,"Thanga Thaali",https://dfcvrisaejumfpjmalui.supabase.co/storage/v1/object/public/ringtone-files/thanga-thaali-thanga-thaali-thanga-thaali-vocal-1770883053677.mp3,https://is1-ssl.mzstatic.com/image/thumb/Music221/v4/4f/a9/a6/4fa9a681-4671-3639-c2fb-7dbfd420205f/199350194375.jpg/600x600bb.jpg,"Thanga Thaali","Stephen Zechariah, Magisha","Stephen Zechariah",,"Love, Vocal, Duet",0,2026-02-12T07:57:38.153805+00:00
e5a959d2-9ed0-4397-9847-e017620b4c54,"Cute'u' Ponnu",https://dfcvrisaejumfpjmalui.supabase.co/storage/v1/object/public/ringtone-files/cute-u-ponnu-cute-u-ponnu-oho-enthan-baby-vocal-1771068488332.mp3,https://image.tmdb.org/t/p/w342/ffnBY54B4Etmu0UCpMXiJNNTlRV.jpg,"Oho Enthan Baby","Jen Martin & Lavita Lobo","Jen Martin",,"Vocal, Male",0,2026-02-14T11:28:12.70673+00:00
e663c865-34f2-4aa7-b677-1cd5a52fa713,"Bade Miyan Chote Miyan - Title Track - Bade Miyan Chote Miyan Title Track",https://dfcvrisaejumfpjmalui.supabase.co/storage/v1/object/public/ringtone-files/bade-miyan-chote-miyan-title-track-bade-miyan-chote-miyan-title-track-bade-miyan-chote-miyan-vocal-1771158760798.mp3,https://image.tmdb.org/t/p/w342/ote8HmQOgmoAfqFaqVKsEdgD2q4.jpg,"Bade Miyan Chote Miyan","Vishal Mishra, Anirudh Ravichander & Irshad Kamil","Vishal Mishra, Julius Packiam",,"Vocal, Male, Mass",0,2026-02-15T12:32:45.679884+00:00
e68af7f4-be1a-4c44-85e3-1c5c9ce82fab,"MC - Magic",https://dfcvrisaejumfpjmalui.supabase.co/storage/v1/object/public/ringtone-files/mc-magic-ghost-stories-vocal-1769603847903.mp3,https://is1-ssl.mzstatic.com/image/thumb/Features125/v4/60/90/ad/6090adc3-8863-861d-afcc-23c55c6fe5da/dj.vmtulfyu.jpg/600x600bb.jpg,"Ghost Stories","Coldplay","Coldplay",,"Vocal, Mass, Male",0,2026-01-28T12:37:51.721974+00:00
e68efe6a-b2a0-4421-89f2-4d39b2e56bb2,"Psycho - Psycho feat. Ty Dolla $ign",https://dfcvrisaejumfpjmalui.supabase.co/storage/v1/object/public/ringtone-files/psycho-psycho-feat-ty-dolla-ign-beerbongs-bentleys-vocal-1770826182530.mp3,https://is1-ssl.mzstatic.com/image/thumb/Music124/v4/55/9f/fb/559ffb75-3c00-abd6-7b1f-8b6b1518b173/18UMGIM22101.rgb.jpg/600x600bb.jpg,"beerbongs & bentleys","Post Malone","Post Malone",,"Love, Vocal, Male",0,2026-02-11T16:09:47.081113+00:00
e6a0e2fa-2726-4b21-8f5e-de8f162ca95b,"Padayappa Theme - Bgm",https://dfcvrisaejumfpjmalui.supabase.co/storage/v1/object/public/ringtone-files/padayappa-padayappa-theme-bgm-1765365061299.mp3,https://image.tmdb.org/t/p/w500/8PSYF0AtpLbSlTDneCUo7zP4qL1.jpg,"Padayappa","A.R. Rahman","A.R. Rahman",,"Mass, BGM, Instrumental",3,2025-12-10T11:11:07.140113+00:00
e6c1f1b1-5688-4c45-b66d-8a225060c92b,"Ram Bhakt Hanuman",https://dfcvrisaejumfpjmalui.supabase.co/storage/v1/object/public/ringtone-files/ram-bhakt-hanuman-ram-bhakt-hanuman-ram-bhakt-hanuman-vocal-1771056621001.mp3,https://is1-ssl.mzstatic.com/image/thumb/Music221/v4/54/e3/2b/54e32b51-fa45-218c-94be-899dec8cc65f/198846647852.jpg/600x600bb.jpg,"Ram Bhakt Hanuman","Narci, xzeus, Mahendra Kapoor, Aziz Nazan","",,"Vocal, Male",0,2026-02-14T08:10:25.447192+00:00
e720f229-5564-4836-a526-86e016ad48fd,"Mann Ati Sundar Title Song",https://dfcvrisaejumfpjmalui.supabase.co/storage/v1/object/public/ringtone-files/mann-ati-sundar-title-song-mann-ati-sundar-mann-ati-sundar-vocal-1771056359751.mp3,https://is1-ssl.mzstatic.com/image/thumb/Music211/v4/a3/34/ef/a334efb5-1e32-b363-c467-f676836579ce/8905574563581.jpg/600x600bb.jpg,"Mann Ati Sundar","Salmali Sukhtankar","",,"Vocal, Female",0,2026-02-14T08:06:04.375708+00:00
e7363f58-94b0-48b0-bca7-ec0a3ffe8512,"Rekka Rekka (From ""Bison Kaalamaadan"")",https://res.cloudinary.com/drvs4msnn/video/upload/v1764790073/hsja3k3puqijkwjs54tp.mp3,https://image.tmdb.org/t/p/w500/5IPFJ2XFbYjdIw4912ZufCMolX.jpg,"Bison Kaalamaadan","Nivas K Prasanna, Arivu, Vedan & Mari Selvaraj","",,"Motivational, Dialogue, Male",2,2025-12-03T19:27:54.647837+00:00
e76ac3ed-bb85-43db-97b8-9ac9b8b1338b,"Ethical Spy",https://dfcvrisaejumfpjmalui.supabase.co/storage/v1/object/public/ringtone-files/ethical-spy-mask-vocal-1771064770665.mp3,https://image.tmdb.org/t/p/w342/uD7Wa0NdX87CpgMEaWYAlD87Aqw.jpg,"Mask","G. V. Prakash Kumar","G. V. Prakash Kumar",,"Vocal, Male",0,2026-02-14T10:26:16.232859+00:00
e80f947e-8708-403a-a9f3-41ab2f2fe79c,"Easwaramoorthi entry BGM",https://dfcvrisaejumfpjmalui.supabase.co/storage/v1/object/public/ringtone-files/easwaramoorthi-entry-bgm-taanakkaran-instrumental-1770984260115.mp3,https://image.tmdb.org/t/p/w342/mkRp4QOvwLw6jI50Wi9eZvOhtU7.jpg,"Taanakkaran","Ghibran","Ghibran",,"BGM, Instrumental, Guitar",0,2026-02-13T12:04:23.335849+00:00
e8b89f89-42a1-4ef3-92c0-42a58b325eed,"Hara hara",https://dfcvrisaejumfpjmalui.supabase.co/storage/v1/object/public/ringtone-files/hara-hara-siva-vocal-1770918675577.mp3,https://dfcvrisaejumfpjmalui.supabase.co/storage/v1/object/public/deities/auto_siva.png,"Siva","","",,"Devotional, Vocal, Male",0,2026-02-12T17:51:26.396102+00:00
e8c57f9c-c159-4112-a946-84fdd9578b74,"A Kiss Across Time",https://dfcvrisaejumfpjmalui.supabase.co/storage/v1/object/public/ringtone-files/a-kiss-across-time-kiss-instrumental-1771066848637.mp3,https://image.tmdb.org/t/p/w342/vp2mQynmTY0XTwOpoQnubtH9rDp.jpg,"Kiss","Jen Martin","Jen Martin",,"Instrumental, Flute, Violin",0,2026-02-14T11:00:52.850538+00:00
e8daeaf3-8297-4c20-baea-71d7ce4fa91f,"bigil bgm",https://dfcvrisaejumfpjmalui.supabase.co/storage/v1/object/public/ringtone-files/bigil-thalapathy-bigil-bigil-bgm-instrumental-1769340856869.mp3,https://image.tmdb.org/t/p/w342/s4Yi1RbMyyN3hH2hElwvluP2rOG.jpg,"Bigil","Gaana Stephen","A.R. Rahman",,"BGM, Instrumental, Sad, Mass",0,2026-01-25T11:34:33.524644+00:00
e8df443e-b807-4902-b8d4-87e37cc03672,"The nights ",https://dfcvrisaejumfpjmalui.supabase.co/storage/v1/object/public/ringtone-files/the-nights-the-nights-the-days-nights-vocal-1770824850472.mp3,https://is1-ssl.mzstatic.com/image/thumb/Music126/v4/35/4d/a0/354da058-972b-dcf9-feec-609895ba8cb2/14UMGIM56567.rgb.jpg/600x600bb.jpg,"The Days / Nights","Avicii","Avicii",,"Love, Vocal, Male",0,2026-02-11T15:47:46.306959+00:00
e8eb86ef-4065-4132-9360-47df0cc3691d,"naakumuka - Kadhalil Vizhunthen - Fom Vol 3",https://dfcvrisaejumfpjmalui.supabase.co/storage/v1/object/public/ringtone-files/naakumuka-kadhalil-vizhunthen-fom-vol-3-kadhalil-vizhunthen-vocal-1770827085501.mp3,https://image.tmdb.org/t/p/w342/t0YVVam2bmaTbez1pGOmIKWopXH.jpg,"Kadhalil Vizhunthen","Praveen Dharmalingam & Prajith Kumar","Vijay Antony",,"Mass, Vocal, Male",0,2026-02-11T16:39:23.141892+00:00
e917a204-b1fc-46c9-9a8a-8c957e214cc0,"Ghar Kab Aaoge - Diljit Dosanjh - Border 2",https://dfcvrisaejumfpjmalui.supabase.co/storage/v1/object/public/ringtone-files/border-ke-usse-bhi-pyari-mujhe-ye-dharti-maa-ghar-kab-aaoge-diljit-dosanjh-border-2-1769415249804.mp3,https://image.tmdb.org/t/p/w342/k4csqmc1Xy6akQKUQubXxrpoQj3.jpg,"Border","","",,"",0,2026-01-26T08:14:11.769102+00:00
e98a311d-9469-42a4-bd25-9290548794e0,"Peekachu",https://dfcvrisaejumfpjmalui.supabase.co/storage/v1/object/public/ringtone-files/peekachu-peekachu-peekachu-vocal-1771041925511.mp3,https://is1-ssl.mzstatic.com/image/thumb/Music123/v4/30/96/e0/3096e0f2-f4aa-ebf2-0be7-21ab65325ec1/886447658819.jpg/600x600bb.jpg,"Peekachu","Arsh, Vallavan","Arsh",,"Vocal, Male",0,2026-02-14T04:05:30.174662+00:00
e9aea81f-29ed-4a7e-ba16-42f297f87935,"Enadhuyire - Enadhuyire Flute ",https://dfcvrisaejumfpjmalui.supabase.co/storage/v1/object/public/ringtone-files/bheema-enadhuyire-enadhuyire-flute-1765418634312.mp3,https://image.tmdb.org/t/p/w500/p5Kl5NqdNL6DeRcUbVo9OV5R47l.jpg,"Bheema","Nikhil Mathew, Chinmayi Sripada & Sadhana Sargam","Harris Jayaraj",,"Mass, Flute, Instrumental, Love",17,2025-12-11T02:04:00.875967+00:00
e9b21e8a-8ff7-4d23-9bbc-2872cb7d6a16,"Kaali Maa",https://dfcvrisaejumfpjmalui.supabase.co/storage/v1/object/public/ringtone-files/kaali-maa-kaali-maa-salaar-part-1-ceasefire-vocal-1771174546161.mp3,https://image.tmdb.org/t/p/w342/nlu9WbcetNFRGXXPWITr30ob7W6.jpg,"Salaar: Part 1 - Ceasefire","Riya Mukherjee, Ravi Basrur, Shashika Mooruth","Ravi Basrur",,"Vocal, Female",0,2026-02-15T16:55:54.831656+00:00
e9eb4ddc-bfad-4ba0-83fe-dc9425bf965d,"Kahani",https://dfcvrisaejumfpjmalui.supabase.co/storage/v1/object/public/ringtone-files/kahani-kahani-laal-singh-chaddha-vocal-1771183298947.mp3,https://image.tmdb.org/t/p/w342/g5rNmcznZX0UPm8CGjfk7kHcAbq.jpg,"Laal Singh Chaddha","Pritam, Mohan Kannan & Amitabh Bhattacharya","Pritam Chakraborty",,"Vocal, Male",0,2026-02-15T19:21:45.410797+00:00
e9fb4f1a-7f0f-4c96-91ee-3b05fde848b6,"theri kalyanam aagiduchaa bgm",https://dfcvrisaejumfpjmalui.supabase.co/storage/v1/object/public/ringtone-files/theri-kalyanam-aidicha-theri-kalyanam-aagiduchaa-bgm-instrumental-1769342868654.mp3,https://image.tmdb.org/t/p/w342/f6BhexotEqO3GejXa3FopBNGL6M.jpg,"Theri","G.V. Prakash Kumar","G. V. Prakash Kumar",,"BGM, Instrumental, Love",1,2026-01-25T12:08:04.809013+00:00
ea108bd7-0556-4b4d-a5b0-3b1f5a591fa9,"Achamillai",https://dfcvrisaejumfpjmalui.supabase.co/storage/v1/object/public/ringtone-files/achamillai-bhoomi-vocal-1770901363444.mp3,https://image.tmdb.org/t/p/w342/zVh5RNjIcM3Wggp0Be3fGdLxz75.jpg,"Bhoomi","Jigar Saraiya","Jigar Saraiya, Sachin Sanghvi, Ismail Darbar",,"Mass, Vocal, Male",0,2026-02-12T13:05:36.523417+00:00
ea585052-b9da-4dc7-94db-75679abcecf1,"Kaadhal Raagam - Kannala Kannala The Melting Point of Love",https://dfcvrisaejumfpjmalui.supabase.co/storage/v1/object/public/ringtone-files/kaadhal-raagam-kannala-kannala-the-melting-point-of-love-thani-oruvan-vocal-1770828500563.mp3,https://image.tmdb.org/t/p/w342/90ZpZw1qZlt0RUVByJATFVUEeEm.jpg,"Thani Oruvan","Hiphop Tamizha, Kaushik Krish & Padmalatha","HipHop Tamizha Adhi, HipHop Tamizha Jeeva",,"Love, Vocal, Duet",1,2026-02-11T17:02:54.912276+00:00
ea76f7d9-f5dd-4dd9-9814-037eac17e72b,"Aami Jaani Re",https://dfcvrisaejumfpjmalui.supabase.co/storage/v1/object/public/ringtone-files/aami-jaani-re-aami-jaani-re-mrs-chatterjee-vs-norway-vocal-1771173668893.mp3,https://image.tmdb.org/t/p/w342/7hh1cvrrryYd3IHQFX8HnslWOkZ.jpg,"Mrs. Chatterjee Vs Norway","Madhubanti Bagchi","Hitesh Sonik",,"Vocal, Male",0,2026-02-15T16:41:13.906598+00:00
eae6d623-f723-4e6a-a209-02635f72a0e8,"Appo Ippo """,https://dfcvrisaejumfpjmalui.supabase.co/storage/v1/object/public/ringtone-files/appo-ippo-appo-ippo-ipl-vocal-1771064424192.mp3,https://image.tmdb.org/t/p/w342/vXNuxvpzCkw22wnO9Uvjn7KmV1I.jpg,"IPL","Ashwin Vinayagamoorthy ","Ashwin Vinayagamoorthy",,"Vocal, Male",0,2026-02-14T10:20:28.248978+00:00
eb010149-7a69-4564-a714-0de3e68001ce,"Khamakha",https://dfcvrisaejumfpjmalui.supabase.co/storage/v1/object/public/ringtone-files/khamakha-khamakha-kaun-pravin-tambe-vocal-1771181929650.mp3,https://is1-ssl.mzstatic.com/image/thumb/Music122/v4/68/57/a9/6857a93e-afa9-df1f-e48c-f225dcdb6e18/196589051912.jpg/600x600bb.jpg,"Kaun Pravin Tambe","Anurag Saikia, Vivek Hariharan, Shakeel Azmi","",,"Vocal, Male",0,2026-02-15T18:58:54.58842+00:00
eb0b0231-a4a3-4888-98a6-cd6f059e003a,"Ik Vaari Aa-Nadaan Parindey-Tum Ho Toh",https://dfcvrisaejumfpjmalui.supabase.co/storage/v1/object/public/ringtone-files/ik-vaari-aa-nadaan-parindey-tum-ho-toh-ik-vaari-aa-nadaan-parindey-tum-ho-toh-ik-vaari-aa-nadaan-parindey-tum-ho-toh-vocal-1771335564495.mp3,https://is1-ssl.mzstatic.com/image/thumb/Music125/v4/5e/67/fb/5e67fb8b-91b5-98e0-3998-854d039370d9/8903431715616_cover.jpg/600x600bb.jpg,"Ik Vaari Aa-Nadaan Parindey-Tum Ho Toh","Shirley Setia, Jubin Nautiyal, Abhijit Vaghani","",,"Love, Vocal, Female",0,2026-02-17T13:39:29.668216+00:00
eb90a078-8c46-46eb-948b-1bf53da801a9,"Come and get your love",https://dfcvrisaejumfpjmalui.supabase.co/storage/v1/object/public/ringtone-files/come-and-get-your-love-come-and-get-your-love-come-and-get-your-love-vocal-1770826927702.mp3,https://is1-ssl.mzstatic.com/image/thumb/Music125/v4/30/3c/aa/303caaab-ca00-00d5-38bc-566538727080/886446685496.jpg/600x600bb.jpg,"Come and Get Your Love","Redbone","Redbone",,"Love, Vocal, Male",0,2026-02-11T16:22:14.270926+00:00
ecaae905-5d74-4f76-9c3e-0c63551474d7,"Edhukku Pulla",https://dfcvrisaejumfpjmalui.supabase.co/storage/v1/object/public/ringtone-files/edhukku-pulla-edhukku-pulla-edhukku-pulla-vocal-1770956263217.mp3,https://is1-ssl.mzstatic.com/image/thumb/Music113/v4/ad/a7/5d/ada75db3-9f8b-e696-67c3-956b967f282b/886447882801.jpg/600x600bb.jpg,"Edhukku Pulla","Anthony Daasan","Anthony Daasan",,"Vocal, Male",0,2026-02-13T04:17:55.727126+00:00
ecab34b1-c913-48ff-a766-8d3b4bdcdfc7,"naan sirikka nee morachi - Sakkarakatti",https://dfcvrisaejumfpjmalui.supabase.co/storage/v1/object/public/ringtone-files/naan-sirikka-nee-morachi-sakkarakatti-meesaya-murukku-vocal-1770656420476.mp3,https://image.tmdb.org/t/p/w342/51YxNae9DC5BG39IgCjsKkTIOdV.jpg,"Meesaya Murukku","Hiphop Tamizha","HipHop Tamizha Jeeva, HipHop Tamizha Adhi",,"Love, Vocal, Male",0,2026-02-09T17:00:30.738355+00:00
ed244727-c57b-4d11-9ff3-fbd85f7b1ce7,"Thimirukaariye",https://dfcvrisaejumfpjmalui.supabase.co/storage/v1/object/public/ringtone-files/thimirukaariye-thimirukaariye-thimirukaariye-vocal-1770960406963.mp3,https://is1-ssl.mzstatic.com/image/thumb/Music221/v4/59/d8/d3/59d8d3fa-3c9d-2cc2-8017-886a3b1f88d6/cover.jpg/600x600bb.jpg,"Thimirukaariye","A.K. Sasidaran, Anthony Daasan","A.K. Sasidaran",,"Vocal, Male",0,2026-02-13T05:26:56.473703+00:00
ed91ee17-1e4a-4db3-8427-2b604e2c9145,"Mugam kaatu - Nee Kavithaigala [Piano Cover]",https://dfcvrisaejumfpjmalui.supabase.co/storage/v1/object/public/ringtone-files/mugam-kaatu-nee-kavithaigala-piano-cover-maragadha-naanayam-vocal-1771008143174.mp3,https://image.tmdb.org/t/p/w342/tJmCAonJK2nhnlnqzM0WXgjyiqz.jpg,"Maragadha Naanayam","SM Melodies","Dhibu Ninan Thomas",,"Love, Vocal, Male",0,2026-02-13T18:42:29.406689+00:00
edfb29be-6e26-4b59-9eb5-a1226dffc6b9,"Pogum Dhooram",https://dfcvrisaejumfpjmalui.supabase.co/storage/v1/object/public/ringtone-files/pogum-dhooram-pogum-dhooram-pogum-dhooram-vocal-1770975715373.mp3,https://is1-ssl.mzstatic.com/image/thumb/Music116/v4/07/f7/3e/07f73e46-e341-a63b-d2f9-2b8990b34ff4/720171999087.jpg/600x600bb.jpg,"Pogum Dhooram","Daniel","Daniel, Suriya",,"Vocal, Male",0,2026-02-13T09:42:00.024327+00:00
edfc86c3-6e89-458e-a61b-c4a469b67e6d,"Say yes to heaven ",https://dfcvrisaejumfpjmalui.supabase.co/storage/v1/object/public/ringtone-files/say-yes-to-heaven-say-yes-to-heaven-say-yes-to-heaven-bgm-instrumental-1770571955856.mp3,https://is1-ssl.mzstatic.com/image/thumb/Music126/v4/b2/20/8e/b2208e82-df49-5897-139d-39f4cdbc91a9/23UMGIM48049.rgb.jpg/600x600bb.jpg,"Say Yes To Heaven","Lana Del Rey","Lana Del Rey",,"BGM, Instrumental, Guitar",0,2026-02-08T17:32:41.937276+00:00
ee38f054-de6a-4e19-b5b4-e7d33caa46a6,"Treat you better ",https://dfcvrisaejumfpjmalui.supabase.co/storage/v1/object/public/ringtone-files/treat-you-better-treat-you-better-illuminate-vocal-1770827775951.mp3,https://is1-ssl.mzstatic.com/image/thumb/Music124/v4/dd/bb/b7/ddbbb775-836a-f7da-f89a-f33029f6ef4a/16UMGIM51585.rgb.jpg/600x600bb.jpg,"Illuminate","Shawn Mendes","Shawn Mendes",,"Love, Vocal, Male",0,2026-02-11T16:36:22.445182+00:00
ee61b2f4-bf00-4c24-a510-057429373204,"Mask off - Mask Off Marshmello Remix",https://dfcvrisaejumfpjmalui.supabase.co/storage/v1/object/public/ringtone-files/mask-off-mask-off-marshmello-remix-mask-off-marshmello-remix-vocal-1770826333247.mp3,https://is1-ssl.mzstatic.com/image/thumb/Music127/v4/f9/10/59/f9105950-7370-e2ac-20b5-f82b9ccdc593/886446559476.jpg/600x600bb.jpg,"Mask Off Marshmello Remix","Future","Future",,"Love, Vocal, Male",0,2026-02-11T16:12:17.727101+00:00
eecc676e-afc6-415d-96d0-a2fb7adfa2ea,"Moonu peium - Party with the Pei",https://dfcvrisaejumfpjmalui.supabase.co/storage/v1/object/public/ringtone-files/moonu-peium-party-with-the-pei-aranmanai-2-vocal-1770879152177.mp3,https://image.tmdb.org/t/p/w342/msZvK0AQ2NsZrz4NF0NXDj9Mfyh.jpg,"Aranmanai 2","Kharesma Ravichandran & Hiphop Tamizha","HipHop Tamizha Adhi, HipHop Tamizha Jeeva",,"Mass, Vocal, Male",0,2026-02-12T06:52:34.862715+00:00
eeeda139-c675-4680-a4d8-11c58cd04163,"Keerthi hair wash",https://dfcvrisaejumfpjmalui.supabase.co/storage/v1/object/public/ringtone-files/keerthi-hair-wash-gatta-kusthi-instrumental-1771010071207.mp3,https://image.tmdb.org/t/p/w342/gkKA5pR0Nm0xoqnbfGds7sPdQ4X.jpg,"Gatta Kusthi","","Justin Prabhakaran",,"Funny, Instrumental, Violin, Keyboard",0,2026-02-13T19:14:37.220719+00:00
ef2d95d7-ad49-448f-9c28-441d4350423a,"espresso",https://dfcvrisaejumfpjmalui.supabase.co/storage/v1/object/public/ringtone-files/espresso-espresso-short-n-sweet-vocal-1770874253612.mp3,https://is1-ssl.mzstatic.com/image/thumb/Music221/v4/a1/1c/ca/a11ccab6-7d4c-e041-d028-998bcebeb709/24UMGIM61704.rgb.jpg/600x600bb.jpg,"Short n' Sweet","Sabrina Carpenter","Sabrina Carpenter",,"Mass, Vocal, Female",0,2026-02-12T05:33:46.842846+00:00
ef32d5d3-cd40-445a-9b58-bccb68fd3034,"Thallu Thallu",https://dfcvrisaejumfpjmalui.supabase.co/storage/v1/object/public/ringtone-files/thallu-thallu-thallu-thallu-thallu-thallu-vocal-1771012658798.mp3,https://is1-ssl.mzstatic.com/image/thumb/Music221/v4/78/e5/10/78e510a7-6c0b-0b03-e6a6-ec2da5061626/199066781210.jpg/600x600bb.jpg,"Thallu Thallu","Nash-te Naaku, Ajmal Khan","Ajmal Khan",,"Vocal, Male",0,2026-02-13T19:57:45.103599+00:00
ef4ed665-cc79-4535-a457-fec5db9fa44b,"Paal Mazhai",https://dfcvrisaejumfpjmalui.supabase.co/storage/v1/object/public/ringtone-files/paal-mazhai-paal-mazhai-paal-mazhai-vocal-1771013553421.mp3,https://is1-ssl.mzstatic.com/image/thumb/Music221/v4/5d/da/5e/5dda5e97-e5c4-3007-eb7f-8c3bd2660e2d/25UMGIM33420.rgb.jpg/600x600bb.jpg,"Paal Mazhai","Sathyaprakash","Sathyaprakash",,"Vocal, Male",0,2026-02-13T20:12:37.214379+00:00
ef888f6e-aad1-4274-81b2-2db7f09d1fda,"Mann Hawa",https://dfcvrisaejumfpjmalui.supabase.co/storage/v1/object/public/ringtone-files/mann-hawa-mann-hawa-mann-hawa-vocal-1771016331145.mp3,https://is1-ssl.mzstatic.com/image/thumb/Music211/v4/73/83/df/7383df94-2a52-3283-3d0e-0010b3a48256/8903431180889_cover.jpg/600x600bb.jpg,"Mann Hawa","Mohit Chauhan, Parampara Tandon","Rochak Kohli",,"Love, Vocal, Duet",0,2026-02-13T20:58:54.803303+00:00
ef948ea5-7c9c-4265-8597-a39e06f72151,"Devathai Vaalvathu",https://dfcvrisaejumfpjmalui.supabase.co/storage/v1/object/public/ringtone-files/devathai-vaalvathu-yaaradi-nee-mohini-vocal-1770897931834.mp3,https://image.tmdb.org/t/p/w342/cUxzchnYYoeFJy7s4sD9bRdIGwx.jpg,"Yaaradi Nee Mohini","Yuvan","Yuvan Shankar Raja",,"Sad, Vocal, Male",4,2026-02-12T12:08:23.249715+00:00
f0254d3e-638f-4110-9047-a420df92da7b,"Ek Do Teen",https://dfcvrisaejumfpjmalui.supabase.co/storage/v1/object/public/ringtone-files/ek-do-teen-ek-do-teen-anjaan-bgm-instrumental-1770826277699.mp3,https://image.tmdb.org/t/p/w342/b3PM4bEQ1txDR30D2K79gGwvRIJ.jpg,"Anjaan","Yuvan Shankar Raja, Suriya & Andrea Jeremiah","Yuvan Shankar Raja",,"BGM, Instrumental, Keyboard",0,2026-02-11T16:25:55.075508+00:00
f02c3300-f1da-4886-aaa2-ba785fc84994,"F1 - Bas as I used to be",https://dfcvrisaejumfpjmalui.supabase.co/storage/v1/object/public/ringtone-files/f1-bas-as-i-used-to-be-f1-instrumental-1770485934582.mp3,https://images.unsplash.com/photo-1574267432644-f610a5e0d4c5?w=600,"F1","Hans zimmer ","",,"Instrumental, Mass, Guitar",0,2026-02-07T17:39:07.275598+00:00
f0abee3b-1afa-4751-85b0-c18db5bae7b8,"Anbin Pizhai",https://dfcvrisaejumfpjmalui.supabase.co/storage/v1/object/public/ringtone-files/anbin-pizhai-perusu-vocal-1771331990744.mp3,https://image.tmdb.org/t/p/w342/avD34sOjy6KbU1w6Xy9LhHYg60c.jpg,"Perusu","Arun Raj","Sundaramurthy K. S., Arun Raj",,"Vocal, Male",0,2026-02-17T12:39:54.608641+00:00
f0cb9a3e-d147-42d8-b978-1189160d82e0,"Bones",https://dfcvrisaejumfpjmalui.supabase.co/storage/v1/object/public/ringtone-files/bones-bones-bones-instrumental-1770486663029.mp3,https://is1-ssl.mzstatic.com/image/thumb/Music116/v4/33/87/c8/3387c827-adaa-681d-bd10-ce7d8e888b9c/22UMGIM21054.rgb.jpg/600x600bb.jpg,"Bones","Imagine Dragons","Imagine Dragons",,"Mass, Instrumental, Guitar",0,2026-02-07T17:51:08.794762+00:00
f0e9e49b-70d7-44c9-99df-8c4c7af2b5ae,"Bheema love BGM",https://dfcvrisaejumfpjmalui.supabase.co/storage/v1/object/public/ringtone-files/bheema-love-bgm-bheema-1771005877551.mp3,https://image.tmdb.org/t/p/w342/p5Kl5NqdNL6DeRcUbVo9OV5R47l.jpg,"Bheema","","Harris Jayaraj",,"Love, BGM",0,2026-02-13T18:04:48.156098+00:00
f12171ca-b4b5-4e14-b2b1-65f0b4d198f2,"Meeting With Priya's Family",https://dfcvrisaejumfpjmalui.supabase.co/storage/v1/object/public/ringtone-files/meeting-with-priya-s-family-naan-1771420103206.mp3,https://image.tmdb.org/t/p/w342/aAh6G5KR3SsyvCQUML6bsLL9YqG.jpg,"Naan","","Vijay Antony",,"Mass, Intro",0,2026-02-18T13:11:23.769261+00:00
f1644bc4-bb24-4457-828a-18e8ec9f7a8b,"Iraivi",https://dfcvrisaejumfpjmalui.supabase.co/storage/v1/object/public/ringtone-files/iraivi-iraivi-iraivi-vocal-1770957828924.mp3,https://is1-ssl.mzstatic.com/image/thumb/Music49/v4/ae/7c/32/ae7c326b-f5f0-0b09-03da-a886a45963e7/886445836271.jpg/600x600bb.jpg,"Iraivi","Navya Umesh, Navneeth Sundar","Navneeth Sundar",,"Vocal, Female",0,2026-02-13T04:43:53.232291+00:00
f1db86e9-1a0b-4559-b49c-c73c8e9eac26,"SP kannabiran intro ",https://dfcvrisaejumfpjmalui.supabase.co/storage/v1/object/public/ringtone-files/sp-kannabiran-intro-karnan-1770972176206.mp3,https://image.tmdb.org/t/p/w342/z5SxDcVWa9nokynVqBHb2IKk78J.jpg,"Karnan","Santhosh Narayanan ","Santhosh Narayanan",,"Intro, Mass",0,2026-02-13T08:42:59.263229+00:00
f1f7710b-5eb7-48eb-9f75-5bd8aaa7e272,"Am I Dreaming - Am I dreaming by Metro boomin",https://dfcvrisaejumfpjmalui.supabase.co/storage/v1/object/public/ringtone-files/spider-man-across-the-spider-verse-am-i-dreaming-am-i-dreaming-by-metro-boomin-1765447659547.mp3,https://image.tmdb.org/t/p/w500/8Vt6mWEReuy4Of61Lnj5Xj704m8.jpg,"Spider-Man: Across the Spider-Verse","Metro Boomin, A$AP Rocky & Roisee","Daniel Pemberton",,"Love, Male, Female, Sad, Mass",7,2025-12-11T10:07:48.762808+00:00
f219c5d1-4d27-4f62-8f9a-55389e4bd125,"Manmadhan theme  - Manmadhan Theme Music",https://dfcvrisaejumfpjmalui.supabase.co/storage/v1/object/public/ringtone-files/manmadhan-theme-manmadhan-theme-music-manmadhan-instrumental-1771400794065.mp3,https://image.tmdb.org/t/p/w342/wI6xh3sukAIkZqsDR2PHUo9hOd7.jpg,"Manmadhan","Yuvan Shankar Raja","Yuvan Shankar Raja",,"Instrumental, Keyboard, Drums, Mass",0,2026-02-18T07:47:09.724277+00:00
f25977f6-61c2-4b1b-be1c-d7a578e7fab2,"Naan Raniye Rajavin",https://dfcvrisaejumfpjmalui.supabase.co/storage/v1/object/public/ringtone-files/naan-raniye-rajavin-aan-vocal-1770876939039.mp3,https://image.tmdb.org/t/p/w342/5eZzBvETRK8uDz3mUK0Feio2T5C.jpg,"Aan","Shamshad","N",,"Vocal, Female",0,2026-02-12T06:15:42.528246+00:00
f273ff52-13a7-421c-893b-8958d55c1e3d,"Muttaama Muttikkittu",https://dfcvrisaejumfpjmalui.supabase.co/storage/v1/object/public/ringtone-files/muttaama-muttikkittu-muttaama-muttikkittu-muttaama-muttikkittu-vocal-1771013163702.mp3,https://is1-ssl.mzstatic.com/image/thumb/Music211/v4/98/6c/de/986cde5b-d388-c7d2-5000-7d754c7b129f/24UMGIM42934.rgb.jpg/600x600bb.jpg,"Muttaama Muttikkittu","AniVee","AniVee",,"Vocal, Male",0,2026-02-13T20:06:27.280392+00:00
f280e234-782b-4fce-9926-f39b0ee5237a,"Thendral vandhu theenudum pothu",https://dfcvrisaejumfpjmalui.supabase.co/storage/v1/object/public/ringtone-files/thendral-vandhu-theenudum-pothu-96-vocal-1770844893266.mp3,https://image.tmdb.org/t/p/w342/nrVloCa2hCFOztRF1DZU2jnWIiQ.jpg,"96","","Govindh Vasantha",,"Vocal, Love, Female",0,2026-02-11T21:21:36.963009+00:00
f2d8e719-ceab-41af-bea7-38ebe0bad7b9,"Idi Mazhai",https://dfcvrisaejumfpjmalui.supabase.co/storage/v1/object/public/ringtone-files/idi-mazhai-idi-mazhai-3-bhk-vocal-1771068575311.mp3,https://is1-ssl.mzstatic.com/image/thumb/Music211/v4/42/a2/62/42a262a1-6ee5-6a11-248e-d3a9487f1fd8/cover.jpg/600x600bb.jpg,"3 BHK","Amrit Ramnath, Paal Dabba","",,"Vocal, Male",0,2026-02-14T11:29:39.171155+00:00
f41ff730-237e-4b0b-8dc6-5e1cf0a0ef62,"Farhana",https://dfcvrisaejumfpjmalui.supabase.co/storage/v1/object/public/ringtone-files/farhana-farhana-farhana-vocal-1771177797319.mp3,https://image.tmdb.org/t/p/w342/pLjgNPF9d78ifCuaY7zb9Xxd9oc.jpg,"Farhana","Justin Prabhakaran, Andrea Jeremiah & Uma Devi","Justin Prabhakaran",,"Vocal, Duet",0,2026-02-15T17:50:07.173092+00:00
f427e1d9-0b71-4431-8854-eb261b1133a3,"Macarena",https://dfcvrisaejumfpjmalui.supabase.co/storage/v1/object/public/ringtone-files/macarena-moonwalk-vocal-1771048309597.mp3,https://image.tmdb.org/t/p/w342/72UnYskIKh9LTVIIV9wmDjTsB6d.jpg,"Moonwalk","A.R.Rahman","Prashant Pillai",,"Mass, Vocal, Male",0,2026-02-14T05:51:52.533011+00:00
f45e32b6-9544-4b1a-ac7b-d3e9aa3ea752,"Aaya Ye Jhund Hai",https://dfcvrisaejumfpjmalui.supabase.co/storage/v1/object/public/ringtone-files/aaya-ye-jhund-hai-aaya-ye-jhund-hai-jhund-vocal-1771182329484.mp3,https://image.tmdb.org/t/p/w342/A5rzrjzdzEuPX7Gcc4KphutBejj.jpg,"Jhund","Atul Gogavale","Saket Kanetkar, Ajay Gogavale, Atul Gogavale",,"Vocal, Male",0,2026-02-15T19:05:35.336823+00:00
f46e0233-eace-4563-9722-011f11640c25,"Bareilly Ke Bazaar",https://dfcvrisaejumfpjmalui.supabase.co/storage/v1/object/public/ringtone-files/bareilly-ke-bazaar-bareilly-ke-bazaar-chatrapathi-vocal-1771178546071.mp3,https://image.tmdb.org/t/p/w342/1Z5CyVeEjVq8mMaJR2brNpgw7cX.jpg,"Chatrapathi","Tanishk Bagchi, Sunidhi Chauhan, Dev Negi & Mayur Puri","Tanishk Bagchi, Ravi Basrur",,"Vocal, Duet",0,2026-02-15T18:02:31.83127+00:00
f494a158-dae3-4547-a421-6a0acbfb00a8,"Kadhal Serkaadho",https://dfcvrisaejumfpjmalui.supabase.co/storage/v1/object/public/ringtone-files/kadhal-serkaadho-kadhal-serkaadho-kadhal-serkaadho-vocal-1770974039972.mp3,https://is1-ssl.mzstatic.com/image/thumb/Music211/v4/87/b5/36/87b536f7-8312-b856-0991-081cee3490d4/198704204708_Cover.jpg/600x600bb.jpg,"Kadhal Serkaadho","Sam Vishal","Sam Vishal",,"Love, Vocal, Male",0,2026-02-13T09:14:04.429293+00:00
f49df109-276a-40a3-8701-2554fddce502,"Awaara Dogs",https://dfcvrisaejumfpjmalui.supabase.co/storage/v1/object/public/ringtone-files/awaara-dogs-awaara-dogs-kuttey-vocal-1771176621569.mp3,https://image.tmdb.org/t/p/w342/bwJHR0qzAvJLKy7EioiSRu0QivY.jpg,"Kuttey","Vishal Bhardwaj, Gulzar, Vishal Dadlani","Vishal Bhardwaj",,"Vocal, Male",0,2026-02-15T17:30:27.977053+00:00
f5228d65-54dc-40d2-9412-4fb71b596e38,"vidamuyarchi bgm",https://dfcvrisaejumfpjmalui.supabase.co/storage/v1/object/public/ringtone-files/vidaamuyarchi-pathikichu-vidamuyarchi-bgm-instrumental-1769343845839.mp3,https://image.tmdb.org/t/p/w342/yx7AYFLoupzBfdfEAlDFuOiei2A.jpg,"Vidaamuyarchi","Anirudh Ravichander, Yogisekar & Amogh Balaji","Anirudh Ravichander",,"BGM, Instrumental",2,2026-01-25T12:24:22.5099+00:00
f52f6f03-191e-4256-919a-f4878191a3d7,"Chechi",https://dfcvrisaejumfpjmalui.supabase.co/storage/v1/object/public/ringtone-files/chechi-chechi-chechi-vocal-1770960489406.mp3,https://is1-ssl.mzstatic.com/image/thumb/Music211/v4/53/17/45/53174502-9582-49c3-2275-95745e42bf42/24UMGIM86107.rgb.jpg/600x600bb.jpg,"Chechi","Marshall","Marshall",,"Vocal, Male",0,2026-02-13T05:28:17.98925+00:00
f579c4cf-284e-40bf-b678-4e138a1ba08b,"Mohabbat ",https://dfcvrisaejumfpjmalui.supabase.co/storage/v1/object/public/ringtone-files/mohabbat-mohabbatein-1769602708742.mp3,https://image.tmdb.org/t/p/w342/dDsYaBazrYKg9bv8qgsEohZQMat.jpg,"Mohabbatein","Sonu nigam","Babloo Chakravorty, Jatin Pandit, Lalit Pandit",,"Love, Lo-fi",0,2026-01-28T12:18:41.112966+00:00
f5eba936-732a-4eb8-ab5a-49f7d3868e7c,"Akelo Chal Padiyo",https://dfcvrisaejumfpjmalui.supabase.co/storage/v1/object/public/ringtone-files/akelo-chal-padiyo-akelo-chal-padiyo-omg-2-vocal-1771177341873.mp3,https://image.tmdb.org/t/p/w342/kApiO3oL6t100aCtkcwEhk2kqgK.jpg,"OMG 2","Shradha Mishra","Sandesh Shandilya, Hansraj Raghuvanshi, Vikram Montrose, Aarush Arora, Mangesh Dhakade",,"Vocal, Female",0,2026-02-15T17:42:27.144644+00:00
f63d9109-3959-474d-b541-8b622a6bc171,"Upbeat Pop Fun Happy Commercial Music",https://dfcvrisaejumfpjmalui.supabase.co/storage/v1/object/public/ringtone-files/upbeat-pop-fun-happy-commercial-music-upbeat-pop-fun-happy-commercial-music-upbeat-pop-fun-happy-commercial-music-instrumental-1771399954920.mp3,https://is1-ssl.mzstatic.com/image/thumb/Music125/v4/1b/5b/e5/1b5be5d1-1dbf-0188-3685-58b10290bc28/20UMGIM99589.rgb.jpg/600x600bb.jpg,"Upbeat Pop Fun Happy Commercial Music","","",,"Funny, Instrumental, Guitar, Drums, Keyboard, Piano",0,2026-02-18T07:32:39.436826+00:00
f674dc20-cb23-4409-be8d-e67a4ec8c8ba,"Pudhu Pudhu",https://dfcvrisaejumfpjmalui.supabase.co/storage/v1/object/public/ringtone-files/pudhu-pudhu-pudhu-pudhu-dhaam-dhoom-vocal-1770877355771.mp3,https://image.tmdb.org/t/p/w342/xmuDcgC97Tf3P1XxHMHRPC2JO8A.jpg,"Dhaam Dhoom","Harris Jayaraj, Benny Dayal, Suchitra & Mizta G (Guna)","Harris Jayaraj",,"Love, Vocal, Duet",1,2026-02-12T06:22:39.082092+00:00
f6a6ddc7-cddc-4aa6-bb25-b58be4329cb9,"Mutta kalaki",https://dfcvrisaejumfpjmalui.supabase.co/storage/v1/object/public/ringtone-files/mutta-kalaki-youth-vocal-1770834145128.mp3,https://image.tmdb.org/t/p/w342/ceRN51oeadmccAvqvDxpnnNRcLU.jpg,"Youth","Ken Karunaas, G. V. Prakash","David Lang",,"Love, Vocal, Male",0,2026-02-11T18:36:59.590981+00:00
f6c9e7d5-ae7b-4624-ba04-022a7f764570,"theri mass bgm",https://dfcvrisaejumfpjmalui.supabase.co/storage/v1/object/public/ringtone-files/theri-theri-bgm-theri-mass-bgm-instrumental-1769343141863.mp3,https://image.tmdb.org/t/p/w342/f6BhexotEqO3GejXa3FopBNGL6M.jpg,"Theri","The Half Note","G. V. Prakash Kumar",,"BGM, Instrumental, Mass",3,2026-01-25T12:12:38.464022+00:00
f74e59d3-9e7c-4fbc-9727-d45fd8adfd9a,"Brother and sister ",https://dfcvrisaejumfpjmalui.supabase.co/storage/v1/object/public/ringtone-files/brother-and-sister-thirupaachi-1770986483084.mp3,https://image.tmdb.org/t/p/w342/2DLhmWDkJiAMKS2VDtjNVrYXm2F.jpg,"Thirupaachi","Dhina","Dhina",,"Love, Chorus",0,2026-02-13T12:41:26.100407+00:00
f78417bf-09a2-4ecc-9762-f23c8f97666c,"Dei",https://dfcvrisaejumfpjmalui.supabase.co/storage/v1/object/public/ringtone-files/dei-dei-dei-vocal-1770887895113.mp3,https://is1-ssl.mzstatic.com/image/thumb/Music211/v4/c5/11/b0/c511b038-3c25-da6a-b734-cbbcc55e1d59/cover.jpg/600x600bb.jpg,"Dei","Inbaraj Rajendran, Anugraha Raphy","Inbaraj Rajendran",,"Vocal, Female",0,2026-02-12T09:18:18.744952+00:00
f86c008c-057b-4129-b079-a20be5768035,"Chhod Gayi Tu Mujhe Apna Bana Ke",https://dfcvrisaejumfpjmalui.supabase.co/storage/v1/object/public/ringtone-files/chhod-gayi-tu-mujhe-apna-bana-ke-chhod-gayi-tu-mujhe-apna-bana-ke-chhod-gayi-tu-mujhe-apna-bana-ke-vocal-1771059950770.mp3,https://is1-ssl.mzstatic.com/image/thumb/Music221/v4/17/32/a6/1732a6b6-6720-ab63-a308-f3a3a67d088d/199538823400.jpg/600x600bb.jpg,"Chhod Gayi Tu Mujhe Apna Bana Ke","Shahid Ali Khan","",,"Vocal, Male",0,2026-02-14T09:05:55.829774+00:00
f96bbd14-048b-4113-b82b-3d9c3d76ee00,"Jana Nayagan - bgm - first roar1 - BGM - Instrumental",https://dfcvrisaejumfpjmalui.supabase.co/storage/v1/object/public/ringtone-files/jana-nayagan-bgm-first-roar1-bgm-instrumental-1768137796261.mp3,/jt8pfSIdi47YpFMMWVRr8w5u2S0.jpg,"Jana Nayagan","","Anirudh Ravichander",,"Mass, BGM, Instrumental",2,2026-01-11T13:23:17.868064+00:00
f980fd98-cf38-461f-a35c-35932de564f3,"Iphone - Hosanna",https://dfcvrisaejumfpjmalui.supabase.co/storage/v1/object/public/ringtone-files/iphone-hosanna-vinnaithaandi-varuvaayaa-instrumental-1770845874894.mp3,https://image.tmdb.org/t/p/w342/icWUNL2GxDgWmI5PQN2RYA2CEbv.jpg,"Vinnaithaandi Varuvaayaa","A.R. Rahman, Vijay Prakash, Blaaze & Suzanne D'Mello","A.R. Rahman",,"Instrumental, Keyboard, Love",0,2026-02-11T21:37:57.482929+00:00
fa130172-1ac7-4c92-b544-c6142b5b1565,"Kadhalenum thervezhuthi - Kadalenum",https://dfcvrisaejumfpjmalui.supabase.co/storage/v1/object/public/ringtone-files/kadhalenum-thervezhuthi-kadalenum-kadhalar-dhinam-instrumental-1770658642978.mp3,https://image.tmdb.org/t/p/w342/uGSrQnlrC90sfOnZ7SM3B0yiu3b.jpg,"Kadhalar Dhinam","S.P. Balasubrahmanyam & Swarnalatha","A.R. Rahman",,"Love, Instrumental, Flute",4,2026-02-09T17:37:28.914637+00:00
fa2ffc5d-cb05-4c8c-95c0-046878f2a810,"Vadachennai bgm",https://dfcvrisaejumfpjmalui.supabase.co/storage/v1/object/public/ringtone-files/vadachennai-bgm-vada-chennai-instrumental-1770888147798.mp3,https://image.tmdb.org/t/p/w342/4Pa7SriYtq4BdoS2BAPm6w66vLi.jpg,"Vada Chennai","Santhosh Narayanan ","Santhosh Narayanan",,"BGM, Instrumental, Violin, Love",0,2026-02-12T09:22:32.453581+00:00
fa4ff5cd-1e53-44de-a1d0-2a80c9c7a0be,"Positions",https://dfcvrisaejumfpjmalui.supabase.co/storage/v1/object/public/ringtone-files/positions-positions-positions-vocal-1770866373961.mp3,https://is1-ssl.mzstatic.com/image/thumb/Music125/v4/a8/8e/f9/a88ef97a-74c3-bedf-0574-ea0b83b40a38/20UMGIM94965.rgb.jpg/600x600bb.jpg,"Positions","Ariana Grande","Ariana Grande",,"Funny, Vocal, Female",0,2026-02-12T03:20:08.658615+00:00
fa753272-9195-41d3-ae4f-d43183ec3284,"love bgm",https://dfcvrisaejumfpjmalui.supabase.co/storage/v1/object/public/ringtone-files/yeto-vellipoyindhi-manasu-love-bgm-instrumental-1769343466590.mp3,https://image.tmdb.org/t/p/w342/oIwMIEsRK4sisfoaSHCdATMjiVg.jpg,"Yeto Vellipoyindhi Manasu","","Ilaiyaraaja",,"Love, Instrumental, Keyboard, BGM",0,2026-01-25T12:17:48.531913+00:00
fad985f2-285f-4e17-af4c-4c7783d742ac,"Jodi Porutham",https://res.cloudinary.com/drvs4msnn/video/upload/v1764790656/d3ccanfvsqdcxdz4vumr.mp3,https://image.tmdb.org/t/p/w500/5eZzBvETRK8uDz3mUK0Feio2T5C.jpg,"Aan Paavam Pollathathu","Lakshmikanth M, Siddhu Kumar & Vignesh Ramakrishna","",,"Love, Male",1,2025-12-03T19:37:37.320028+00:00
fae663ad-6ab6-407d-9030-3a6a76cc853c,"Aazhi",https://dfcvrisaejumfpjmalui.supabase.co/storage/v1/object/public/ringtone-files/aazhi-aazhi-niram-marum-ulagil-vocal-1771333044506.mp3,https://image.tmdb.org/t/p/w342/tHqFFb4StFElstLxnjN0OT7st3A.jpg,"Niram Marum Ulagil","Dev Prakash Regan, Shakthisree Gopalan & Acksharah Balakrishnan","Dev Prakash Regan",,"Vocal, Male",2,2026-02-17T12:57:29.853136+00:00
fb1a639e-81bd-4b3c-9935-aa0257fc9f13,"Yetho Yetho",https://dfcvrisaejumfpjmalui.supabase.co/storage/v1/object/public/ringtone-files/yetho-yetho-yetho-yetho-gandhi-talks-vocal-1770834522918.mp3,https://image.tmdb.org/t/p/w342/p4iQT3s97T3gQOLhTj0UplzYMOj.jpg,"Gandhi Talks","Amina Rafiq, Shridhar Ramesh, A.R. Rahman & Pa. Vijay","A.R. Rahman",,"Love, Vocal, Duet",0,2026-02-11T18:43:17.594666+00:00
fc9116df-2213-4cbe-832f-2a6a64a484fb,"Aajkal Yaaron Ka Na Karo Aitbar",https://dfcvrisaejumfpjmalui.supabase.co/storage/v1/object/public/ringtone-files/aajkal-yaaron-ka-na-karo-aitbar-aajkal-yaaron-ka-na-karo-aitbar-aajkal-yaaron-ka-na-karo-aitbar-vocal-1771058897076.mp3,https://is1-ssl.mzstatic.com/image/thumb/Music211/v4/f4/a7/62/f4a762bc-1c6d-302b-d6e2-2b11ff35b731/199538788082.jpg/600x600bb.jpg,"Aajkal Yaaron Ka Na Karo Aitbar","Shahid Ali Khan","",,"Vocal, Male",0,2026-02-14T08:48:21.866919+00:00
fcd73c1e-5818-4e40-a81f-3f57872e218c,"Oh Hoi",https://dfcvrisaejumfpjmalui.supabase.co/storage/v1/object/public/ringtone-files/oh-hoi-oh-hoi-oh-hoi-vocal-1770960701194.mp3,https://is1-ssl.mzstatic.com/image/thumb/Music211/v4/59/c5/c5/59c5c524-db2d-b324-e9fb-ac750519ea4d/24UMGIM54297.rgb.jpg/600x600bb.jpg,"Oh Hoi","Benny Dayal, Mullai Kalai Kuzhu, Arivu, Sean Roldan","Sean Roldan, Arivu",,"Vocal, Male",0,2026-02-13T05:31:45.31115+00:00
fce95176-423d-4bb0-ac1b-922683183735,"Oh Naadhaa - Ik Vaari Aa-Nadaan Parindey-Tum Ho Toh",https://dfcvrisaejumfpjmalui.supabase.co/storage/v1/object/public/ringtone-files/oh-naadhaa-ik-vaari-aa-nadaan-parindey-tum-ho-toh-t-series-mixtape-season-2-vocal-1771047311442.mp3,https://is1-ssl.mzstatic.com/image/thumb/Music125/v4/5e/67/fb/5e67fb8b-91b5-98e0-3998-854d039370d9/8903431715616_cover.jpg/600x600bb.jpg,"T-Series Mixtape Season 2","Shirley Setia, Jubin Nautiyal & Abhijit Vaghani","Shirley Setia, Jubin Nautiyal & Abhijit Vaghani",,"Love, Vocal, Male",0,2026-02-14T05:35:14.850592+00:00
fd31a749-f31b-4244-9cf8-2bc7dd436f21,"BGM - Flute instrumental",https://dfcvrisaejumfpjmalui.supabase.co/storage/v1/object/public/ringtone-files/madrasapattinam-bgm-flute-instrumental-1765571644823.mp3,https://image.tmdb.org/t/p/w500/vmF5Yb9ViIncinpj2wGCS8w6iti.jpg,"Madrasapattinam","","G. V. Prakash Kumar",,"Love, BGM, Instrumental, Flute",7,2025-12-12T20:34:07.419379+00:00
fdd7b012-85db-45bf-9a84-2a2c7ffb15f1," Aagasa Veeran",https://dfcvrisaejumfpjmalui.supabase.co/storage/v1/object/public/ringtone-files/aagasa-veeran-aagasa-veeran-thalaivan-thalaivii-vocal-1771068071529.mp3,https://image.tmdb.org/t/p/w342/jfN2iQLfhvziz9YlR9WbB4VVQvk.jpg,"Thalaivan Thalaivii","Pradeep Kumar & Dhee","Santhosh Narayanan",,"Vocal, Female",0,2026-02-14T11:21:17.485763+00:00
fe91b202-00dd-4d2c-b8a8-cca70c2556f4,"Purinjikittan - She is a Killer",https://dfcvrisaejumfpjmalui.supabase.co/storage/v1/object/public/ringtone-files/purinjikittan-she-is-a-killer-she-is-a-killer-vocal-1770956388521.mp3,https://is1-ssl.mzstatic.com/image/thumb/Music221/v4/f4/1b/9f/f41b9f25-297a-1d4b-1a6b-c496fe4fccc6/cover.jpg/600x600bb.jpg,"She is a Killer","Yuvan Shankar Raja","",,"Vocal, Male",0,2026-02-13T04:19:55.263397+00:00
feb17abc-e523-4765-a3ba-1192e0bb32ec,"jujubee vocal jailer",https://dfcvrisaejumfpjmalui.supabase.co/storage/v1/object/public/ringtone-files/jailer-jujubee-jujubee-vocal-jailer-1769342037095.mp3,https://image.tmdb.org/t/p/w342/pTmMxAHqX4vsIDE6HPPxOR0Q6TN.jpg,"Jailer","Anirudh Ravichander, Dhee & Super Subu","Anirudh Ravichander",,"",0,2026-01-25T11:54:12.944873+00:00
fee87704-d521-4e22-922f-0240119a1581,"Kunjithapatham",https://dfcvrisaejumfpjmalui.supabase.co/storage/v1/object/public/ringtone-files/kunjithapatham-ethir-neechal-instrumental-1770965610685.mp3,https://image.tmdb.org/t/p/w342/i8ZM9Z8EOFb6sQknTuhsvklDXe6.jpg,"Ethir Neechal","Anirudh ","Anirudh Ravichander",,"Funny, Instrumental, Guitar",0,2026-02-13T06:53:34.632368+00:00
fefb1a01-4d49-4c61-9335-0295e04cb270,"Yaar Dil Pe Waar Kare",https://dfcvrisaejumfpjmalui.supabase.co/storage/v1/object/public/ringtone-files/yaar-dil-pe-waar-kare-yaar-dil-pe-waar-kare-yaar-dil-pe-waar-kare-vocal-1771059221068.mp3,https://is1-ssl.mzstatic.com/image/thumb/Music221/v4/7a/76/10/7a76103f-2287-39e2-6b96-2c123fa57a0b/199538848366.jpg/600x600bb.jpg,"Yaar Dil Pe Waar Kare","Shahid Ali Khan","",,"Vocal, Male",0,2026-02-14T08:53:45.087971+00:00
ff1cc751-6cba-4a47-b6cb-153bc4b23230,"Bheeshma theme - Bheeshma Parvam Teaser Theme",https://dfcvrisaejumfpjmalui.supabase.co/storage/v1/object/public/ringtone-files/bheeshma-theme-bheeshma-parvam-teaser-theme-bheeshma-parvam-bgm-1771089671456.mp3,https://image.tmdb.org/t/p/w342/7vtSFcwagN0O5psdS69xPRaLYkS.jpg,"Bheeshma Parvam","Christo Xavier","Sushin Shyam",,"BGM, Intro",0,2026-02-14T17:21:16.226544+00:00